<?xml version="1.0" encoding="UTF-8"?><record_update table="oauth_entity_profile">
    <oauth_entity_profile action="DELETE">
        <default>true</default>
        <grant_type>authorization_code</grant_type>
        <jwt_provider/>
        <name>Smartsheet.OAuthProfile</name>
        <oauth_entity display_value="SmartSheet OAuth">790f5a6a87730510ab1d0e94dabb350d</oauth_entity>
        <sys_class_name>oauth_entity_profile</sys_class_name>
        <sys_created_by>akash.s</sys_created_by>
        <sys_created_on>2022-06-03 11:38:09</sys_created_on>
        <sys_id>750f9a6a87730510ab1d0e94dabb35eb</sys_id>
        <sys_mod_count>0</sys_mod_count>
        <sys_name>Smartsheet.OAuthProfile</sys_name>
        <sys_package display_value="Smartsheet Spoke" source="sn_smrtsheet_spoke">f719677374021010fa9bb5ebcba7e550</sys_package>
        <sys_policy/>
        <sys_scope display_value="Smartsheet Spoke">f719677374021010fa9bb5ebcba7e550</sys_scope>
        <sys_update_name>oauth_entity_profile_750f9a6a87730510ab1d0e94dabb35eb</sys_update_name>
        <sys_updated_by>akash.s</sys_updated_by>
        <sys_updated_on>2022-06-03 11:38:09</sys_updated_on>
    </oauth_entity_profile>
<sys_update_version action="INSERT_OR_UPDATE">
        <action>DELETE</action>
        <application display_value="Smartsheet Spoke">f719677374021010fa9bb5ebcba7e550</application>
        <file_path/>
        <instance_id>f5b4ce77db7b0d9407072f17d496190d</instance_id>
        <instance_name>ajaytokyo2</instance_name>
        <name>oauth_entity_profile_750f9a6a87730510ab1d0e94dabb35eb</name>
        <payload><![CDATA[<?xml version="1.0" encoding="UTF-8"?><record_update table="oauth_entity_profile">
    <oauth_entity_profile action="INSERT_OR_UPDATE">
        <default>true</default>
        <grant_type>authorization_code</grant_type>
        <jwt_provider/>
        <name>Smartsheet.OAuthProfile</name>
        <oauth_entity display_value="SmartSheet OAuth">790f5a6a87730510ab1d0e94dabb350d</oauth_entity>
        <sys_class_name>oauth_entity_profile</sys_class_name>
        <sys_created_by>akash.s</sys_created_by>
        <sys_created_on>2022-06-03 11:38:09</sys_created_on>
        <sys_id>750f9a6a87730510ab1d0e94dabb35eb</sys_id>
        <sys_mod_count>0</sys_mod_count>
        <sys_name>Smartsheet.OAuthProfile</sys_name>
        <sys_package display_value="Smartsheet Spoke" source="sn_smrtsheet_spoke">f719677374021010fa9bb5ebcba7e550</sys_package>
        <sys_policy/>
        <sys_scope display_value="Smartsheet Spoke">f719677374021010fa9bb5ebcba7e550</sys_scope>
        <sys_update_name>oauth_entity_profile_750f9a6a87730510ab1d0e94dabb35eb</sys_update_name>
        <sys_updated_by>akash.s</sys_updated_by>
        <sys_updated_on>2022-06-03 11:38:09</sys_updated_on>
    </oauth_entity_profile>
</record_update>]]></payload>
        <payload_hash>2119496468</payload_hash>
        <record_name>Smartsheet.OAuthProfile</record_name>
        <reverted_from/>
        <source>904e597247c41110395052a5d36d4305</source>
        <source_table>sys_upgrade_history</source_table>
        <state>previous</state>
        <sys_created_by>rahul.tadisetti@snc</sys_created_by>
        <sys_created_on>2022-06-16 11:49:28</sys_created_on>
        <sys_id>ea4ed97247c41110395052a5d36d43d7</sys_id>
        <sys_mod_count>0</sys_mod_count>
        <sys_recorded_at>1816c58ce2a0000001</sys_recorded_at>
        <sys_updated_by>rahul.tadisetti@snc</sys_updated_by>
        <sys_updated_on>2022-06-16 11:49:28</sys_updated_on>
        <type>OAuth Entity Profile</type>
        <update_guid>aa4ed9728cc411107bf05c803d1f23d7</update_guid>
        <update_guid_history>aa4ed9728cc411107bf05c803d1f23d7:2119496468</update_guid_history>
    </sys_update_version>
    <sys_metadata_delete action="INSERT_OR_UPDATE">
        <sys_audit_delete display_value="Smartsheet.OAuthProfile">3382ca7247881110395052a5d36d43a1</sys_audit_delete>
        <sys_class_name>sys_metadata_delete</sys_class_name>
        <sys_created_by>mayank.sharma</sys_created_by>
        <sys_created_on>2022-06-16 14:27:56</sys_created_on>
        <sys_db_object display_value="" name="oauth_entity_profile">oauth_entity_profile</sys_db_object>
        <sys_id>3e856e9d88e74160bffec48984c08840</sys_id>
        <sys_metadata>750f9a6a87730510ab1d0e94dabb35eb</sys_metadata>
        <sys_name>Smartsheet.OAuthProfile</sys_name>
        <sys_package display_value="Smartsheet Spoke" source="sn_smrtsheet_spoke">f719677374021010fa9bb5ebcba7e550</sys_package>
        <sys_parent/>
        <sys_policy/>
        <sys_scope display_value="Smartsheet Spoke">f719677374021010fa9bb5ebcba7e550</sys_scope>
        <sys_scope_delete display_value="">133f37b1d8bc4836887f20453fbd5cc9</sys_scope_delete>
        <sys_update_name>oauth_entity_profile_750f9a6a87730510ab1d0e94dabb35eb</sys_update_name>
        <sys_update_version display_value="oauth_entity_profile_750f9a6a87730510ab1d0e94dabb35eb">ea4ed97247c41110395052a5d36d43d7</sys_update_version>
    </sys_metadata_delete>
</record_update>
