<?xml version="1.0" encoding="UTF-8"?><record_update table="oauth_entity_scope">
    <oauth_entity_scope action="DELETE">
        <in_default_profile>false</in_default_profile>
        <name/>
        <oauth_entity display_value="SmartSheet OAuth.1">1a51eeea87730510ab1d0e94dabb3503</oauth_entity>
        <oauth_entity_scope/>
        <sys_class_name>oauth_entity_scope</sys_class_name>
        <sys_created_by>akash.s</sys_created_by>
        <sys_created_on>2022-06-03 11:48:17</sys_created_on>
        <sys_id>5251eeea87730510ab1d0e94dabb3504</sys_id>
        <sys_mod_count>0</sys_mod_count>
        <sys_name/>
        <sys_package display_value="Smartsheet Spoke" source="sn_smrtsheet_spoke">f719677374021010fa9bb5ebcba7e550</sys_package>
        <sys_policy/>
        <sys_scope display_value="Smartsheet Spoke">f719677374021010fa9bb5ebcba7e550</sys_scope>
        <sys_update_name>oauth_entity_scope_5251eeea87730510ab1d0e94dabb3504</sys_update_name>
        <sys_updated_by>akash.s</sys_updated_by>
        <sys_updated_on>2022-06-03 11:48:17</sys_updated_on>
    </oauth_entity_scope>
<sys_update_version action="INSERT_OR_UPDATE">
        <action>DELETE</action>
        <application display_value="Smartsheet Spoke">f719677374021010fa9bb5ebcba7e550</application>
        <file_path/>
        <instance_id>f5b4ce77db7b0d9407072f17d496190d</instance_id>
        <instance_name>ajaytokyo2</instance_name>
        <name>oauth_entity_scope_5251eeea87730510ab1d0e94dabb3504</name>
        <payload><![CDATA[<?xml version="1.0" encoding="UTF-8"?><record_update table="oauth_entity_scope">
    <oauth_entity_scope action="INSERT_OR_UPDATE">
        <in_default_profile>false</in_default_profile>
        <name/>
        <oauth_entity display_value="SmartSheet OAuth.1">1a51eeea87730510ab1d0e94dabb3503</oauth_entity>
        <oauth_entity_scope/>
        <sys_class_name>oauth_entity_scope</sys_class_name>
        <sys_created_by>akash.s</sys_created_by>
        <sys_created_on>2022-06-03 11:48:17</sys_created_on>
        <sys_id>5251eeea87730510ab1d0e94dabb3504</sys_id>
        <sys_mod_count>0</sys_mod_count>
        <sys_name/>
        <sys_package display_value="Smartsheet Spoke" source="sn_smrtsheet_spoke">f719677374021010fa9bb5ebcba7e550</sys_package>
        <sys_policy/>
        <sys_scope display_value="Smartsheet Spoke">f719677374021010fa9bb5ebcba7e550</sys_scope>
        <sys_update_name>oauth_entity_scope_5251eeea87730510ab1d0e94dabb3504</sys_update_name>
        <sys_updated_by>akash.s</sys_updated_by>
        <sys_updated_on>2022-06-03 11:48:17</sys_updated_on>
    </oauth_entity_scope>
</record_update>]]></payload>
        <payload_hash>422902891</payload_hash>
        <record_name/>
        <reverted_from/>
        <source>904e597247c41110395052a5d36d4305</source>
        <source_table>sys_upgrade_history</source_table>
        <state>previous</state>
        <sys_created_by>rahul.tadisetti@snc</sys_created_by>
        <sys_created_on>2022-06-16 11:49:28</sys_created_on>
        <sys_id>664ed97247c41110395052a5d36d43fa</sys_id>
        <sys_mod_count>0</sys_mod_count>
        <sys_recorded_at>1816c58d01c0000001</sys_recorded_at>
        <sys_updated_by>rahul.tadisetti@snc</sys_updated_by>
        <sys_updated_on>2022-06-16 11:49:28</sys_updated_on>
        <type>OAuth Entity Scope</type>
        <update_guid>264ed97267c411101881d2b8145229fa</update_guid>
        <update_guid_history>264ed97267c411101881d2b8145229fa:422902891</update_guid_history>
    </sys_update_version>
    <sys_metadata_delete action="INSERT_OR_UPDATE">
        <sys_audit_delete display_value="">3382ca7247881110395052a5d36d436c</sys_audit_delete>
        <sys_class_name>sys_metadata_delete</sys_class_name>
        <sys_created_by>mayank.sharma</sys_created_by>
        <sys_created_on>2022-06-16 14:27:56</sys_created_on>
        <sys_db_object display_value="" name="oauth_entity_scope">oauth_entity_scope</sys_db_object>
        <sys_id>00e02a3b636f47b28004b0d83419aa24</sys_id>
        <sys_metadata>5251eeea87730510ab1d0e94dabb3504</sys_metadata>
        <sys_name/>
        <sys_package display_value="Smartsheet Spoke" source="sn_smrtsheet_spoke">f719677374021010fa9bb5ebcba7e550</sys_package>
        <sys_parent/>
        <sys_policy/>
        <sys_scope display_value="Smartsheet Spoke">f719677374021010fa9bb5ebcba7e550</sys_scope>
        <sys_scope_delete display_value="">133f37b1d8bc4836887f20453fbd5cc9</sys_scope_delete>
        <sys_update_name>oauth_entity_scope_5251eeea87730510ab1d0e94dabb3504</sys_update_name>
        <sys_update_version display_value="oauth_entity_scope_5251eeea87730510ab1d0e94dabb3504">664ed97247c41110395052a5d36d43fa</sys_update_version>
    </sys_metadata_delete>
</record_update>
