<?xml version="1.0" encoding="UTF-8"?><record_update table="oauth_entity_scope">
    <oauth_entity_scope action="DELETE">
        <in_default_profile>true</in_default_profile>
        <name>READ_SHEETS DELETE_SHEETS CREATE_SHEETS WRITE_SHEETS SHARE_SHEETS ADMIN_SHEETS</name>
        <oauth_entity display_value="SmartSheet OAuth">790f5a6a87730510ab1d0e94dabb350d</oauth_entity>
        <oauth_entity_scope>READ_SHEETS DELETE_SHEETS CREATE_SHEETS WRITE_SHEETS SHARE_SHEETS ADMIN_SHEETS</oauth_entity_scope>
        <sys_class_name>oauth_entity_scope</sys_class_name>
        <sys_created_by>akash.s</sys_created_by>
        <sys_created_on>2022-06-03 11:38:09</sys_created_on>
        <sys_id>b50f9a6a87730510ab1d0e94dabb35e8</sys_id>
        <sys_mod_count>4</sys_mod_count>
        <sys_name>READ_SHEETS DELETE_SHEETS CREATE_SHEETS WRITE_SHEETS SHARE_SHEETS ADMIN_SHEETS</sys_name>
        <sys_package display_value="Smartsheet Spoke" source="sn_smrtsheet_spoke">f719677374021010fa9bb5ebcba7e550</sys_package>
        <sys_policy/>
        <sys_scope display_value="Smartsheet Spoke">f719677374021010fa9bb5ebcba7e550</sys_scope>
        <sys_update_name>oauth_entity_scope_b50f9a6a87730510ab1d0e94dabb35e8</sys_update_name>
        <sys_updated_by>akash.s</sys_updated_by>
        <sys_updated_on>2022-06-06 08:29:59</sys_updated_on>
    </oauth_entity_scope>
<sys_update_version action="INSERT_OR_UPDATE">
        <action>DELETE</action>
        <application display_value="Smartsheet Spoke">f719677374021010fa9bb5ebcba7e550</application>
        <file_path/>
        <instance_id>f5b4ce77db7b0d9407072f17d496190d</instance_id>
        <instance_name>ajaytokyo2</instance_name>
        <name>oauth_entity_scope_b50f9a6a87730510ab1d0e94dabb35e8</name>
        <payload><![CDATA[<?xml version="1.0" encoding="UTF-8"?><record_update table="oauth_entity_scope">
    <oauth_entity_scope action="INSERT_OR_UPDATE">
        <in_default_profile>true</in_default_profile>
        <name>READ_SHEETS DELETE_SHEETS CREATE_SHEETS WRITE_SHEETS SHARE_SHEETS ADMIN_SHEETS</name>
        <oauth_entity display_value="SmartSheet OAuth">790f5a6a87730510ab1d0e94dabb350d</oauth_entity>
        <oauth_entity_scope>READ_SHEETS DELETE_SHEETS CREATE_SHEETS WRITE_SHEETS SHARE_SHEETS ADMIN_SHEETS</oauth_entity_scope>
        <sys_class_name>oauth_entity_scope</sys_class_name>
        <sys_created_by>akash.s</sys_created_by>
        <sys_created_on>2022-06-03 11:38:09</sys_created_on>
        <sys_id>b50f9a6a87730510ab1d0e94dabb35e8</sys_id>
        <sys_mod_count>4</sys_mod_count>
        <sys_name>READ_SHEETS DELETE_SHEETS CREATE_SHEETS WRITE_SHEETS SHARE_SHEETS ADMIN_SHEETS</sys_name>
        <sys_package display_value="Smartsheet Spoke" source="sn_smrtsheet_spoke">f719677374021010fa9bb5ebcba7e550</sys_package>
        <sys_policy/>
        <sys_scope display_value="Smartsheet Spoke">f719677374021010fa9bb5ebcba7e550</sys_scope>
        <sys_update_name>oauth_entity_scope_b50f9a6a87730510ab1d0e94dabb35e8</sys_update_name>
        <sys_updated_by>akash.s</sys_updated_by>
        <sys_updated_on>2022-06-06 08:29:59</sys_updated_on>
    </oauth_entity_scope>
</record_update>]]></payload>
        <payload_hash>161924213</payload_hash>
        <record_name>READ_SHEETS DELETE_SHEETS CREATE_SHEETS WRITE_SHEETS SHARE_SHEETS ADMIN_SHEETS</record_name>
        <reverted_from/>
        <source>904e597247c41110395052a5d36d4305</source>
        <source_table>sys_upgrade_history</source_table>
        <state>previous</state>
        <sys_created_by>rahul.tadisetti@snc</sys_created_by>
        <sys_created_on>2022-06-16 11:49:28</sys_created_on>
        <sys_id>6e4e1d7247c41110395052a5d36d430a</sys_id>
        <sys_mod_count>0</sys_mod_count>
        <sys_recorded_at>1816c58d11b0000001</sys_recorded_at>
        <sys_updated_by>rahul.tadisetti@snc</sys_updated_by>
        <sys_updated_on>2022-06-16 11:49:28</sys_updated_on>
        <type>OAuth Entity Scope</type>
        <update_guid>2e4e1d7220c41110bc80033777e0b80a</update_guid>
        <update_guid_history>2e4e1d7220c41110bc80033777e0b80a:161924213</update_guid_history>
    </sys_update_version>
    <sys_metadata_delete action="INSERT_OR_UPDATE">
        <sys_audit_delete display_value="READ_SHEETS DELETE_SHEETS CREATE_SHEETS WRITE_SHEETS SHARE_SHEETS ADMIN_SHEETS">7782ca7247881110395052a5d36d439c</sys_audit_delete>
        <sys_class_name>sys_metadata_delete</sys_class_name>
        <sys_created_by>mayank.sharma</sys_created_by>
        <sys_created_on>2022-06-16 14:27:56</sys_created_on>
        <sys_db_object display_value="" name="oauth_entity_scope">oauth_entity_scope</sys_db_object>
        <sys_id>0431ff0f8a6746ad84ba82e38bba3c71</sys_id>
        <sys_metadata>b50f9a6a87730510ab1d0e94dabb35e8</sys_metadata>
        <sys_name>READ_SHEETS DELETE_SHEETS CREATE_SHEETS WRITE_SHEETS SHARE_SHEETS ADMIN_SHEETS</sys_name>
        <sys_package display_value="Smartsheet Spoke" source="sn_smrtsheet_spoke">f719677374021010fa9bb5ebcba7e550</sys_package>
        <sys_parent/>
        <sys_policy/>
        <sys_scope display_value="Smartsheet Spoke">f719677374021010fa9bb5ebcba7e550</sys_scope>
        <sys_scope_delete display_value="">133f37b1d8bc4836887f20453fbd5cc9</sys_scope_delete>
        <sys_update_name>oauth_entity_scope_b50f9a6a87730510ab1d0e94dabb35e8</sys_update_name>
        <sys_update_version display_value="oauth_entity_scope_b50f9a6a87730510ab1d0e94dabb35e8">6e4e1d7247c41110395052a5d36d430a</sys_update_version>
    </sys_metadata_delete>
</record_update>
