<?xml version="1.0" encoding="UTF-8"?><record_update table="oauth_entity_profile_scope">
    <oauth_entity_profile_scope action="DELETE">
        <oauth_entity_profile display_value="Smartsheet.OAuthProfile.3">7bf755af87f385103bdd4226dabb35c0</oauth_entity_profile>
        <oauth_entity_scope display_value="ADMIN_SHEETS">cedc352b877785103bdd4226dabb35ce</oauth_entity_scope>
        <sys_class_name>oauth_entity_profile_scope</sys_class_name>
        <sys_created_by>akash.s</sys_created_by>
        <sys_created_on>2022-06-06 11:55:31</sys_created_on>
        <sys_id>046f352b877785103bdd4226dabb35ed</sys_id>
        <sys_mod_count>0</sys_mod_count>
        <sys_name>7bf755af87f385103bdd4226dabb35c0</sys_name>
        <sys_package display_value="Smartsheet Spoke" source="sn_smrtsheet_spoke">f719677374021010fa9bb5ebcba7e550</sys_package>
        <sys_policy/>
        <sys_scope display_value="Smartsheet Spoke">f719677374021010fa9bb5ebcba7e550</sys_scope>
        <sys_update_name>oauth_entity_profile_scope_046f352b877785103bdd4226dabb35ed</sys_update_name>
        <sys_updated_by>akash.s</sys_updated_by>
        <sys_updated_on>2022-06-06 11:55:31</sys_updated_on>
    </oauth_entity_profile_scope>
<sys_update_version action="INSERT_OR_UPDATE">
        <action>DELETE</action>
        <application display_value="Smartsheet Spoke">f719677374021010fa9bb5ebcba7e550</application>
        <file_path/>
        <instance_id>f5b4ce77db7b0d9407072f17d496190d</instance_id>
        <instance_name>ajaytokyo2</instance_name>
        <name>oauth_entity_profile_scope_046f352b877785103bdd4226dabb35ed</name>
        <payload><![CDATA[<?xml version="1.0" encoding="UTF-8"?><record_update table="oauth_entity_profile_scope">
    <oauth_entity_profile_scope action="INSERT_OR_UPDATE">
        <oauth_entity_profile display_value="Smartsheet.OAuthProfile.3">7bf755af87f385103bdd4226dabb35c0</oauth_entity_profile>
        <oauth_entity_scope display_value="ADMIN_SHEETS">cedc352b877785103bdd4226dabb35ce</oauth_entity_scope>
        <sys_class_name>oauth_entity_profile_scope</sys_class_name>
        <sys_created_by>akash.s</sys_created_by>
        <sys_created_on>2022-06-06 11:55:31</sys_created_on>
        <sys_id>046f352b877785103bdd4226dabb35ed</sys_id>
        <sys_mod_count>0</sys_mod_count>
        <sys_name>7bf755af87f385103bdd4226dabb35c0</sys_name>
        <sys_package display_value="Smartsheet Spoke" source="sn_smrtsheet_spoke">f719677374021010fa9bb5ebcba7e550</sys_package>
        <sys_policy/>
        <sys_scope display_value="Smartsheet Spoke">f719677374021010fa9bb5ebcba7e550</sys_scope>
        <sys_update_name>oauth_entity_profile_scope_046f352b877785103bdd4226dabb35ed</sys_update_name>
        <sys_updated_by>akash.s</sys_updated_by>
        <sys_updated_on>2022-06-06 11:55:31</sys_updated_on>
    </oauth_entity_profile_scope>
</record_update>]]></payload>
        <payload_hash>-1600015749</payload_hash>
        <record_name>7bf755af87f385103bdd4226dabb35c0</record_name>
        <reverted_from/>
        <source>904e597247c41110395052a5d36d4305</source>
        <source_table>sys_upgrade_history</source_table>
        <state>previous</state>
        <sys_created_by>rahul.tadisetti@snc</sys_created_by>
        <sys_created_on>2022-06-16 11:49:28</sys_created_on>
        <sys_id>e64ed97247c41110395052a5d36d43e3</sys_id>
        <sys_mod_count>0</sys_mod_count>
        <sys_recorded_at>1816c58cec40000001</sys_recorded_at>
        <sys_updated_by>rahul.tadisetti@snc</sys_updated_by>
        <sys_updated_on>2022-06-16 11:49:28</sys_updated_on>
        <type>OAuth Entity Profile Scope</type>
        <update_guid>a64ed972acc41110f3cc8670f6245de3</update_guid>
        <update_guid_history>a64ed972acc41110f3cc8670f6245de3:-1600015749</update_guid_history>
    </sys_update_version>
    <sys_metadata_delete action="INSERT_OR_UPDATE">
        <sys_audit_delete display_value="Smartsheet.OAuthProfile.3">f382ca7247881110395052a5d36d438f</sys_audit_delete>
        <sys_class_name>sys_metadata_delete</sys_class_name>
        <sys_created_by>mayank.sharma</sys_created_by>
        <sys_created_on>2022-06-16 14:27:56</sys_created_on>
        <sys_db_object display_value="" name="oauth_entity_profile_scope">oauth_entity_profile_scope</sys_db_object>
        <sys_id>6d34404e07d945a09252caac768b38b9</sys_id>
        <sys_metadata>046f352b877785103bdd4226dabb35ed</sys_metadata>
        <sys_name>7bf755af87f385103bdd4226dabb35c0</sys_name>
        <sys_package display_value="Smartsheet Spoke" source="sn_smrtsheet_spoke">f719677374021010fa9bb5ebcba7e550</sys_package>
        <sys_parent/>
        <sys_policy/>
        <sys_scope display_value="Smartsheet Spoke">f719677374021010fa9bb5ebcba7e550</sys_scope>
        <sys_scope_delete display_value="">133f37b1d8bc4836887f20453fbd5cc9</sys_scope_delete>
        <sys_update_name>oauth_entity_profile_scope_046f352b877785103bdd4226dabb35ed</sys_update_name>
        <sys_update_version display_value="oauth_entity_profile_scope_046f352b877785103bdd4226dabb35ed">e64ed97247c41110395052a5d36d43e3</sys_update_version>
    </sys_metadata_delete>
</record_update>
