<?xml version="1.0" encoding="UTF-8"?><record_update table="oauth_entity_scope">
    <oauth_entity_scope action="DELETE">
        <in_default_profile>true</in_default_profile>
        <name>CREATE_SHEETS</name>
        <oauth_entity display_value="SmartSheet OAuth.4">3ff755af87f385103bdd4226dabb35bd</oauth_entity>
        <oauth_entity_scope>CREATE_SHEETS</oauth_entity_scope>
        <sys_class_name>oauth_entity_scope</sys_class_name>
        <sys_created_by>akash.s</sys_created_by>
        <sys_created_on>2022-06-06 11:47:31</sys_created_on>
        <sys_id>872c352b877785103bdd4226dabb35e4</sys_id>
        <sys_mod_count>0</sys_mod_count>
        <sys_name>CREATE_SHEETS</sys_name>
        <sys_package display_value="Smartsheet Spoke" source="sn_smrtsheet_spoke">f719677374021010fa9bb5ebcba7e550</sys_package>
        <sys_policy/>
        <sys_scope display_value="Smartsheet Spoke">f719677374021010fa9bb5ebcba7e550</sys_scope>
        <sys_update_name>oauth_entity_scope_872c352b877785103bdd4226dabb35e4</sys_update_name>
        <sys_updated_by>akash.s</sys_updated_by>
        <sys_updated_on>2022-06-06 11:47:31</sys_updated_on>
    </oauth_entity_scope>
<sys_update_version action="INSERT_OR_UPDATE">
        <action>DELETE</action>
        <application display_value="Smartsheet Spoke">f719677374021010fa9bb5ebcba7e550</application>
        <file_path/>
        <instance_id>f5b4ce77db7b0d9407072f17d496190d</instance_id>
        <instance_name>ajaytokyo2</instance_name>
        <name>oauth_entity_scope_872c352b877785103bdd4226dabb35e4</name>
        <payload><![CDATA[<?xml version="1.0" encoding="UTF-8"?><record_update table="oauth_entity_scope">
    <oauth_entity_scope action="INSERT_OR_UPDATE">
        <in_default_profile>true</in_default_profile>
        <name>CREATE_SHEETS</name>
        <oauth_entity display_value="SmartSheet OAuth.4">3ff755af87f385103bdd4226dabb35bd</oauth_entity>
        <oauth_entity_scope>CREATE_SHEETS</oauth_entity_scope>
        <sys_class_name>oauth_entity_scope</sys_class_name>
        <sys_created_by>akash.s</sys_created_by>
        <sys_created_on>2022-06-06 11:47:31</sys_created_on>
        <sys_id>872c352b877785103bdd4226dabb35e4</sys_id>
        <sys_mod_count>0</sys_mod_count>
        <sys_name>CREATE_SHEETS</sys_name>
        <sys_package display_value="Smartsheet Spoke" source="sn_smrtsheet_spoke">f719677374021010fa9bb5ebcba7e550</sys_package>
        <sys_policy/>
        <sys_scope display_value="Smartsheet Spoke">f719677374021010fa9bb5ebcba7e550</sys_scope>
        <sys_update_name>oauth_entity_scope_872c352b877785103bdd4226dabb35e4</sys_update_name>
        <sys_updated_by>akash.s</sys_updated_by>
        <sys_updated_on>2022-06-06 11:47:31</sys_updated_on>
    </oauth_entity_scope>
</record_update>]]></payload>
        <payload_hash>-509024544</payload_hash>
        <record_name>CREATE_SHEETS</record_name>
        <reverted_from/>
        <source>904e597247c41110395052a5d36d4305</source>
        <source_table>sys_upgrade_history</source_table>
        <state>previous</state>
        <sys_created_by>rahul.tadisetti@snc</sys_created_by>
        <sys_created_on>2022-06-16 11:49:28</sys_created_on>
        <sys_id>6a4e1d7247c41110395052a5d36d4302</sys_id>
        <sys_mod_count>0</sys_mod_count>
        <sys_recorded_at>1816c58d0a20000001</sys_recorded_at>
        <sys_updated_by>rahul.tadisetti@snc</sys_updated_by>
        <sys_updated_on>2022-06-16 11:49:28</sys_updated_on>
        <type>OAuth Entity Scope</type>
        <update_guid>2a4e1d7218c41110144054cf70d92002</update_guid>
        <update_guid_history>2a4e1d7218c41110144054cf70d92002:-509024544</update_guid_history>
    </sys_update_version>
    <sys_metadata_delete action="INSERT_OR_UPDATE">
        <sys_audit_delete display_value="CREATE_SHEETS">b782ca7247881110395052a5d36d4383</sys_audit_delete>
        <sys_class_name>sys_metadata_delete</sys_class_name>
        <sys_created_by>mayank.sharma</sys_created_by>
        <sys_created_on>2022-06-16 14:27:56</sys_created_on>
        <sys_db_object display_value="" name="oauth_entity_scope">oauth_entity_scope</sys_db_object>
        <sys_id>1c6db2f22e8344a48844ac0726f053a4</sys_id>
        <sys_metadata>872c352b877785103bdd4226dabb35e4</sys_metadata>
        <sys_name>CREATE_SHEETS</sys_name>
        <sys_package display_value="Smartsheet Spoke" source="sn_smrtsheet_spoke">f719677374021010fa9bb5ebcba7e550</sys_package>
        <sys_parent/>
        <sys_policy/>
        <sys_scope display_value="Smartsheet Spoke">f719677374021010fa9bb5ebcba7e550</sys_scope>
        <sys_scope_delete display_value="">133f37b1d8bc4836887f20453fbd5cc9</sys_scope_delete>
        <sys_update_name>oauth_entity_scope_872c352b877785103bdd4226dabb35e4</sys_update_name>
        <sys_update_version display_value="oauth_entity_scope_872c352b877785103bdd4226dabb35e4">6a4e1d7247c41110395052a5d36d4302</sys_update_version>
    </sys_metadata_delete>
</record_update>
