<?xml version="1.0" encoding="UTF-8"?><record_update table="oauth_entity_scope">
    <oauth_entity_scope action="DELETE">
        <in_default_profile>false</in_default_profile>
        <name/>
        <oauth_entity display_value="SmartSheet OAuth.2">a6d69d2f87f385103bdd4226dabb3505</oauth_entity>
        <oauth_entity_scope/>
        <sys_class_name>oauth_entity_scope</sys_class_name>
        <sys_created_by>akash.s</sys_created_by>
        <sys_created_on>2022-06-06 08:56:43</sys_created_on>
        <sys_id>66d6d56f87f385103bdd4226dabb35e4</sys_id>
        <sys_mod_count>0</sys_mod_count>
        <sys_name/>
        <sys_package display_value="Smartsheet Spoke" source="sn_smrtsheet_spoke">f719677374021010fa9bb5ebcba7e550</sys_package>
        <sys_policy/>
        <sys_scope display_value="Smartsheet Spoke">f719677374021010fa9bb5ebcba7e550</sys_scope>
        <sys_update_name>oauth_entity_scope_66d6d56f87f385103bdd4226dabb35e4</sys_update_name>
        <sys_updated_by>akash.s</sys_updated_by>
        <sys_updated_on>2022-06-06 08:56:43</sys_updated_on>
    </oauth_entity_scope>
<sys_update_version action="INSERT_OR_UPDATE">
        <action>DELETE</action>
        <application display_value="Smartsheet Spoke">f719677374021010fa9bb5ebcba7e550</application>
        <file_path/>
        <instance_id>f5b4ce77db7b0d9407072f17d496190d</instance_id>
        <instance_name>ajaytokyo2</instance_name>
        <name>oauth_entity_scope_66d6d56f87f385103bdd4226dabb35e4</name>
        <payload><![CDATA[<?xml version="1.0" encoding="UTF-8"?><record_update table="oauth_entity_scope">
    <oauth_entity_scope action="INSERT_OR_UPDATE">
        <in_default_profile>false</in_default_profile>
        <name/>
        <oauth_entity display_value="SmartSheet OAuth.2">a6d69d2f87f385103bdd4226dabb3505</oauth_entity>
        <oauth_entity_scope/>
        <sys_class_name>oauth_entity_scope</sys_class_name>
        <sys_created_by>akash.s</sys_created_by>
        <sys_created_on>2022-06-06 08:56:43</sys_created_on>
        <sys_id>66d6d56f87f385103bdd4226dabb35e4</sys_id>
        <sys_mod_count>0</sys_mod_count>
        <sys_name/>
        <sys_package display_value="Smartsheet Spoke" source="sn_smrtsheet_spoke">f719677374021010fa9bb5ebcba7e550</sys_package>
        <sys_policy/>
        <sys_scope display_value="Smartsheet Spoke">f719677374021010fa9bb5ebcba7e550</sys_scope>
        <sys_update_name>oauth_entity_scope_66d6d56f87f385103bdd4226dabb35e4</sys_update_name>
        <sys_updated_by>akash.s</sys_updated_by>
        <sys_updated_on>2022-06-06 08:56:43</sys_updated_on>
    </oauth_entity_scope>
</record_update>]]></payload>
        <payload_hash>-326284684</payload_hash>
        <record_name/>
        <reverted_from/>
        <source>904e597247c41110395052a5d36d4305</source>
        <source_table>sys_upgrade_history</source_table>
        <state>previous</state>
        <sys_created_by>rahul.tadisetti@snc</sys_created_by>
        <sys_created_on>2022-06-16 11:49:28</sys_created_on>
        <sys_id>624ed97247c41110395052a5d36d43fd</sys_id>
        <sys_mod_count>0</sys_mod_count>
        <sys_recorded_at>1816c58d0460000001</sys_recorded_at>
        <sys_updated_by>rahul.tadisetti@snc</sys_updated_by>
        <sys_updated_on>2022-06-16 11:49:28</sys_updated_on>
        <type>OAuth Entity Scope</type>
        <update_guid>224ed972a5c41110dc9f5c3827fa2bfd</update_guid>
        <update_guid_history>224ed972a5c41110dc9f5c3827fa2bfd:-326284684</update_guid_history>
    </sys_update_version>
    <sys_metadata_delete action="INSERT_OR_UPDATE">
        <sys_audit_delete display_value="">fb82ca7247881110395052a5d36d43b1</sys_audit_delete>
        <sys_class_name>sys_metadata_delete</sys_class_name>
        <sys_created_by>mayank.sharma</sys_created_by>
        <sys_created_on>2022-06-16 14:27:56</sys_created_on>
        <sys_db_object display_value="" name="oauth_entity_scope">oauth_entity_scope</sys_db_object>
        <sys_id>7e0404d69b7848f89522fb087d8baa40</sys_id>
        <sys_metadata>66d6d56f87f385103bdd4226dabb35e4</sys_metadata>
        <sys_name/>
        <sys_package display_value="Smartsheet Spoke" source="sn_smrtsheet_spoke">f719677374021010fa9bb5ebcba7e550</sys_package>
        <sys_parent/>
        <sys_policy/>
        <sys_scope display_value="Smartsheet Spoke">f719677374021010fa9bb5ebcba7e550</sys_scope>
        <sys_scope_delete display_value="">133f37b1d8bc4836887f20453fbd5cc9</sys_scope_delete>
        <sys_update_name>oauth_entity_scope_66d6d56f87f385103bdd4226dabb35e4</sys_update_name>
        <sys_update_version display_value="oauth_entity_scope_66d6d56f87f385103bdd4226dabb35e4">624ed97247c41110395052a5d36d43fd</sys_update_version>
    </sys_metadata_delete>
</record_update>
