<?xml version="1.0" encoding="UTF-8"?><record_update table="oauth_entity_profile_scope">
    <oauth_entity_profile_scope action="DELETE">
        <oauth_entity_profile display_value="Smartsheet.OAuthProfile">750f9a6a87730510ab1d0e94dabb35eb</oauth_entity_profile>
        <oauth_entity_scope display_value="READ_SHEETS DELETE_SHEETS CREATE_SHEETS WRITE_SHEETS SHARE_SHEETS ADMIN_SHEETS">b50f9a6a87730510ab1d0e94dabb35e8</oauth_entity_scope>
        <sys_class_name>oauth_entity_profile_scope</sys_class_name>
        <sys_created_by>akash.s</sys_created_by>
        <sys_created_on>2022-06-06 08:07:05</sys_created_on>
        <sys_id>cc5b0de387f385103bdd4226dabb354a</sys_id>
        <sys_mod_count>0</sys_mod_count>
        <sys_name>750f9a6a87730510ab1d0e94dabb35eb</sys_name>
        <sys_package display_value="Smartsheet Spoke" source="sn_smrtsheet_spoke">f719677374021010fa9bb5ebcba7e550</sys_package>
        <sys_policy/>
        <sys_scope display_value="Smartsheet Spoke">f719677374021010fa9bb5ebcba7e550</sys_scope>
        <sys_update_name>oauth_entity_profile_scope_cc5b0de387f385103bdd4226dabb354a</sys_update_name>
        <sys_updated_by>akash.s</sys_updated_by>
        <sys_updated_on>2022-06-06 08:07:05</sys_updated_on>
    </oauth_entity_profile_scope>
<sys_update_version action="INSERT_OR_UPDATE">
        <action>DELETE</action>
        <application display_value="Smartsheet Spoke">f719677374021010fa9bb5ebcba7e550</application>
        <file_path/>
        <instance_id>f5b4ce77db7b0d9407072f17d496190d</instance_id>
        <instance_name>ajaytokyo2</instance_name>
        <name>oauth_entity_profile_scope_cc5b0de387f385103bdd4226dabb354a</name>
        <payload><![CDATA[<?xml version="1.0" encoding="UTF-8"?><record_update table="oauth_entity_profile_scope">
    <oauth_entity_profile_scope action="INSERT_OR_UPDATE">
        <oauth_entity_profile display_value="Smartsheet.OAuthProfile">750f9a6a87730510ab1d0e94dabb35eb</oauth_entity_profile>
        <oauth_entity_scope display_value="READ_SHEETS DELETE_SHEETS CREATE_SHEETS WRITE_SHEETS SHARE_SHEETS ADMIN_SHEETS">b50f9a6a87730510ab1d0e94dabb35e8</oauth_entity_scope>
        <sys_class_name>oauth_entity_profile_scope</sys_class_name>
        <sys_created_by>akash.s</sys_created_by>
        <sys_created_on>2022-06-06 08:07:05</sys_created_on>
        <sys_id>cc5b0de387f385103bdd4226dabb354a</sys_id>
        <sys_mod_count>0</sys_mod_count>
        <sys_name>750f9a6a87730510ab1d0e94dabb35eb</sys_name>
        <sys_package display_value="Smartsheet Spoke" source="sn_smrtsheet_spoke">f719677374021010fa9bb5ebcba7e550</sys_package>
        <sys_policy/>
        <sys_scope display_value="Smartsheet Spoke">f719677374021010fa9bb5ebcba7e550</sys_scope>
        <sys_update_name>oauth_entity_profile_scope_cc5b0de387f385103bdd4226dabb354a</sys_update_name>
        <sys_updated_by>akash.s</sys_updated_by>
        <sys_updated_on>2022-06-06 08:07:05</sys_updated_on>
    </oauth_entity_profile_scope>
</record_update>]]></payload>
        <payload_hash>-357118271</payload_hash>
        <record_name>750f9a6a87730510ab1d0e94dabb35eb</record_name>
        <reverted_from/>
        <source>904e597247c41110395052a5d36d4305</source>
        <source_table>sys_upgrade_history</source_table>
        <state>previous</state>
        <sys_created_by>rahul.tadisetti@snc</sys_created_by>
        <sys_created_on>2022-06-16 11:49:28</sys_created_on>
        <sys_id>6a4ed97247c41110395052a5d36d43f1</sys_id>
        <sys_mod_count>0</sys_mod_count>
        <sys_recorded_at>1816c58cf9a0000001</sys_recorded_at>
        <sys_updated_by>rahul.tadisetti@snc</sys_updated_by>
        <sys_updated_on>2022-06-16 11:49:28</sys_updated_on>
        <type>OAuth Entity Profile Scope</type>
        <update_guid>2a4ed972d2c411106a1697f36c5c3bf1</update_guid>
        <update_guid_history>2a4ed972d2c411106a1697f36c5c3bf1:-357118271</update_guid_history>
    </sys_update_version>
    <sys_metadata_delete action="INSERT_OR_UPDATE">
        <sys_audit_delete display_value="Smartsheet.OAuthProfile">bb82ca7247881110395052a5d36d439a</sys_audit_delete>
        <sys_class_name>sys_metadata_delete</sys_class_name>
        <sys_created_by>mayank.sharma</sys_created_by>
        <sys_created_on>2022-06-16 14:27:56</sys_created_on>
        <sys_db_object display_value="" name="oauth_entity_profile_scope">oauth_entity_profile_scope</sys_db_object>
        <sys_id>5ce0376719da4c1ba50569b480b51681</sys_id>
        <sys_metadata>cc5b0de387f385103bdd4226dabb354a</sys_metadata>
        <sys_name>750f9a6a87730510ab1d0e94dabb35eb</sys_name>
        <sys_package display_value="Smartsheet Spoke" source="sn_smrtsheet_spoke">f719677374021010fa9bb5ebcba7e550</sys_package>
        <sys_parent/>
        <sys_policy/>
        <sys_scope display_value="Smartsheet Spoke">f719677374021010fa9bb5ebcba7e550</sys_scope>
        <sys_scope_delete display_value="">133f37b1d8bc4836887f20453fbd5cc9</sys_scope_delete>
        <sys_update_name>oauth_entity_profile_scope_cc5b0de387f385103bdd4226dabb354a</sys_update_name>
        <sys_update_version display_value="oauth_entity_profile_scope_cc5b0de387f385103bdd4226dabb354a">6a4ed97247c41110395052a5d36d43f1</sys_update_version>
    </sys_metadata_delete>
</record_update>
