<?xml version="1.0" encoding="UTF-8"?><record_update table="sys_security_acl_role">
    <sys_security_acl_role action="DELETE">
        <sys_class_name>sys_security_acl_role</sys_class_name>
        <sys_created_by>akash</sys_created_by>
        <sys_created_on>2022-03-22 07:50:27</sys_created_on>
        <sys_id>fadea507875e85104cbb42e5dabb353f</sys_id>
        <sys_mod_count>1</sys_mod_count>
        <sys_name>sn_smrtsheet_spoke_st_smartsheets_sheets.sn_smrtsheet_spoke.smartsheet_admin</sys_name>
        <sys_package display_value="Smartsheet Spoke" source="sn_smrtsheet_spoke">f719677374021010fa9bb5ebcba7e550</sys_package>
        <sys_policy/>
        <sys_scope display_value="Smartsheet Spoke">f719677374021010fa9bb5ebcba7e550</sys_scope>
        <sys_security_acl display_value="sn_smrtsheet_spoke_st_smartsheets_sheets">7adea507875e85104cbb42e5dabb353b</sys_security_acl>
        <sys_update_name>sys_security_acl_role_fadea507875e85104cbb42e5dabb353f</sys_update_name>
        <sys_updated_by>akash</sys_updated_by>
        <sys_updated_on>2022-04-26 13:23:58</sys_updated_on>
        <sys_user_role display_value="sn_smrtsheet_spoke.smartsheet_admin" name="sn_smrtsheet_spoke.smartsheet_admin">78e62a1a87c7011044cc63173cbb354f</sys_user_role>
        <transaction_id/>
    </sys_security_acl_role>
    <sys_update_version action="INSERT_OR_UPDATE">
        <action>DELETE</action>
        <application display_value="Smartsheet Spoke">f719677374021010fa9bb5ebcba7e550</application>
        <file_path/>
        <instance_id>428a36c905030110effdd6012ef1a058</instance_id>
        <instance_name>glide_db_dump</instance_name>
        <name>sys_security_acl_role_fadea507875e85104cbb42e5dabb353f</name>
        <payload><![CDATA[<?xml version="1.0" encoding="UTF-8"?><record_update table="sys_security_acl_role"><sys_security_acl_role action="INSERT_OR_UPDATE"><sys_class_name>sys_security_acl_role</sys_class_name><sys_created_by>akash</sys_created_by><sys_created_on>2022-03-22 07:50:27</sys_created_on><sys_id>fadea507875e85104cbb42e5dabb353f</sys_id><sys_mod_count>1</sys_mod_count><sys_name>sn_smrtsheet_spoke_st_smartsheets_sheets.sn_smrtsheet_spoke.smartsheet_admin</sys_name><sys_package display_value="Smartsheet Spoke" source="sn_smrtsheet_spoke">f719677374021010fa9bb5ebcba7e550</sys_package><sys_policy/><sys_scope display_value="Smartsheet Spoke">f719677374021010fa9bb5ebcba7e550</sys_scope><sys_security_acl display_value="sn_smrtsheet_spoke_st_smartsheets_sheets">7adea507875e85104cbb42e5dabb353b</sys_security_acl><sys_update_name>sys_security_acl_role_fadea507875e85104cbb42e5dabb353f</sys_update_name><sys_updated_by>akash</sys_updated_by><sys_updated_on>2022-04-26 13:23:58</sys_updated_on><sys_user_role display_value="sn_smrtsheet_spoke.smartsheet_admin" name="sn_smrtsheet_spoke.smartsheet_admin">78e62a1a87c7011044cc63173cbb354f</sys_user_role><transaction_id/></sys_security_acl_role></record_update>]]></payload>
        <payload_hash>925772404</payload_hash>
        <record_name>sn_smrtsheet_spoke_st_smartsheets_sheets.sn_smrtsheet_spoke.smartsheet_admin</record_name>
        <reverted_from/>
        <source>328af37ba3a70110b94d8b3f26fcda57</source>
        <source_table>sys_update_set</source_table>
        <state>previous</state>
        <sys_created_by>admin</sys_created_by>
        <sys_created_on>2022-05-26 05:39:00</sys_created_on>
        <sys_id>4b104c40a3f70110b94d8b3f26fcda8a</sys_id>
        <sys_mod_count>0</sys_mod_count>
        <sys_recorded_at>180fee0180d0000001</sys_recorded_at>
        <sys_updated_by>admin</sys_updated_by>
        <sys_updated_on>2022-05-26 05:39:00</sys_updated_on>
        <type>Access Roles</type>
        <update_guid>adda8b16154b01104ebbfbf03b536b26</update_guid>
        <update_guid_history>adda8b16154b01104ebbfbf03b536b26:925772404,badea507215e8510c0a353d24a271b42:830546972</update_guid_history>
    </sys_update_version>
    <sys_metadata_delete action="INSERT_OR_UPDATE">
        <sys_audit_delete display_value="sn_smrtsheet_spoke_st_smartsheets_sheets.sn_smrtsheet_spoke.smartsheet_admin">c3267c12a3770110b94d8b3f26fcda97</sys_audit_delete>
        <sys_class_name>sys_metadata_delete</sys_class_name>
        <sys_created_by>admin</sys_created_by>
        <sys_created_on>2022-06-02 09:21:32</sys_created_on>
        <sys_db_object display_value="" name="sys_security_acl_role">sys_security_acl_role</sys_db_object>
        <sys_id>2607668d15324eabb46d246719c15549</sys_id>
        <sys_metadata>fadea507875e85104cbb42e5dabb353f</sys_metadata>
        <sys_mod_count>0</sys_mod_count>
        <sys_name>sn_smrtsheet_spoke_st_smartsheets_sheets.sn_smrtsheet_spoke.smartsheet_admin</sys_name>
        <sys_package display_value="Smartsheet Spoke" source="sn_smrtsheet_spoke">f719677374021010fa9bb5ebcba7e550</sys_package>
        <sys_parent display_value="sn_smrtsheet_spoke_st_smartsheets_sheets">7adea507875e85104cbb42e5dabb353b</sys_parent>
        <sys_policy/>
        <sys_scope display_value="Smartsheet Spoke">f719677374021010fa9bb5ebcba7e550</sys_scope>
        <sys_scope_delete display_value="">133f37b1d8bc4836887f20453fbd5cc9</sys_scope_delete>
        <sys_update_name>sys_security_acl_role_fadea507875e85104cbb42e5dabb353f</sys_update_name>
        <sys_update_version display_value="sys_security_acl_role_fadea507875e85104cbb42e5dabb353f">4b104c40a3f70110b94d8b3f26fcda8a</sys_update_version>
        <sys_updated_by>admin</sys_updated_by>
        <sys_updated_on>2022-06-02 09:21:32</sys_updated_on>
    </sys_metadata_delete>
</record_update>
