<?xml version="1.0" encoding="UTF-8"?><record_update table="sys_script_include">
    <sys_script_include action="DELETE">
        <access>package_private</access>
        <active>false</active>
        <api_name>sn_smrtsheet_spoke.SmartsheetUTIL1</api_name>
        <caller_access/>
        <client_callable>false</client_callable>
        <description/>
        <name>SmartsheetUTIL1</name>
        <script><![CDATA[//Validating mandatory fields
var SmartsheetUTIL1 = Class.create(); {
	SmartsheetUTIL1.checkMandatoryFields = function(mandatoryFieldsList) {
		var emptyMandatoryFieldsList = [];
		Object.keys(mandatoryFieldsList).forEach(function(key) {
			if (mandatoryFieldsList[key] === null || mandatoryFieldsList[key].trim() === '') {
				emptyMandatoryFieldsList.push(key);
			}
		});
		if (emptyMandatoryFieldsList.length > 0) {
			var errorMsg = "Following mandatory input field(s) cannot be left blank- ".concat(emptyMandatoryFieldsList);
			throw new Error(errorMsg);
		}
	};
	
//Validating if user already exist.
	SmartsheetUTIL1.checkUserAlreadyExist = function(Email) {
		var inputs = {};
		inputs['email'] = Email;
		var result = sn_fd.FlowAPI.getRunner().action('sn_smrtsheet_spoke.look_up_user_by_email').inForeground().withInputs(inputs).run();
		var output = result.getOutputs();
		var user = output['user'];
		if (user.name) {
			throw new Error("User already exists, Please provide a new Email Address");
		}
	};
}

//Creating payload for columns in Create Sheet.
SmartsheetUTIL1.createColumns = function(Sheet) {
	var columns = [];
	for (var i in Sheet) {
		var col = {};
		col.title = Sheet[i].title;
		col.type = Sheet[i].type;
		col.primary = Sheet[i].primary;
		Sheet[i].options[0] == "" ? null : col.options = Sheet[i].options;
		Sheet[i].symbol ? col.symbol = Sheet[i].symbol : null;
		Sheet[i].system_column_type ? col.systemColumnType = Sheet[i].system_column_type : null;
		Sheet[i].width ? col.width = Sheet[i].width : null;
		if (Sheet[i].system_column_type == "AUTO_NUMBER") {
			var auto = {};
			Sheet[i].autoNumberFormat.fill ? auto.fill = Sheet[i].autoNumberFormat.fill : null;
			Sheet[i].autoNumberFormat.prefix ? auto.prefix = Sheet[i].autoNumberFormat.prefix : null;
			Sheet[i].autoNumberFormat.startingNumber ? auto.startingNumber = Sheet[i].autoNumberFormat.startingNumber : null;
			Sheet[i].autoNumberFormat.suffix ? auto.suffix = Sheet[i].autoNumberFormat.suffix : null;
			col.autoNumberFormat = auto;
		}
		columns.push(col);
	}
	return columns;
};

//Creating payload for Update Sheet
SmartsheetUTIL1.updateSheetPayload = function(inputs) {
	var Name = inputs.name;
	var Project = inputs.project;
	var User = inputs.user;
	var payloads = {};
	Name ? payloads.name = Name : null;
	var proj = {};
	Project.nonWorkingDays[0] == "" ? null : proj.nonWorkingDays = Project.nonWorkingDays;
	Project.workingDays[0] == "" ? null : proj.workingDays = Project.workingDays;
	Project.lengthOfDay ? proj.lengthOfDay = Project.lengthOfDay : null;
	var values = Object.keys(proj).map(function(e) {
		return proj[e];
	});
	values.length > 0 ? payloads.projectSettings = proj : null;
	if (User.displaySummaryTasks || User.criticalPathEnabled) {
		var userSetting = {};
		User.displaySummaryTasks ? userSetting.displaySummaryTasks = User.displaySummaryTasks : null;
		User.criticalPathEnabled ? userSetting.criticalPathEnabled = User.criticalPathEnabled : null;
	}
	payloads.userSettings = userSetting;
	return payloads;
};

//Creating payload for Create Row.
SmartsheetUTIL1.createRowPayload = function(inputs) {
	var Location = inputs.location;
	var Format = inputs.format;
	var ParentId = inputs.parentid;
	var SiblingId = inputs.siblingid;
	var Locked = inputs.locked;
	var Cells = inputs.cells;
	var SheetId = inputs.sheetid;
	var Expanded = inputs.expanded;
	var payload = {};
	var mandatoryFieldsList = {
		"Sheet Id": SheetId
	};
	switch (Location) {
		case "toTop":
			payload.toTop = true;
			break;
		case "toBottom":
			payload.toBottom = true;
			break;
		case "parentId":
			mandatoryFieldsList.ParentId = ParentId;
			payload.parentId = ParentId;
			break;
		case "parentId + toBottom":
			mandatoryFieldsList.ParentId = ParentId;
			payload.parentId = ParentId;
			payload.toBottom = true;
			break;
		case "siblingId":
			mandatoryFieldsList.SiblingId = SiblingId;
			payload.siblingId = SiblingId;
			break;
		case "siblingId + above":
			mandatoryFieldsList.SiblingId = SiblingId;
			payload.siblingId = SiblingId;
			payload.above = true;
			break;
		case "indent":
			payload.indent = 1;
			break;
		case "outdent":
			payload.outdent = 1;
			break;
	}
	for (var i in Cells) {
		if (Cells[i].columnId || Cells[i].formula || Cells[i].value) {
			var mandatory = {};
			mandatory.ColumnId = Cells[i].columnId;
			if (Cells[i].formula) {
				mandatory.Formula = Cells[i].formula;
			} else {
				mandatory.Value = Cells[i].value;
				var linkk = Cells[i].linkInFromCell;
				if (linkk.columnId || linkk.rowId || linkk.sheetId) {
					mandatory.ColumnId = linkk.columnId;
					mandatory.RowId = linkk.rowId;
					mandatory.SheetId = linkk.sheetId;
				}
			}
			SmartsheetUTIL1.checkMandatoryFields(mandatory);
		}
	}
	SmartsheetUTIL1.checkMandatoryFields(mandatoryFieldsList);
	Locked ? payload.locked = Locked : null;
	Expanded ? payload.expanded = Expanded : null;
	var cells = [];
	for (var i in Cells) {
		if (Cells[i].columnId || Cells[i].formula || Cells[i].value) {
			var cell = {};
			cell.columnId = Cells[i].columnId;
			if (Cells[i].formula) {
				cell.formula = Cells[i].formula;
			} else {
				cell.value = Cells[i].value;
				var attribute = Cells[i].hyperlink.attribute;
				var value = Cells[i].hyperlink.value;
				if (attribute) {
					var hyperlink = {};
					hyperlink[attribute] = value;
				}
				cell.hyperlink = hyperlink;
				var link = Cells[i].linkInFromCell;
				if (link.columnId || link.rowId || link.sheetId) {
					delete link["name$"];
					cell.linkInFromCell = link;
				}
				Cells[i].strict ? cell.strict = Cells[i].strict : null;
			}
			Cells[i].override_validation ? cell.overrideValidation = Cells[i].override_validation : null;
			Cells[i].format ? cell.format = Cells[i].format : null;
			cells.push(cell);
		}
	}
	cells.length > 0 ? payload.cells = cells : null;
	return payload;
};

//Creating payload for Create Column
	SmartsheetUTIL1.createColumnPayload=function(columns) {
		var payloads = [];
	for (var i in columns) {
		var payload = {};
		var autoNumberFormat=columns[i].auto_number_format;
		delete autoNumberFormat.name$;
		payload.title = columns[i].title.trim();
		payload.type = columns[i].type;
		payload.index = columns[i].index.trim();
		columns[i].formula ? payload.formula = columns[i].formula.trim() : null;
		columns[i].description ? payload.description = columns[i].description.trim() : null;
		columns[i].locked ? payload.locked = columns[i].locked : null;
		columns[i].options[0] == "" ? null : payload.options = columns[i].options;
		columns[i].symbol ? payload.symbol = columns[i].symbol.trim() : null;
		columns[i].system_column_type ? payload.systemColumnType = columns[i].system_column_type : null;
		columns[i].validation ? payload.validation = columns[i].validation : null;
		columns[i].width ? payload.width = columns[i].width.trim() : null;
		if (columns[i].system_column_type == "AUTO_NUMBER") {
			columns[i].auto_number_format ? payload.autoNumberFormat = autoNumberFormat : null;
		}
      payloads.push(payload);
	}
		return JSON.stringify(payloads);
	};
]]></script>
        <sys_class_name>sys_script_include</sys_class_name>
        <sys_created_by>chethan.k</sys_created_by>
        <sys_created_on>2021-12-29 05:04:11</sys_created_on>
        <sys_id>9b6c6dd897b40d501ecb350e6253afe3</sys_id>
        <sys_mod_count>25</sys_mod_count>
        <sys_name>SmartsheetUTIL1</sys_name>
        <sys_package display_value="Smartsheet Spoke" source="sn_smrtsheet_spoke">f719677374021010fa9bb5ebcba7e550</sys_package>
        <sys_policy/>
        <sys_scope display_value="Smartsheet Spoke">f719677374021010fa9bb5ebcba7e550</sys_scope>
        <sys_update_name>sys_script_include_9b6c6dd897b40d501ecb350e6253afe3</sys_update_name>
        <sys_updated_by>akash</sys_updated_by>
        <sys_updated_on>2022-04-13 10:38:17</sys_updated_on>
    </sys_script_include>
    <sys_update_version action="INSERT_OR_UPDATE">
        <action>DELETE</action>
        <application display_value="Smartsheet Spoke">f719677374021010fa9bb5ebcba7e550</application>
        <file_path/>
        <instance_id>428a36c905030110effdd6012ef1a058</instance_id>
        <instance_name>glide_db_dump</instance_name>
        <name>sys_script_include_9b6c6dd897b40d501ecb350e6253afe3</name>
        <payload>&lt;?xml version="1.0" encoding="UTF-8"?&gt;&lt;record_update table="sys_script_include"&gt;&lt;sys_script_include action="INSERT_OR_UPDATE"&gt;&lt;access&gt;package_private&lt;/access&gt;&lt;active&gt;false&lt;/active&gt;&lt;api_name&gt;sn_smrtsheet_spoke.SmartsheetUTIL1&lt;/api_name&gt;&lt;caller_access/&gt;&lt;client_callable&gt;false&lt;/client_callable&gt;&lt;description/&gt;&lt;name&gt;SmartsheetUTIL1&lt;/name&gt;&lt;script&gt;&lt;![CDATA[//Validating mandatory fields
var SmartsheetUTIL1 = Class.create(); {
	SmartsheetUTIL1.checkMandatoryFields = function(mandatoryFieldsList) {
		var emptyMandatoryFieldsList = [];
		Object.keys(mandatoryFieldsList).forEach(function(key) {
			if (mandatoryFieldsList[key] === null || mandatoryFieldsList[key].trim() === '') {
				emptyMandatoryFieldsList.push(key);
			}
		});
		if (emptyMandatoryFieldsList.length &gt; 0) {
			var errorMsg = "Following mandatory input field(s) cannot be left blank- ".concat(emptyMandatoryFieldsList);
			throw new Error(errorMsg);
		}
	};
	
//Validating if user already exist.
	SmartsheetUTIL1.checkUserAlreadyExist = function(Email) {
		var inputs = {};
		inputs['email'] = Email;
		var result = sn_fd.FlowAPI.getRunner().action('sn_smrtsheet_spoke.look_up_user_by_email').inForeground().withInputs(inputs).run();
		var output = result.getOutputs();
		var user = output['user'];
		if (user.name) {
			throw new Error("User already exists, Please provide a new Email Address");
		}
	};
}

//Creating payload for columns in Create Sheet.
SmartsheetUTIL1.createColumns = function(Sheet) {
	var columns = [];
	for (var i in Sheet) {
		var col = {};
		col.title = Sheet[i].title;
		col.type = Sheet[i].type;
		col.primary = Sheet[i].primary;
		Sheet[i].options[0] == "" ? null : col.options = Sheet[i].options;
		Sheet[i].symbol ? col.symbol = Sheet[i].symbol : null;
		Sheet[i].system_column_type ? col.systemColumnType = Sheet[i].system_column_type : null;
		Sheet[i].width ? col.width = Sheet[i].width : null;
		if (Sheet[i].system_column_type == "AUTO_NUMBER") {
			var auto = {};
			Sheet[i].autoNumberFormat.fill ? auto.fill = Sheet[i].autoNumberFormat.fill : null;
			Sheet[i].autoNumberFormat.prefix ? auto.prefix = Sheet[i].autoNumberFormat.prefix : null;
			Sheet[i].autoNumberFormat.startingNumber ? auto.startingNumber = Sheet[i].autoNumberFormat.startingNumber : null;
			Sheet[i].autoNumberFormat.suffix ? auto.suffix = Sheet[i].autoNumberFormat.suffix : null;
			col.autoNumberFormat = auto;
		}
		columns.push(col);
	}
	return columns;
};

//Creating payload for Update Sheet
SmartsheetUTIL1.updateSheetPayload = function(inputs) {
	var Name = inputs.name;
	var Project = inputs.project;
	var User = inputs.user;
	var payloads = {};
	Name ? payloads.name = Name : null;
	var proj = {};
	Project.nonWorkingDays[0] == "" ? null : proj.nonWorkingDays = Project.nonWorkingDays;
	Project.workingDays[0] == "" ? null : proj.workingDays = Project.workingDays;
	Project.lengthOfDay ? proj.lengthOfDay = Project.lengthOfDay : null;
	var values = Object.keys(proj).map(function(e) {
		return proj[e];
	});
	values.length &gt; 0 ? payloads.projectSettings = proj : null;
	if (User.displaySummaryTasks || User.criticalPathEnabled) {
		var userSetting = {};
		User.displaySummaryTasks ? userSetting.displaySummaryTasks = User.displaySummaryTasks : null;
		User.criticalPathEnabled ? userSetting.criticalPathEnabled = User.criticalPathEnabled : null;
	}
	payloads.userSettings = userSetting;
	return payloads;
};

//Creating payload for Create Row.
SmartsheetUTIL1.createRowPayload = function(inputs) {
	var Location = inputs.location;
	var Format = inputs.format;
	var ParentId = inputs.parentid;
	var SiblingId = inputs.siblingid;
	var Locked = inputs.locked;
	var Cells = inputs.cells;
	var SheetId = inputs.sheetid;
	var Expanded = inputs.expanded;
	var payload = {};
	var mandatoryFieldsList = {
		"Sheet Id": SheetId
	};
	switch (Location) {
		case "toTop":
			payload.toTop = true;
			break;
		case "toBottom":
			payload.toBottom = true;
			break;
		case "parentId":
			mandatoryFieldsList.ParentId = ParentId;
			payload.parentId = ParentId;
			break;
		case "parentId + toBottom":
			mandatoryFieldsList.ParentId = ParentId;
			payload.parentId = ParentId;
			payload.toBottom = true;
			break;
		case "siblingId":
			mandatoryFieldsList.SiblingId = SiblingId;
			payload.siblingId = SiblingId;
			break;
		case "siblingId + above":
			mandatoryFieldsList.SiblingId = SiblingId;
			payload.siblingId = SiblingId;
			payload.above = true;
			break;
		case "indent":
			payload.indent = 1;
			break;
		case "outdent":
			payload.outdent = 1;
			break;
	}
	for (var i in Cells) {
		if (Cells[i].columnId || Cells[i].formula || Cells[i].value) {
			var mandatory = {};
			mandatory.ColumnId = Cells[i].columnId;
			if (Cells[i].formula) {
				mandatory.Formula = Cells[i].formula;
			} else {
				mandatory.Value = Cells[i].value;
				var linkk = Cells[i].linkInFromCell;
				if (linkk.columnId || linkk.rowId || linkk.sheetId) {
					mandatory.ColumnId = linkk.columnId;
					mandatory.RowId = linkk.rowId;
					mandatory.SheetId = linkk.sheetId;
				}
			}
			SmartsheetUTIL1.checkMandatoryFields(mandatory);
		}
	}
	SmartsheetUTIL1.checkMandatoryFields(mandatoryFieldsList);
	Locked ? payload.locked = Locked : null;
	Expanded ? payload.expanded = Expanded : null;
	var cells = [];
	for (var i in Cells) {
		if (Cells[i].columnId || Cells[i].formula || Cells[i].value) {
			var cell = {};
			cell.columnId = Cells[i].columnId;
			if (Cells[i].formula) {
				cell.formula = Cells[i].formula;
			} else {
				cell.value = Cells[i].value;
				var attribute = Cells[i].hyperlink.attribute;
				var value = Cells[i].hyperlink.value;
				if (attribute) {
					var hyperlink = {};
					hyperlink[attribute] = value;
				}
				cell.hyperlink = hyperlink;
				var link = Cells[i].linkInFromCell;
				if (link.columnId || link.rowId || link.sheetId) {
					delete link["name$"];
					cell.linkInFromCell = link;
				}
				Cells[i].strict ? cell.strict = Cells[i].strict : null;
			}
			Cells[i].override_validation ? cell.overrideValidation = Cells[i].override_validation : null;
			Cells[i].format ? cell.format = Cells[i].format : null;
			cells.push(cell);
		}
	}
	cells.length &gt; 0 ? payload.cells = cells : null;
	return payload;
};

//Creating payload for Create Column
	SmartsheetUTIL1.createColumnPayload=function(columns) {
		var payloads = [];
	for (var i in columns) {
		var payload = {};
		var autoNumberFormat=columns[i].auto_number_format;
		delete autoNumberFormat.name$;
		payload.title = columns[i].title.trim();
		payload.type = columns[i].type;
		payload.index = columns[i].index.trim();
		columns[i].formula ? payload.formula = columns[i].formula.trim() : null;
		columns[i].description ? payload.description = columns[i].description.trim() : null;
		columns[i].locked ? payload.locked = columns[i].locked : null;
		columns[i].options[0] == "" ? null : payload.options = columns[i].options;
		columns[i].symbol ? payload.symbol = columns[i].symbol.trim() : null;
		columns[i].system_column_type ? payload.systemColumnType = columns[i].system_column_type : null;
		columns[i].validation ? payload.validation = columns[i].validation : null;
		columns[i].width ? payload.width = columns[i].width.trim() : null;
		if (columns[i].system_column_type == "AUTO_NUMBER") {
			columns[i].auto_number_format ? payload.autoNumberFormat = autoNumberFormat : null;
		}
      payloads.push(payload);
	}
		return JSON.stringify(payloads);
	};
]]&gt;&lt;/script&gt;&lt;sys_class_name&gt;sys_script_include&lt;/sys_class_name&gt;&lt;sys_created_by&gt;chethan.k&lt;/sys_created_by&gt;&lt;sys_created_on&gt;2021-12-29 05:04:11&lt;/sys_created_on&gt;&lt;sys_id&gt;9b6c6dd897b40d501ecb350e6253afe3&lt;/sys_id&gt;&lt;sys_mod_count&gt;25&lt;/sys_mod_count&gt;&lt;sys_name&gt;SmartsheetUTIL1&lt;/sys_name&gt;&lt;sys_package display_value="Smartsheet Spoke" source="sn_smrtsheet_spoke"&gt;f719677374021010fa9bb5ebcba7e550&lt;/sys_package&gt;&lt;sys_policy/&gt;&lt;sys_scope display_value="Smartsheet Spoke"&gt;f719677374021010fa9bb5ebcba7e550&lt;/sys_scope&gt;&lt;sys_update_name&gt;sys_script_include_9b6c6dd897b40d501ecb350e6253afe3&lt;/sys_update_name&gt;&lt;sys_updated_by&gt;akash&lt;/sys_updated_by&gt;&lt;sys_updated_on&gt;2022-04-13 10:38:17&lt;/sys_updated_on&gt;&lt;/sys_script_include&gt;&lt;/record_update&gt;</payload>
        <payload_hash>-1717707717</payload_hash>
        <record_name>SmartsheetUTIL1</record_name>
        <reverted_from/>
        <source>328af37ba3a70110b94d8b3f26fcda57</source>
        <source_table>sys_update_set</source_table>
        <state>previous</state>
        <sys_created_by>admin</sys_created_by>
        <sys_created_on>2022-05-26 05:38:59</sys_created_on>
        <sys_id>3e104c40a3f70110b94d8b3f26fcda5c</sys_id>
        <sys_mod_count>0</sys_mod_count>
        <sys_recorded_at>180fee0145f0000001</sys_recorded_at>
        <sys_updated_by>admin</sys_updated_by>
        <sys_updated_on>2022-05-26 05:38:59</sys_updated_on>
        <type>Script Include</type>
        <update_guid>7b382f0292bec150bc54737f9fd2666c</update_guid>
        <update_guid_history>7b382f0292bec150bc54737f9fd2666c:-1717707717,702d02b15b7e815091ec4ceb70708c27:1627787052,47da8abdbc3e81506579d00e41598ee4:-193872080,21bebd35ab3e8150829722b9113ce650:-1795149979,fae2712ba0eac910b3c46249dde90c50:119651842,77bde5a793eac91049e6605e085a9101:-1522810339,3278a12308eac9109c7fc76ee0bf6ba6:33966765,bb87f95b03ee8910ae3a365ce4a177fa:96822893,6c66b1d751ee891089d593bf88a7b2b2:848099716,5b61b9dfc0ae8910a4718f22a7d0e5f4:497103405,4a3b34577d2e89101207281ea44c717b:96822893,3a0b301bf52e891016b846321ced0cf3:992003882,d100498c0a264910ae91b3ea68a3d342:-1517936247,f5e54c61ae1e81103058fbf146fedbff:476989851,27cd1cbe8cb109107281f750761f3384:-517525835,360c50be07b10910a65f3fd525241b86:-1136101029,148bb98eadfd4510d925460d7667f87e:-1490668495,ca6109e4c2fd01100c9ecfa8fdcfbb7e:-626654721,d2ee1794b6790110d3e7b34997539021:1963491440,5262e6c463f1c11017e76c565cba3325:-50580868,61b12e84fbf1c110ff2be729b101bc3e:769639068,5edf9e0402f1c11033dcd0dcbaa8226d:743908126,b837f2b73ee581104d684a453cc438c7:-625071252,ecc000eb16610954e3f8426b6844b080:-517636958,b0fdad5c81b40d504d8a0f8591bc225a:-766745634,02dca91c64b40d50aa4f7d58234034ac:-786417347</update_guid_history>
    </sys_update_version>
    <sys_metadata_delete action="INSERT_OR_UPDATE">
        <sys_audit_delete/>
        <sys_class_name>sys_metadata_delete</sys_class_name>
        <sys_created_by>admin</sys_created_by>
        <sys_created_on>2022-06-02 08:49:24</sys_created_on>
        <sys_db_object display_value="" name="sys_script_include">sys_script_include</sys_db_object>
        <sys_id>34c8cbb2ce4540409c6608e87612d840</sys_id>
        <sys_metadata>9b6c6dd897b40d501ecb350e6253afe3</sys_metadata>
        <sys_mod_count>0</sys_mod_count>
        <sys_name>SmartsheetUTIL1</sys_name>
        <sys_package display_value="Smartsheet Spoke" source="sn_smrtsheet_spoke">f719677374021010fa9bb5ebcba7e550</sys_package>
        <sys_parent/>
        <sys_policy/>
        <sys_scope display_value="Smartsheet Spoke">f719677374021010fa9bb5ebcba7e550</sys_scope>
        <sys_scope_delete display_value="">133f37b1d8bc4836887f20453fbd5cc9</sys_scope_delete>
        <sys_update_name>sys_script_include_9b6c6dd897b40d501ecb350e6253afe3</sys_update_name>
        <sys_update_version display_value="sys_script_include_9b6c6dd897b40d501ecb350e6253afe3">3e104c40a3f70110b94d8b3f26fcda5c</sys_update_version>
        <sys_updated_by>admin</sys_updated_by>
        <sys_updated_on>2022-06-02 08:49:24</sys_updated_on>
    </sys_metadata_delete>
</record_update>
