<?xml version="1.0" encoding="UTF-8"?><record_update table="sys_alias_templates">
    <sys_alias_templates action="DELETE">
        <default_data_template>{&#13;
  "credential": {&#13;
    "oauth_entity": {&#13;
      "oauth_entity_profile": [&#13;
        {&#13;
          "grant_type": "authorization_code",&#13;
          "name": "&lt;provider-name&gt; Profile",&#13;
          "default": true,&#13;
          "oauth_entity_profile_scope": [&#13;
            "users:read.email"&#13;
          ]&#13;
        }&#13;
      ],&#13;
      "code_challenge_method": "S256",&#13;
      "type": "consumer",&#13;
      "oauth_entity_scope": [&#13;
        {&#13;
          "oauth_entity_scope": "users:read.email",&#13;
          "name": "email"&#13;
        }&#13;
      ],&#13;
      "client_id": "",&#13;
      "use_mutual_auth": false,&#13;
      "revoke_token_url": "https://&lt;provider-domain-name&gt;.com/oauth2/revoke",&#13;
      "default_grant_type": "authorization_code",&#13;
      "public_client": false,&#13;
      "oauth_api_script": "3e3a3a11c333210016194ffe5bba8f70",&#13;
      "name": "&lt;provider-name&gt; Spoke OAuth",&#13;
      "client_secret": "",&#13;
      "auth_url": "https://&lt;provider-domain-name&gt;.com/oauth2/auth",&#13;
      "token_url": "https://&lt;provider-domain-name&gt;.com/oauth2/token",&#13;
      "redirect_url": ""&#13;
    },&#13;
    "name": "&lt;provider-name&gt; Spoke Credential",&#13;
    "table": "oauth_2_0_credentials"&#13;
  },&#13;
  "connection": {&#13;
    "use_mid": false,&#13;
    "connection_url": "",&#13;
    "name": "",&#13;
    "table": "http_connection"&#13;
  }&#13;
}</default_data_template>
        <dynamic_data_schema>{&#13;
  "connection_fields": [{&#13;
	"name": "connection.name",&#13;
	"label": "Connection Name",&#13;
	"type": "text",&#13;
	"defaultValue": "&lt;provider-name&gt; Spoke Connection",&#13;
	"hint": "Display name for the Connection",&#13;
        "mandatory":true&#13;
    },&#13;
    {&#13;
      "name": "connection.connection_url",&#13;
      "label": "Connection URL",&#13;
      "type": "text",&#13;
      "defaultValue": "https://&lt;provider-domain-name&gt;.com",&#13;
      "hint": "Connection URL for provider",&#13;
        "mandatory":true&#13;
    }&#13;
  ],&#13;
  "credential_fields": [&#13;
   {&#13;
      "name": "credential.oauth_entity.name",&#13;
      "label": "OAuth Entity Name",&#13;
      "type": "text",&#13;
      "hint": "Display Name for the OAuth Entity",&#13;
        "mandatory":true&#13;
    },&#13;
    {&#13;
      "name": "credential.oauth_entity.client_id",&#13;
      "label": "OAuth Client ID",&#13;
      "type": "text",&#13;
      "hint": "Client ID for provider",&#13;
        "mandatory":true&#13;
    },&#13;
    {&#13;
      "name": "credential.oauth_entity.client_secret",&#13;
      "label": "OAuth Client Secret",&#13;
      "type": "password",&#13;
      "hint": "Client Secret for provider",&#13;
        "mandatory":true&#13;
    },&#13;
    {&#13;
      "name": "credential.oauth_entity.redirect_url",&#13;
      "label": "OAuth Redirect URL",&#13;
      "type": "text",&#13;
      "defaultValue": "https://&lt;instance-name&gt;.service-now.com/oauth_redirect.do",&#13;
      "hint": "Callback URL for provider",&#13;
        "mandatory":true&#13;
    }&#13;
  ]&#13;
}</dynamic_data_schema>
        <name>SmartSheet Oauth</name>
        <on_edit_script><![CDATA[(function execute(aliasId, connectionSysId, jsonDefaultData, jsonDynamicData) {
   // aliasId: sys_id of the alias record
   // connectionSysId: sys_id of the connection record created by using the default and dynamic data
   // jsonDefaultData (String): The default JSON template data from template table
   // e.g. var jsonDefaultParsed = JSON.parse(jsonDefaultData);
   //      gs.info("default connection url = " + jsonDefaultParsed["connection"]["connection_url"]);
   // jsonDynamicData (String): User input based on the key/values defined in "Dynamic Data"
   // e.g. var jsonDynamicParsed = JSON.parse(jsonDynamicData);
   //      gs.info("dynamic connection url = " + jsonDynamicParsed["connection.connection_url"]);
})(aliasId, connectionSysId, jsonDefaultData, jsonDynamicData);
]]></on_edit_script>
        <post_process_script><![CDATA[(function execute(aliasId, connectionSysId, jsonDefaultData, jsonDynamicData) {
   // aliasId: sys_id of the alias record
   // connectionSysId: sys_id of the connection record created by using the default and dynamic data
   // jsonDefaultData (String): The default JSON template data from template table
   // e.g. var jsonDefaultParsed = JSON.parse(jsonDefaultData);
   //      gs.info("default connection url = " + jsonDefaultParsed["connection"]["connection_url"]);
   // jsonDynamicData (String): User input based on the key/values defined in "Dynamic Data"
   // e.g. var jsonDynamicParsed = JSON.parse(jsonDynamicData);
   //      gs.info("dynamic connection url = " + jsonDynamicParsed["connection.connection_url"]);
})(aliasId, connectionSysId, jsonDefaultData, jsonDynamicData);
]]></post_process_script>
        <sys_class_name>sys_alias_templates</sys_class_name>
        <sys_created_by>akash</sys_created_by>
        <sys_created_on>2022-03-28 09:09:39</sys_created_on>
        <sys_id>af6af00587eac9104cbb42e5dabb3530</sys_id>
        <sys_mod_count>0</sys_mod_count>
        <sys_name>SmartSheet Oauth</sys_name>
        <sys_package display_value="Smartsheet Spoke" source="sn_smrtsheet_spoke">f719677374021010fa9bb5ebcba7e550</sys_package>
        <sys_policy/>
        <sys_scope display_value="Smartsheet Spoke">f719677374021010fa9bb5ebcba7e550</sys_scope>
        <sys_update_name>sys_alias_templates_af6af00587eac9104cbb42e5dabb3530</sys_update_name>
        <sys_updated_by>akash</sys_updated_by>
        <sys_updated_on>2022-03-28 09:09:39</sys_updated_on>
    </sys_alias_templates>
<sys_update_version action="INSERT_OR_UPDATE">
        <action>DELETE</action>
        <application display_value="Smartsheet Spoke">f719677374021010fa9bb5ebcba7e550</application>
        <file_path/>
        <instance_id>f5b4ce77db7b0d9407072f17d496190d</instance_id>
        <instance_name>ajaytokyo2</instance_name>
        <name>sys_alias_templates_af6af00587eac9104cbb42e5dabb3530</name>
        <payload>&lt;?xml version="1.0" encoding="UTF-8"?&gt;&lt;record_update table="sys_alias_templates"&gt;
    &lt;sys_alias_templates action="INSERT_OR_UPDATE"&gt;
        &lt;default_data_template&gt;{&amp;#13;
  "credential": {&amp;#13;
    "oauth_entity": {&amp;#13;
      "oauth_entity_profile": [&amp;#13;
        {&amp;#13;
          "grant_type": "authorization_code",&amp;#13;
          "name": "&amp;lt;provider-name&amp;gt; Profile",&amp;#13;
          "default": true,&amp;#13;
          "oauth_entity_profile_scope": [&amp;#13;
            "users:read.email"&amp;#13;
          ]&amp;#13;
        }&amp;#13;
      ],&amp;#13;
      "code_challenge_method": "S256",&amp;#13;
      "type": "consumer",&amp;#13;
      "oauth_entity_scope": [&amp;#13;
        {&amp;#13;
          "oauth_entity_scope": "users:read.email",&amp;#13;
          "name": "email"&amp;#13;
        }&amp;#13;
      ],&amp;#13;
      "client_id": "",&amp;#13;
      "use_mutual_auth": false,&amp;#13;
      "revoke_token_url": "https://&amp;lt;provider-domain-name&amp;gt;.com/oauth2/revoke",&amp;#13;
      "default_grant_type": "authorization_code",&amp;#13;
      "public_client": false,&amp;#13;
      "oauth_api_script": "3e3a3a11c333210016194ffe5bba8f70",&amp;#13;
      "name": "&amp;lt;provider-name&amp;gt; Spoke OAuth",&amp;#13;
      "client_secret": "",&amp;#13;
      "auth_url": "https://&amp;lt;provider-domain-name&amp;gt;.com/oauth2/auth",&amp;#13;
      "token_url": "https://&amp;lt;provider-domain-name&amp;gt;.com/oauth2/token",&amp;#13;
      "redirect_url": ""&amp;#13;
    },&amp;#13;
    "name": "&amp;lt;provider-name&amp;gt; Spoke Credential",&amp;#13;
    "table": "oauth_2_0_credentials"&amp;#13;
  },&amp;#13;
  "connection": {&amp;#13;
    "use_mid": false,&amp;#13;
    "connection_url": "",&amp;#13;
    "name": "",&amp;#13;
    "table": "http_connection"&amp;#13;
  }&amp;#13;
}&lt;/default_data_template&gt;
        &lt;dynamic_data_schema&gt;{&amp;#13;
  "connection_fields": [{&amp;#13;
	"name": "connection.name",&amp;#13;
	"label": "Connection Name",&amp;#13;
	"type": "text",&amp;#13;
	"defaultValue": "&amp;lt;provider-name&amp;gt; Spoke Connection",&amp;#13;
	"hint": "Display name for the Connection",&amp;#13;
        "mandatory":true&amp;#13;
    },&amp;#13;
    {&amp;#13;
      "name": "connection.connection_url",&amp;#13;
      "label": "Connection URL",&amp;#13;
      "type": "text",&amp;#13;
      "defaultValue": "https://&amp;lt;provider-domain-name&amp;gt;.com",&amp;#13;
      "hint": "Connection URL for provider",&amp;#13;
        "mandatory":true&amp;#13;
    }&amp;#13;
  ],&amp;#13;
  "credential_fields": [&amp;#13;
   {&amp;#13;
      "name": "credential.oauth_entity.name",&amp;#13;
      "label": "OAuth Entity Name",&amp;#13;
      "type": "text",&amp;#13;
      "hint": "Display Name for the OAuth Entity",&amp;#13;
        "mandatory":true&amp;#13;
    },&amp;#13;
    {&amp;#13;
      "name": "credential.oauth_entity.client_id",&amp;#13;
      "label": "OAuth Client ID",&amp;#13;
      "type": "text",&amp;#13;
      "hint": "Client ID for provider",&amp;#13;
        "mandatory":true&amp;#13;
    },&amp;#13;
    {&amp;#13;
      "name": "credential.oauth_entity.client_secret",&amp;#13;
      "label": "OAuth Client Secret",&amp;#13;
      "type": "password",&amp;#13;
      "hint": "Client Secret for provider",&amp;#13;
        "mandatory":true&amp;#13;
    },&amp;#13;
    {&amp;#13;
      "name": "credential.oauth_entity.redirect_url",&amp;#13;
      "label": "OAuth Redirect URL",&amp;#13;
      "type": "text",&amp;#13;
      "defaultValue": "https://&amp;lt;instance-name&amp;gt;.service-now.com/oauth_redirect.do",&amp;#13;
      "hint": "Callback URL for provider",&amp;#13;
        "mandatory":true&amp;#13;
    }&amp;#13;
  ]&amp;#13;
}&lt;/dynamic_data_schema&gt;
        &lt;name&gt;SmartSheet Oauth&lt;/name&gt;
        &lt;on_edit_script&gt;&lt;![CDATA[(function execute(aliasId, connectionSysId, jsonDefaultData, jsonDynamicData) {
   // aliasId: sys_id of the alias record
   // connectionSysId: sys_id of the connection record created by using the default and dynamic data
   // jsonDefaultData (String): The default JSON template data from template table
   // e.g. var jsonDefaultParsed = JSON.parse(jsonDefaultData);
   //      gs.info("default connection url = " + jsonDefaultParsed["connection"]["connection_url"]);
   // jsonDynamicData (String): User input based on the key/values defined in "Dynamic Data"
   // e.g. var jsonDynamicParsed = JSON.parse(jsonDynamicData);
   //      gs.info("dynamic connection url = " + jsonDynamicParsed["connection.connection_url"]);
})(aliasId, connectionSysId, jsonDefaultData, jsonDynamicData);
]]&gt;&lt;/on_edit_script&gt;
        &lt;post_process_script&gt;&lt;![CDATA[(function execute(aliasId, connectionSysId, jsonDefaultData, jsonDynamicData) {
   // aliasId: sys_id of the alias record
   // connectionSysId: sys_id of the connection record created by using the default and dynamic data
   // jsonDefaultData (String): The default JSON template data from template table
   // e.g. var jsonDefaultParsed = JSON.parse(jsonDefaultData);
   //      gs.info("default connection url = " + jsonDefaultParsed["connection"]["connection_url"]);
   // jsonDynamicData (String): User input based on the key/values defined in "Dynamic Data"
   // e.g. var jsonDynamicParsed = JSON.parse(jsonDynamicData);
   //      gs.info("dynamic connection url = " + jsonDynamicParsed["connection.connection_url"]);
})(aliasId, connectionSysId, jsonDefaultData, jsonDynamicData);
]]&gt;&lt;/post_process_script&gt;
        &lt;sys_class_name&gt;sys_alias_templates&lt;/sys_class_name&gt;
        &lt;sys_created_by&gt;akash&lt;/sys_created_by&gt;
        &lt;sys_created_on&gt;2022-03-28 09:09:39&lt;/sys_created_on&gt;
        &lt;sys_id&gt;af6af00587eac9104cbb42e5dabb3530&lt;/sys_id&gt;
        &lt;sys_mod_count&gt;0&lt;/sys_mod_count&gt;
        &lt;sys_name&gt;SmartSheet Oauth&lt;/sys_name&gt;
        &lt;sys_package display_value="Smartsheet Spoke" source="sn_smrtsheet_spoke"&gt;f719677374021010fa9bb5ebcba7e550&lt;/sys_package&gt;
        &lt;sys_policy/&gt;
        &lt;sys_scope display_value="Smartsheet Spoke"&gt;f719677374021010fa9bb5ebcba7e550&lt;/sys_scope&gt;
        &lt;sys_update_name&gt;sys_alias_templates_af6af00587eac9104cbb42e5dabb3530&lt;/sys_update_name&gt;
        &lt;sys_updated_by&gt;akash&lt;/sys_updated_by&gt;
        &lt;sys_updated_on&gt;2022-03-28 09:09:39&lt;/sys_updated_on&gt;
    &lt;/sys_alias_templates&gt;
&lt;/record_update&gt;</payload>
        <payload_hash>-623843543</payload_hash>
        <record_name>SmartSheet Oauth</record_name>
        <reverted_from/>
        <source>904e597247c41110395052a5d36d4305</source>
        <source_table>sys_upgrade_history</source_table>
        <state>previous</state>
        <sys_created_by>rahul.tadisetti@snc</sys_created_by>
        <sys_created_on>2022-06-16 11:49:29</sys_created_on>
        <sys_id>764e1d7247c41110395052a5d36d4350</sys_id>
        <sys_mod_count>0</sys_mod_count>
        <sys_recorded_at>1816c58d2780000001</sys_recorded_at>
        <sys_updated_by>rahul.tadisetti@snc</sys_updated_by>
        <sys_updated_on>2022-06-16 11:49:29</sys_updated_on>
        <type>Connection &amp; Credential Templates</type>
        <update_guid>364e1d72e0c41110adf4633b39f12550</update_guid>
        <update_guid_history>364e1d72e0c41110adf4633b39f12550:-623843543</update_guid_history>
    </sys_update_version>
    <sys_metadata_delete action="INSERT_OR_UPDATE">
        <sys_audit_delete/>
        <sys_class_name>sys_metadata_delete</sys_class_name>
        <sys_created_by>mayank.sharma</sys_created_by>
        <sys_created_on>2022-06-16 15:18:27</sys_created_on>
        <sys_db_object display_value="" name="sys_alias_templates">sys_alias_templates</sys_db_object>
        <sys_id>bfbee3c7fd0f499397e1666e29e38531</sys_id>
        <sys_metadata>af6af00587eac9104cbb42e5dabb3530</sys_metadata>
        <sys_name>SmartSheet Oauth</sys_name>
        <sys_package display_value="Smartsheet Spoke" source="sn_smrtsheet_spoke">f719677374021010fa9bb5ebcba7e550</sys_package>
        <sys_parent/>
        <sys_policy/>
        <sys_scope display_value="Smartsheet Spoke">f719677374021010fa9bb5ebcba7e550</sys_scope>
        <sys_scope_delete display_value="">133f37b1d8bc4836887f20453fbd5cc9</sys_scope_delete>
        <sys_update_name>sys_alias_templates_af6af00587eac9104cbb42e5dabb3530</sys_update_name>
        <sys_update_version display_value="sys_alias_templates_af6af00587eac9104cbb42e5dabb3530">764e1d7247c41110395052a5d36d4350</sys_update_version>
    </sys_metadata_delete>
</record_update>
