<?xml version="1.0" encoding="UTF-8"?><record_update sys_domain="global" table="sys_hub_flow">
    <sys_hub_flow action="DELETE">
        <access>public</access>
        <acls/>
        <active>false</active>
        <annotation/>
        <callable_by_client_api>false</callable_by_client_api>
        <category/>
        <compiler_build/>
        <copied_from/>
        <copied_from_name/>
        <description/>
        <internal_name>test_flow</internal_name>
        <label_cache>[]</label_cache>
        <latest_snapshot/>
        <master_snapshot/>
        <name>test flow</name>
        <natlang/>
        <outputs/>
        <remote_trigger_id/>
        <run_as>system</run_as>
        <run_with_roles/>
        <sc_callable>false</sc_callable>
        <show_draft_actions>false</show_draft_actions>
        <show_triggered_flows>false</show_triggered_flows>
        <status>draft</status>
        <sys_class_name>sys_hub_flow</sys_class_name>
        <sys_created_by>akash</sys_created_by>
        <sys_created_on>2022-04-22 06:30:12</sys_created_on>
        <sys_domain>global</sys_domain>
        <sys_domain_path>/</sys_domain_path>
        <sys_id>d1c5c94d8787895044cc63173cbb3545</sys_id>
        <sys_mod_count>0</sys_mod_count>
        <sys_name>test flow</sys_name>
        <sys_overrides/>
        <sys_package display_value="Smartsheet Spoke" source="sn_smrtsheet_spoke">f719677374021010fa9bb5ebcba7e550</sys_package>
        <sys_policy/>
        <sys_scope display_value="Smartsheet Spoke">f719677374021010fa9bb5ebcba7e550</sys_scope>
        <sys_update_name>sys_hub_flow_d1c5c94d8787895044cc63173cbb3545</sys_update_name>
        <sys_updated_by>akash</sys_updated_by>
        <sys_updated_on>2022-04-22 06:30:12</sys_updated_on>
        <type>flow</type>
    </sys_hub_flow>
    <sys_translated_text action="DELETE" query="documentkey=d1c5c94d8787895044cc63173cbb3545"/>
    <sys_variable_value action="DELETE" query="document_key=d1c5c94d8787895044cc63173cbb3545"/>
    <sys_hub_trigger_instance action="DELETE" query="flow=d1c5c94d8787895044cc63173cbb3545"/>
    <sys_hub_flow_stage action="DELETE" query="flow=d1c5c94d8787895044cc63173cbb3545"/>
    <sys_flow_cat_variable_model action="DELETE" query="id=d1c5c94d8787895044cc63173cbb3545^sys_idNOT IN5dc5c94d8787895044cc63173cbb3547"/>
    <sys_flow_cat_variable_model action="DELETE">
        <id>d1c5c94d8787895044cc63173cbb3545</id>
        <name>test flow</name>
        <sys_created_by>akash</sys_created_by>
        <sys_created_on>2022-04-22 06:30:12</sys_created_on>
        <sys_id>5dc5c94d8787895044cc63173cbb3547</sys_id>
        <sys_mod_count>0</sys_mod_count>
        <sys_scope/>
        <sys_updated_by>akash</sys_updated_by>
        <sys_updated_on>2022-04-22 06:30:12</sys_updated_on>
    </sys_flow_cat_variable_model>
    <sys_flow_cat_variable action="DELETE" query="flow_catalog_model=5dc5c94d8787895044cc63173cbb3547"/>
    <sys_hub_flow_input action="DELETE" query="model=d1c5c94d8787895044cc63173cbb3545"/>
    <sys_hub_flow_output action="DELETE" query="model=d1c5c94d8787895044cc63173cbb3545"/>
    <sys_hub_alias_mapping action="DELETE" query="source_id=d1c5c94d8787895044cc63173cbb3545"/>
    <sys_hub_action_instance action="DELETE" query="flow=d1c5c94d8787895044cc63173cbb3545"/>
    <sys_hub_sub_flow_instance action="DELETE" query="flow=d1c5c94d8787895044cc63173cbb3545"/>
    <sys_hub_flow_logic action="DELETE" query="flow=d1c5c94d8787895044cc63173cbb3545"/>
    <sys_hub_pill_compound action="DELETE" query="attached_to=d1c5c94d8787895044cc63173cbb3545"/>
    <sys_hub_flow_variable action="DELETE" query="model=d1c5c94d8787895044cc63173cbb3545"/>
    <sys_documentation action="DELETE" query="name=var__m_sys_hub_flow_input_d1c5c94d8787895044cc63173cbb3545"/>
    <sys_choice action="DELETE" query="name=var__m_sys_hub_flow_input_d1c5c94d8787895044cc63173cbb3545"/>
    <sys_documentation action="DELETE" query="name=var__m_sys_hub_flow_output_d1c5c94d8787895044cc63173cbb3545"/>
    <sys_choice action="DELETE" query="name=var__m_sys_hub_flow_output_d1c5c94d8787895044cc63173cbb3545"/>
    <sys_flow_trigger_plan action="DELETE" query="plan_id=d1c5c94d8787895044cc63173cbb3545"/>
    <sys_flow_subflow_plan action="DELETE" query="plan_id=d1c5c94d8787895044cc63173cbb3545"/>
    <sys_update_version action="INSERT_OR_UPDATE">
        <action>DELETE</action>
        <application display_value="Smartsheet Spoke">f719677374021010fa9bb5ebcba7e550</application>
        <file_path/>
        <instance_id>428a36c905030110effdd6012ef1a058</instance_id>
        <instance_name>glide_db_dump</instance_name>
        <name>sys_hub_flow_d1c5c94d8787895044cc63173cbb3545</name>
        <payload><![CDATA[<?xml version="1.0" encoding="UTF-8"?><record_update sys_domain="global" table="sys_hub_flow"><sys_hub_flow action="INSERT_OR_UPDATE"><access>public</access><acls/><active>false</active><annotation/><callable_by_client_api>false</callable_by_client_api><category/><compiler_build/><copied_from/><copied_from_name/><description/><internal_name>test_flow</internal_name><label_cache>[]</label_cache><latest_snapshot/><master_snapshot/><name>test flow</name><natlang/><outputs/><remote_trigger_id/><run_as>system</run_as><run_with_roles/><sc_callable>false</sc_callable><show_draft_actions>false</show_draft_actions><show_triggered_flows>false</show_triggered_flows><status>draft</status><sys_class_name>sys_hub_flow</sys_class_name><sys_created_by>akash</sys_created_by><sys_created_on>2022-04-22 06:30:12</sys_created_on><sys_domain>global</sys_domain><sys_domain_path>/</sys_domain_path><sys_id>d1c5c94d8787895044cc63173cbb3545</sys_id><sys_mod_count>0</sys_mod_count><sys_name>test flow</sys_name><sys_overrides/><sys_package display_value="Smartsheet Spoke" source="sn_smrtsheet_spoke">f719677374021010fa9bb5ebcba7e550</sys_package><sys_policy/><sys_scope display_value="Smartsheet Spoke">f719677374021010fa9bb5ebcba7e550</sys_scope><sys_update_name>sys_hub_flow_d1c5c94d8787895044cc63173cbb3545</sys_update_name><sys_updated_by>akash</sys_updated_by><sys_updated_on>2022-04-22 06:30:12</sys_updated_on><type>flow</type></sys_hub_flow><sys_translated_text action="delete_multiple" query="documentkey=d1c5c94d8787895044cc63173cbb3545"/><sys_variable_value action="delete_multiple" query="document_key=d1c5c94d8787895044cc63173cbb3545"/><sys_hub_trigger_instance action="delete_multiple" query="flow=d1c5c94d8787895044cc63173cbb3545"/><sys_hub_flow_stage action="delete_multiple" query="flow=d1c5c94d8787895044cc63173cbb3545"/><sys_flow_cat_variable_model action="delete_multiple" query="id=d1c5c94d8787895044cc63173cbb3545^sys_idNOT IN5dc5c94d8787895044cc63173cbb3547"/><sys_flow_cat_variable_model action="INSERT_OR_UPDATE"><id>d1c5c94d8787895044cc63173cbb3545</id><name>test flow</name><sys_created_by>akash</sys_created_by><sys_created_on>2022-04-22 06:30:12</sys_created_on><sys_id>5dc5c94d8787895044cc63173cbb3547</sys_id><sys_mod_count>0</sys_mod_count><sys_scope/><sys_updated_by>akash</sys_updated_by><sys_updated_on>2022-04-22 06:30:12</sys_updated_on></sys_flow_cat_variable_model><sys_flow_cat_variable action="delete_multiple" query="flow_catalog_model=5dc5c94d8787895044cc63173cbb3547"/><sys_hub_flow_input action="delete_multiple" query="model=d1c5c94d8787895044cc63173cbb3545"/><sys_hub_flow_output action="delete_multiple" query="model=d1c5c94d8787895044cc63173cbb3545"/><sys_hub_alias_mapping action="delete_multiple" query="source_id=d1c5c94d8787895044cc63173cbb3545"/><sys_hub_action_instance action="delete_multiple" query="flow=d1c5c94d8787895044cc63173cbb3545"/><sys_hub_sub_flow_instance action="delete_multiple" query="flow=d1c5c94d8787895044cc63173cbb3545"/><sys_hub_flow_logic action="delete_multiple" query="flow=d1c5c94d8787895044cc63173cbb3545"/><sys_hub_pill_compound action="delete_multiple" query="attached_to=d1c5c94d8787895044cc63173cbb3545"/><sys_hub_flow_variable action="delete_multiple" query="model=d1c5c94d8787895044cc63173cbb3545"/><sys_documentation action="delete_multiple" query="name=var__m_sys_hub_flow_input_d1c5c94d8787895044cc63173cbb3545"/><sys_choice action="delete_multiple" query="name=var__m_sys_hub_flow_input_d1c5c94d8787895044cc63173cbb3545"/><sys_documentation action="delete_multiple" query="name=var__m_sys_hub_flow_output_d1c5c94d8787895044cc63173cbb3545"/><sys_choice action="delete_multiple" query="name=var__m_sys_hub_flow_output_d1c5c94d8787895044cc63173cbb3545"/><sys_flow_trigger_plan action="delete_multiple" query="plan_id=d1c5c94d8787895044cc63173cbb3545"/><sys_flow_subflow_plan action="delete_multiple" query="plan_id=d1c5c94d8787895044cc63173cbb3545"/></record_update>]]></payload>
        <payload_hash>-1505904564</payload_hash>
        <record_name>test flow</record_name>
        <reverted_from/>
        <source>328af37ba3a70110b94d8b3f26fcda57</source>
        <source_table>sys_update_set</source_table>
        <state>previous</state>
        <sys_created_by>admin</sys_created_by>
        <sys_created_on>2022-05-26 05:38:51</sys_created_on>
        <sys_id>4110c840a3f70110b94d8b3f26fcda72</sys_id>
        <sys_mod_count>0</sys_mod_count>
        <sys_recorded_at>180fedff5820000001</sys_recorded_at>
        <sys_updated_by>admin</sys_updated_by>
        <sys_updated_on>2022-05-26 05:38:51</sys_updated_on>
        <type>Flow</type>
        <update_guid>f9c54d4dc18789509c7bb901d678b21a</update_guid>
        <update_guid_history>f9c54d4dc18789509c7bb901d678b21a:-1505904564</update_guid_history>
    </sys_update_version>
    <sys_metadata_delete action="INSERT_OR_UPDATE">
        <sys_audit_delete/>
        <sys_class_name>sys_metadata_delete</sys_class_name>
        <sys_created_by>admin</sys_created_by>
        <sys_created_on>2022-06-02 09:06:49</sys_created_on>
        <sys_db_object display_value="" name="sys_hub_flow">sys_hub_flow</sys_db_object>
        <sys_id>30a6de53c77d4293bd2dca2a04e282b1</sys_id>
        <sys_metadata>d1c5c94d8787895044cc63173cbb3545</sys_metadata>
        <sys_mod_count>0</sys_mod_count>
        <sys_name>test flow</sys_name>
        <sys_package display_value="Smartsheet Spoke" source="sn_smrtsheet_spoke">f719677374021010fa9bb5ebcba7e550</sys_package>
        <sys_parent/>
        <sys_policy/>
        <sys_scope display_value="Smartsheet Spoke">f719677374021010fa9bb5ebcba7e550</sys_scope>
        <sys_scope_delete display_value="">133f37b1d8bc4836887f20453fbd5cc9</sys_scope_delete>
        <sys_update_name>sys_hub_flow_d1c5c94d8787895044cc63173cbb3545</sys_update_name>
        <sys_update_version display_value="sys_hub_flow_d1c5c94d8787895044cc63173cbb3545">4110c840a3f70110b94d8b3f26fcda72</sys_update_version>
        <sys_updated_by>admin</sys_updated_by>
        <sys_updated_on>2022-06-02 09:06:49</sys_updated_on>
    </sys_metadata_delete>
</record_update>
