<?xml version="1.0" encoding="UTF-8"?><record_update table="sys_security_acl_role">
    <sys_security_acl_role action="DELETE">
        <sys_class_name>sys_security_acl_role</sys_class_name>
        <sys_created_by>akash</sys_created_by>
        <sys_created_on>2022-03-23 08:13:57</sys_created_on>
        <sys_id>70ddfe1387dac5104cbb42e5dabb35b1</sys_id>
        <sys_mod_count>0</sys_mod_count>
        <sys_name>sn_smrtsheet_spoke_smartsheet_sheets_by_date.sn_smrtsheet_spoke.smartsheet_sheets_by_date_user</sys_name>
        <sys_package display_value="Smartsheet Spoke" source="sn_smrtsheet_spoke">f719677374021010fa9bb5ebcba7e550</sys_package>
        <sys_policy/>
        <sys_scope display_value="Smartsheet Spoke">f719677374021010fa9bb5ebcba7e550</sys_scope>
        <sys_security_acl display_value="sn_smrtsheet_spoke_smartsheet_sheets_by_date">fcddfe1387dac5104cbb42e5dabb35ad</sys_security_acl>
        <sys_update_name>sys_security_acl_role_70ddfe1387dac5104cbb42e5dabb35b1</sys_update_name>
        <sys_updated_by>akash</sys_updated_by>
        <sys_updated_on>2022-03-23 08:13:57</sys_updated_on>
        <sys_user_role display_value="sn_smrtsheet_spoke.smartsheet_sheets_by_date_user" name="sn_smrtsheet_spoke.smartsheet_sheets_by_date_user">a4ddbe1387dac5104cbb42e5dabb355a</sys_user_role>
        <transaction_id/>
    </sys_security_acl_role>
    <sys_update_version action="INSERT_OR_UPDATE">
        <action>DELETE</action>
        <application display_value="Smartsheet Spoke">f719677374021010fa9bb5ebcba7e550</application>
        <file_path/>
        <instance_id>428a36c905030110effdd6012ef1a058</instance_id>
        <instance_name>glide_db_dump</instance_name>
        <name>sys_security_acl_role_70ddfe1387dac5104cbb42e5dabb35b1</name>
        <payload><![CDATA[<?xml version="1.0" encoding="UTF-8"?><record_update table="sys_security_acl_role"><sys_security_acl_role action="INSERT_OR_UPDATE"><sys_class_name>sys_security_acl_role</sys_class_name><sys_created_by>akash</sys_created_by><sys_created_on>2022-03-23 08:13:57</sys_created_on><sys_id>70ddfe1387dac5104cbb42e5dabb35b1</sys_id><sys_mod_count>0</sys_mod_count><sys_name>sn_smrtsheet_spoke_smartsheet_sheets_by_date.sn_smrtsheet_spoke.smartsheet_sheets_by_date_user</sys_name><sys_package display_value="Smartsheet Spoke" source="sn_smrtsheet_spoke">f719677374021010fa9bb5ebcba7e550</sys_package><sys_policy/><sys_scope display_value="Smartsheet Spoke">f719677374021010fa9bb5ebcba7e550</sys_scope><sys_security_acl display_value="sn_smrtsheet_spoke_smartsheet_sheets_by_date">fcddfe1387dac5104cbb42e5dabb35ad</sys_security_acl><sys_update_name>sys_security_acl_role_70ddfe1387dac5104cbb42e5dabb35b1</sys_update_name><sys_updated_by>akash</sys_updated_by><sys_updated_on>2022-03-23 08:13:57</sys_updated_on><sys_user_role display_value="sn_smrtsheet_spoke.smartsheet_sheets_by_date_user" name="sn_smrtsheet_spoke.smartsheet_sheets_by_date_user">a4ddbe1387dac5104cbb42e5dabb355a</sys_user_role><transaction_id/></sys_security_acl_role></record_update>]]></payload>
        <payload_hash>-1565169296</payload_hash>
        <record_name>sn_smrtsheet_spoke_smartsheet_sheets_by_date.sn_smrtsheet_spoke.smartsheet_sheets_by_date_user</record_name>
        <reverted_from/>
        <source>820218f7a3630110b94d8b3f26fcdac6</source>
        <source_table>sys_update_set</source_table>
        <state>previous</state>
        <sys_created_by>admin</sys_created_by>
        <sys_created_on>2022-05-25 12:55:48</sys_created_on>
        <sys_id>337a5037a3a30110b94d8b3f26fcda1a</sys_id>
        <sys_mod_count>0</sys_mod_count>
        <sys_recorded_at>180fb49a1de0000001</sys_recorded_at>
        <sys_updated_by>admin</sys_updated_by>
        <sys_updated_on>2022-05-25 12:55:48</sys_updated_on>
        <type>Access Roles</type>
        <update_guid>34ddfe1307dac510f249b1f70d696fb3</update_guid>
        <update_guid_history>34ddfe1307dac510f249b1f70d696fb3:-1565169296</update_guid_history>
    </sys_update_version>
    <sys_metadata_delete action="INSERT_OR_UPDATE">
        <sys_audit_delete display_value="sn_smrtsheet_spoke_smartsheet_sheets_by_date.sn_smrtsheet_spoke.smartsheet_sheet">b25cb896a3770110b94d8b3f26fcdaab</sys_audit_delete>
        <sys_class_name>sys_metadata_delete</sys_class_name>
        <sys_created_by>admin</sys_created_by>
        <sys_created_on>2022-06-02 09:48:33</sys_created_on>
        <sys_db_object display_value="" name="sys_security_acl_role">sys_security_acl_role</sys_db_object>
        <sys_id>302fa3e0462040eead3f60d9f5359341</sys_id>
        <sys_metadata>70ddfe1387dac5104cbb42e5dabb35b1</sys_metadata>
        <sys_mod_count>0</sys_mod_count>
        <sys_name>sn_smrtsheet_spoke_smartsheet_sheets_by_date.sn_smrtsheet_spoke.smartsheet_sheets_by_date_user</sys_name>
        <sys_package display_value="Smartsheet Spoke" source="sn_smrtsheet_spoke">f719677374021010fa9bb5ebcba7e550</sys_package>
        <sys_parent display_value="">fcddfe1387dac5104cbb42e5dabb35ad</sys_parent>
        <sys_policy/>
        <sys_scope display_value="Smartsheet Spoke">f719677374021010fa9bb5ebcba7e550</sys_scope>
        <sys_scope_delete display_value="">133f37b1d8bc4836887f20453fbd5cc9</sys_scope_delete>
        <sys_update_name>sys_security_acl_role_70ddfe1387dac5104cbb42e5dabb35b1</sys_update_name>
        <sys_update_version display_value="sys_security_acl_role_70ddfe1387dac5104cbb42e5dabb35b1">337a5037a3a30110b94d8b3f26fcda1a</sys_update_version>
        <sys_updated_by>admin</sys_updated_by>
        <sys_updated_on>2022-06-02 09:48:33</sys_updated_on>
    </sys_metadata_delete>
</record_update>
