<?xml version="1.0" encoding="UTF-8"?><record_update sys_domain="global" table="sys_hub_flow">
    <sys_hub_flow action="DELETE">
        <access>public</access>
        <acls/>
        <active>false</active>
        <annotation/>
        <callable_by_client_api>false</callable_by_client_api>
        <category/>
        <compiler_build/>
        <copied_from/>
        <copied_from_name/>
        <description/>
        <internal_name>look_up_sheet_by_id</internal_name>
        <label_cache>[{"name":"37b1437f-bd85-4c63-930b-c874299642b5.variable2","label":"1 - Look up Sheet by ID➛Sheet","reference_display":"Sheet","type":"object","base_type":"object","attributes":{"sourceId":"11229b0e-fa47-4a4f-85b7-d4f88739b9de","uiTypeLabel":"Object","co_type_name":"FD9a210828e5f90110a74092d511d9e149","element_mapping_provider":"com.glide.flow_design.action.data.FlowDesignVariableMapper","sourceType":"step","sourceUiUniqueId":"3dfe5450-34e0-41b7-9724-465c8613923a","uiType":"object","uiUniqueId":"321246a2-db65-4a24-b647-adf5837c2b9f"}},{"name":"37b1437f-bd85-4c63-930b-c874299642b5.variable1","label":"1 - Look up Sheet by ID➛Status","reference_display":"Status","type":"string","base_type":"string","attributes":{"uiType":"string","uiTypeLabel":"String","element_mapping_provider":"com.glide.flow_design.action.data.FlowDesignVariableMapper","pwd2droppable":"true","uiUniqueId":"d36400aa-f892-4a5f-8eef-69c820325b03"}},{"name":"37b1437f-bd85-4c63-930b-c874299642b5.variable","label":"1 - Look up Sheet by ID➛Error Message","reference_display":"Error Message","type":"string","base_type":"string","attributes":{"uiType":"string","uiTypeLabel":"String","element_mapping_provider":"com.glide.flow_design.action.data.FlowDesignVariableMapper","pwd2droppable":"true","uiUniqueId":"e912eeff-9bf8-4319-8f65-196991f51373"}},{"name":"37b1437f-bd85-4c63-930b-c874299642b5.__dont_treat_as_error__","label":"1 - Look up Sheet by ID➛Don\u0027t Treat as Error","reference_display":"Don\u0027t Treat as Error","type":"boolean","base_type":"boolean","attributes":{"uiTypeLabel":"True/False","element_mapping_provider":"com.glide.flow_design.action.data.FlowDesignVariableMapper","uiType":"boolean","visible_in_ui":"false","action_error_output":"true","uiUniqueId":"815727b0-a08a-47a6-92b8-04d596321364"}},{"name":"37b1437f-bd85-4c63-930b-c874299642b5.__action_status__","label":"1 - Look up Sheet by ID➛Action Status","reference_display":"Action Status","type":"object","base_type":"object","attributes":{"uiTypeLabel":"Object","co_type_name":"FDACTIONSTATUS","element_mapping_provider":"com.glide.flow_design.action.data.FlowDesignVariableMapper","uiType":"object","action_error_output":"true","uiUniqueId":"d5f9b22a-c1ff-420a-acf2-a82fffb59aad"}}]</label_cache>
        <latest_snapshot/>
        <master_snapshot/>
        <name>Look up Sheet by Id</name>
        <natlang/>
        <outputs/>
        <remote_trigger_id/>
        <run_as>user</run_as>
        <run_with_roles/>
        <sc_callable>false</sc_callable>
        <show_draft_actions>false</show_draft_actions>
        <show_triggered_flows>false</show_triggered_flows>
        <status>draft</status>
        <sys_class_name>sys_hub_flow</sys_class_name>
        <sys_created_by>akash.sri</sys_created_by>
        <sys_created_on>2022-02-17 09:10:27</sys_created_on>
        <sys_domain>global</sys_domain>
        <sys_domain_path>/</sys_domain_path>
        <sys_id>b0b40ce897f901108ac03f0e6253afb9</sys_id>
        <sys_mod_count>2</sys_mod_count>
        <sys_name>Look up Sheet by Id</sys_name>
        <sys_overrides/>
        <sys_package display_value="Smartsheet Spoke" source="sn_smrtsheet_spoke">f719677374021010fa9bb5ebcba7e550</sys_package>
        <sys_policy/>
        <sys_scope display_value="Smartsheet Spoke">f719677374021010fa9bb5ebcba7e550</sys_scope>
        <sys_update_name>sys_hub_flow_b0b40ce897f901108ac03f0e6253afb9</sys_update_name>
        <sys_updated_by>akash.sri</sys_updated_by>
        <sys_updated_on>2022-02-17 14:04:28</sys_updated_on>
        <type>flow</type>
    </sys_hub_flow>
    <sys_translated_text action="DELETE" query="documentkey=b0b40ce897f901108ac03f0e6253afb9"/>
    <sys_variable_value action="DELETE" query="document_key=b0b40ce897f901108ac03f0e6253afb9"/>
    <sys_hub_trigger_instance action="DELETE" query="flow=b0b40ce897f901108ac03f0e6253afb9^sys_idNOT IN4895cc2c97f901108ac03f0e6253af37"/>
    <sys_hub_trigger_instance action="DELETE">
        <comment/>
        <display_text/>
        <flow display_value="Look up Sheet by Id">b0b40ce897f901108ac03f0e6253afb9</flow>
        <name>Repeat</name>
        <remote_sys_id/>
        <sys_created_by>akash.sri</sys_created_by>
        <sys_created_on>2022-02-17 09:14:13</sys_created_on>
        <sys_id>4895cc2c97f901108ac03f0e6253af37</sys_id>
        <sys_mod_count>2</sys_mod_count>
        <sys_scope/>
        <sys_updated_by>akash.sri</sys_updated_by>
        <sys_updated_on>2022-02-17 14:04:28</sys_updated_on>
        <trigger_definition display_value="Repeat">f63f0d94c32222002841b63b12d3aeed</trigger_definition>
        <trigger_inputs/>
        <trigger_outputs/>
        <trigger_type>repeat</trigger_type>
    </sys_hub_trigger_instance>
    <sys_variable_value action="DELETE" query="document_key=4895cc2c97f901108ac03f0e6253af37"/>
    <sys_variable_value action="DELETE">
        <document>sys_hub_trigger_instance</document>
        <document_key>4895cc2c97f901108ac03f0e6253af37</document_key>
        <order>100</order>
        <sys_class_name>sys_variable_value</sys_class_name>
        <sys_created_by>akash.sri</sys_created_by>
        <sys_created_on>2022-02-17 09:14:13</sys_created_on>
        <sys_id>c095cc2c97f901108ac03f0e6253af38</sys_id>
        <sys_mod_count>0</sys_mod_count>
        <sys_updated_by>akash.sri</sys_updated_by>
        <sys_updated_on>2022-02-17 09:14:13</sys_updated_on>
        <value>1970-01-01 00:00:01</value>
        <variable display_value="Repeat">1c5f4d94c32222002841b63b12d3aeb3</variable>
    </sys_variable_value>
    <sys_element_mapping action="DELETE" query="table=var__m_sys_hub_trigger_input_f63f0d94c32222002841b63b12d3aeed^id=4895cc2c97f901108ac03f0e6253af37"/>
    <sys_hub_flow_stage action="DELETE" query="flow=b0b40ce897f901108ac03f0e6253afb9"/>
    <sys_flow_cat_variable_model action="DELETE" query="id=b0b40ce897f901108ac03f0e6253afb9^sys_idNOT IN30b4802c97f901108ac03f0e6253afd9"/>
    <sys_flow_cat_variable_model action="DELETE">
        <id>b0b40ce897f901108ac03f0e6253afb9</id>
        <name>Look up Sheet by Id</name>
        <sys_created_by>akash.sri</sys_created_by>
        <sys_created_on>2022-02-17 09:10:27</sys_created_on>
        <sys_id>30b4802c97f901108ac03f0e6253afd9</sys_id>
        <sys_mod_count>0</sys_mod_count>
        <sys_scope/>
        <sys_updated_by>akash.sri</sys_updated_by>
        <sys_updated_on>2022-02-17 09:10:27</sys_updated_on>
    </sys_flow_cat_variable_model>
    <sys_flow_cat_variable action="DELETE" query="flow_catalog_model=30b4802c97f901108ac03f0e6253afd9"/>
    <sys_hub_flow_input action="DELETE" query="model=b0b40ce897f901108ac03f0e6253afb9"/>
    <sys_hub_flow_output action="DELETE" query="model=b0b40ce897f901108ac03f0e6253afb9"/>
    <sys_hub_alias_mapping action="DELETE" query="source_id=b0b40ce897f901108ac03f0e6253afb9"/>
    <sys_hub_action_instance action="DELETE" query="flow=b0b40ce897f901108ac03f0e6253afb9^sys_idNOT IN9895cc2c97f901108ac03f0e6253af57"/>
    <sys_hub_action_instance action="DELETE">
        <action_inputs/>
        <action_type display_value="Look up Sheet by ID">f2e0042897f901108ac03f0e6253afce</action_type>
        <action_type_parent/>
        <comment/>
        <compiled_snapshot/>
        <display_text/>
        <flow display_value="Look up Sheet by Id">b0b40ce897f901108ac03f0e6253afb9</flow>
        <order>1</order>
        <parent_ui_id/>
        <sys_class_name>sys_hub_action_instance</sys_class_name>
        <sys_created_by>akash.sri</sys_created_by>
        <sys_created_on>2022-02-17 09:14:14</sys_created_on>
        <sys_id>9895cc2c97f901108ac03f0e6253af57</sys_id>
        <sys_mod_count>4</sys_mod_count>
        <sys_scope display_value="Smartsheet Spoke">f719677374021010fa9bb5ebcba7e550</sys_scope>
        <sys_updated_by>akash.sri</sys_updated_by>
        <sys_updated_on>2022-02-17 14:04:28</sys_updated_on>
        <ui_id>37b1437f-bd85-4c63-930b-c874299642b5</ui_id>
    </sys_hub_action_instance>
    <sys_variable_value action="DELETE" query="document_key=9895cc2c97f901108ac03f0e6253af57"/>
    <sys_variable_value action="DELETE">
        <document>sys_hub_action_instance</document>
        <document_key>9895cc2c97f901108ac03f0e6253af57</document_key>
        <order>1</order>
        <sys_class_name>sys_variable_value</sys_class_name>
        <sys_created_by>akash.sri</sys_created_by>
        <sys_created_on>2022-02-17 09:14:14</sys_created_on>
        <sys_id>5895cc2c97f901108ac03f0e6253af58</sys_id>
        <sys_mod_count>1</sys_mod_count>
        <sys_updated_by>akash.sri</sys_updated_by>
        <sys_updated_on>2022-02-17 14:04:28</sys_updated_on>
        <value>788873262458756</value>
        <variable display_value="Sheet ID">1121042897f901108ac03f0e6253afd2</variable>
    </sys_variable_value>
    <sys_element_mapping action="DELETE" query="table=var__m_sys_hub_action_input_f2e0042897f901108ac03f0e6253afce^id=9895cc2c97f901108ac03f0e6253af57"/>
    <sys_hub_input_scripts action="DELETE" query="instance=9895cc2c97f901108ac03f0e6253af57"/>
    <sys_hub_alias_mapping action="DELETE" query="source_id=9895cc2c97f901108ac03f0e6253af57"/>
    <sys_hub_sub_flow_instance action="DELETE" query="flow=b0b40ce897f901108ac03f0e6253afb9"/>
    <sys_hub_flow_logic action="DELETE" query="flow=b0b40ce897f901108ac03f0e6253afb9"/>
    <sys_hub_pill_compound action="DELETE" query="attached_to=b0b40ce897f901108ac03f0e6253afb9"/>
    <sys_hub_flow_variable action="DELETE" query="model=b0b40ce897f901108ac03f0e6253afb9"/>
    <sys_documentation action="DELETE" query="name=var__m_sys_hub_flow_input_b0b40ce897f901108ac03f0e6253afb9"/>
    <sys_choice action="DELETE" query="name=var__m_sys_hub_flow_input_b0b40ce897f901108ac03f0e6253afb9"/>
    <sys_documentation action="DELETE" query="name=var__m_sys_hub_flow_output_b0b40ce897f901108ac03f0e6253afb9"/>
    <sys_choice action="DELETE" query="name=var__m_sys_hub_flow_output_b0b40ce897f901108ac03f0e6253afb9"/>
    <sys_flow_trigger_plan action="DELETE" query="plan_id=b0b40ce897f901108ac03f0e6253afb9"/>
    <sys_flow_subflow_plan action="DELETE" query="plan_id=b0b40ce897f901108ac03f0e6253afb9"/>
    <sys_update_version action="INSERT_OR_UPDATE">
        <action>DELETE</action>
        <application display_value="Smartsheet Spoke">f719677374021010fa9bb5ebcba7e550</application>
        <file_path/>
        <instance_id>428a36c905030110effdd6012ef1a058</instance_id>
        <instance_name>glide_db_dump</instance_name>
        <name>sys_hub_flow_b0b40ce897f901108ac03f0e6253afb9</name>
        <payload><![CDATA[<?xml version="1.0" encoding="UTF-8"?><record_update sys_domain="global" table="sys_hub_flow"><sys_hub_flow action="INSERT_OR_UPDATE"><access>public</access><acls/><active>false</active><annotation/><callable_by_client_api>false</callable_by_client_api><category/><compiler_build/><copied_from/><copied_from_name/><description/><internal_name>look_up_sheet_by_id</internal_name><label_cache>[{"name":"37b1437f-bd85-4c63-930b-c874299642b5.variable2","label":"1 - Look up Sheet by ID➛Sheet","reference_display":"Sheet","type":"object","base_type":"object","attributes":{"sourceId":"11229b0e-fa47-4a4f-85b7-d4f88739b9de","uiTypeLabel":"Object","co_type_name":"FD9a210828e5f90110a74092d511d9e149","element_mapping_provider":"com.glide.flow_design.action.data.FlowDesignVariableMapper","sourceType":"step","sourceUiUniqueId":"3dfe5450-34e0-41b7-9724-465c8613923a","uiType":"object","uiUniqueId":"321246a2-db65-4a24-b647-adf5837c2b9f"}},{"name":"37b1437f-bd85-4c63-930b-c874299642b5.variable1","label":"1 - Look up Sheet by ID➛Status","reference_display":"Status","type":"string","base_type":"string","attributes":{"uiType":"string","uiTypeLabel":"String","element_mapping_provider":"com.glide.flow_design.action.data.FlowDesignVariableMapper","pwd2droppable":"true","uiUniqueId":"d36400aa-f892-4a5f-8eef-69c820325b03"}},{"name":"37b1437f-bd85-4c63-930b-c874299642b5.variable","label":"1 - Look up Sheet by ID➛Error Message","reference_display":"Error Message","type":"string","base_type":"string","attributes":{"uiType":"string","uiTypeLabel":"String","element_mapping_provider":"com.glide.flow_design.action.data.FlowDesignVariableMapper","pwd2droppable":"true","uiUniqueId":"e912eeff-9bf8-4319-8f65-196991f51373"}},{"name":"37b1437f-bd85-4c63-930b-c874299642b5.__dont_treat_as_error__","label":"1 - Look up Sheet by ID➛Don\u0027t Treat as Error","reference_display":"Don\u0027t Treat as Error","type":"boolean","base_type":"boolean","attributes":{"uiTypeLabel":"True/False","element_mapping_provider":"com.glide.flow_design.action.data.FlowDesignVariableMapper","uiType":"boolean","visible_in_ui":"false","action_error_output":"true","uiUniqueId":"815727b0-a08a-47a6-92b8-04d596321364"}},{"name":"37b1437f-bd85-4c63-930b-c874299642b5.__action_status__","label":"1 - Look up Sheet by ID➛Action Status","reference_display":"Action Status","type":"object","base_type":"object","attributes":{"uiTypeLabel":"Object","co_type_name":"FDACTIONSTATUS","element_mapping_provider":"com.glide.flow_design.action.data.FlowDesignVariableMapper","uiType":"object","action_error_output":"true","uiUniqueId":"d5f9b22a-c1ff-420a-acf2-a82fffb59aad"}}]</label_cache><latest_snapshot/><master_snapshot/><name>Look up Sheet by Id</name><natlang/><outputs/><remote_trigger_id/><run_as>user</run_as><run_with_roles/><sc_callable>false</sc_callable><show_draft_actions>false</show_draft_actions><show_triggered_flows>false</show_triggered_flows><status>draft</status><sys_class_name>sys_hub_flow</sys_class_name><sys_created_by>akash.sri</sys_created_by><sys_created_on>2022-02-17 09:10:27</sys_created_on><sys_domain>global</sys_domain><sys_domain_path>/</sys_domain_path><sys_id>b0b40ce897f901108ac03f0e6253afb9</sys_id><sys_mod_count>2</sys_mod_count><sys_name>Look up Sheet by Id</sys_name><sys_overrides/><sys_package display_value="Smartsheet Spoke" source="sn_smrtsheet_spoke">f719677374021010fa9bb5ebcba7e550</sys_package><sys_policy/><sys_scope display_value="Smartsheet Spoke">f719677374021010fa9bb5ebcba7e550</sys_scope><sys_update_name>sys_hub_flow_b0b40ce897f901108ac03f0e6253afb9</sys_update_name><sys_updated_by>akash.sri</sys_updated_by><sys_updated_on>2022-02-17 14:04:28</sys_updated_on><type>flow</type></sys_hub_flow><sys_translated_text action="delete_multiple" query="documentkey=b0b40ce897f901108ac03f0e6253afb9"/><sys_variable_value action="delete_multiple" query="document_key=b0b40ce897f901108ac03f0e6253afb9"/><sys_hub_trigger_instance action="delete_multiple" query="flow=b0b40ce897f901108ac03f0e6253afb9^sys_idNOT IN4895cc2c97f901108ac03f0e6253af37"/><sys_hub_trigger_instance action="INSERT_OR_UPDATE"><comment/><display_text/><flow display_value="Look up Sheet by Id">b0b40ce897f901108ac03f0e6253afb9</flow><name>Repeat</name><remote_sys_id/><sys_created_by>akash.sri</sys_created_by><sys_created_on>2022-02-17 09:14:13</sys_created_on><sys_id>4895cc2c97f901108ac03f0e6253af37</sys_id><sys_mod_count>2</sys_mod_count><sys_scope/><sys_updated_by>akash.sri</sys_updated_by><sys_updated_on>2022-02-17 14:04:28</sys_updated_on><trigger_definition display_value="Repeat">f63f0d94c32222002841b63b12d3aeed</trigger_definition><trigger_inputs/><trigger_outputs/><trigger_type>repeat</trigger_type></sys_hub_trigger_instance><sys_variable_value action="delete_multiple" query="document_key=4895cc2c97f901108ac03f0e6253af37"/><sys_variable_value action="INSERT_OR_UPDATE"><document>sys_hub_trigger_instance</document><document_key>4895cc2c97f901108ac03f0e6253af37</document_key><order>100</order><sys_class_name>sys_variable_value</sys_class_name><sys_created_by>akash.sri</sys_created_by><sys_created_on>2022-02-17 09:14:13</sys_created_on><sys_id>c095cc2c97f901108ac03f0e6253af38</sys_id><sys_mod_count>0</sys_mod_count><sys_updated_by>akash.sri</sys_updated_by><sys_updated_on>2022-02-17 09:14:13</sys_updated_on><value>1970-01-01 00:00:01</value><variable display_value="Repeat">1c5f4d94c32222002841b63b12d3aeb3</variable></sys_variable_value><sys_element_mapping action="delete_multiple" query="table=var__m_sys_hub_trigger_input_f63f0d94c32222002841b63b12d3aeed^id=4895cc2c97f901108ac03f0e6253af37"/><sys_hub_flow_stage action="delete_multiple" query="flow=b0b40ce897f901108ac03f0e6253afb9"/><sys_flow_cat_variable_model action="delete_multiple" query="id=b0b40ce897f901108ac03f0e6253afb9^sys_idNOT IN30b4802c97f901108ac03f0e6253afd9"/><sys_flow_cat_variable_model action="INSERT_OR_UPDATE"><id>b0b40ce897f901108ac03f0e6253afb9</id><name>Look up Sheet by Id</name><sys_created_by>akash.sri</sys_created_by><sys_created_on>2022-02-17 09:10:27</sys_created_on><sys_id>30b4802c97f901108ac03f0e6253afd9</sys_id><sys_mod_count>0</sys_mod_count><sys_scope/><sys_updated_by>akash.sri</sys_updated_by><sys_updated_on>2022-02-17 09:10:27</sys_updated_on></sys_flow_cat_variable_model><sys_flow_cat_variable action="delete_multiple" query="flow_catalog_model=30b4802c97f901108ac03f0e6253afd9"/><sys_hub_flow_input action="delete_multiple" query="model=b0b40ce897f901108ac03f0e6253afb9"/><sys_hub_flow_output action="delete_multiple" query="model=b0b40ce897f901108ac03f0e6253afb9"/><sys_hub_alias_mapping action="delete_multiple" query="source_id=b0b40ce897f901108ac03f0e6253afb9"/><sys_hub_action_instance action="delete_multiple" query="flow=b0b40ce897f901108ac03f0e6253afb9^sys_idNOT IN9895cc2c97f901108ac03f0e6253af57"/><sys_hub_action_instance action="INSERT_OR_UPDATE"><action_inputs/><action_type display_value="Look up Sheet by ID">f2e0042897f901108ac03f0e6253afce</action_type><action_type_parent/><comment/><compiled_snapshot/><display_text/><flow display_value="Look up Sheet by Id">b0b40ce897f901108ac03f0e6253afb9</flow><order>1</order><parent_ui_id/><sys_class_name>sys_hub_action_instance</sys_class_name><sys_created_by>akash.sri</sys_created_by><sys_created_on>2022-02-17 09:14:14</sys_created_on><sys_id>9895cc2c97f901108ac03f0e6253af57</sys_id><sys_mod_count>4</sys_mod_count><sys_scope display_value="Smartsheet Spoke">f719677374021010fa9bb5ebcba7e550</sys_scope><sys_updated_by>akash.sri</sys_updated_by><sys_updated_on>2022-02-17 14:04:28</sys_updated_on><ui_id>37b1437f-bd85-4c63-930b-c874299642b5</ui_id></sys_hub_action_instance><sys_variable_value action="delete_multiple" query="document_key=9895cc2c97f901108ac03f0e6253af57"/><sys_variable_value action="INSERT_OR_UPDATE"><document>sys_hub_action_instance</document><document_key>9895cc2c97f901108ac03f0e6253af57</document_key><order>1</order><sys_class_name>sys_variable_value</sys_class_name><sys_created_by>akash.sri</sys_created_by><sys_created_on>2022-02-17 09:14:14</sys_created_on><sys_id>5895cc2c97f901108ac03f0e6253af58</sys_id><sys_mod_count>1</sys_mod_count><sys_updated_by>akash.sri</sys_updated_by><sys_updated_on>2022-02-17 14:04:28</sys_updated_on><value>788873262458756</value><variable display_value="Sheet ID">1121042897f901108ac03f0e6253afd2</variable></sys_variable_value><sys_element_mapping action="delete_multiple" query="table=var__m_sys_hub_action_input_f2e0042897f901108ac03f0e6253afce^id=9895cc2c97f901108ac03f0e6253af57"/><sys_hub_input_scripts action="delete_multiple" query="instance=9895cc2c97f901108ac03f0e6253af57"/><sys_hub_alias_mapping action="delete_multiple" query="source_id=9895cc2c97f901108ac03f0e6253af57"/><sys_hub_sub_flow_instance action="delete_multiple" query="flow=b0b40ce897f901108ac03f0e6253afb9"/><sys_hub_flow_logic action="delete_multiple" query="flow=b0b40ce897f901108ac03f0e6253afb9"/><sys_hub_pill_compound action="delete_multiple" query="attached_to=b0b40ce897f901108ac03f0e6253afb9"/><sys_hub_flow_variable action="delete_multiple" query="model=b0b40ce897f901108ac03f0e6253afb9"/><sys_documentation action="delete_multiple" query="name=var__m_sys_hub_flow_input_b0b40ce897f901108ac03f0e6253afb9"/><sys_choice action="delete_multiple" query="name=var__m_sys_hub_flow_input_b0b40ce897f901108ac03f0e6253afb9"/><sys_documentation action="delete_multiple" query="name=var__m_sys_hub_flow_output_b0b40ce897f901108ac03f0e6253afb9"/><sys_choice action="delete_multiple" query="name=var__m_sys_hub_flow_output_b0b40ce897f901108ac03f0e6253afb9"/><sys_flow_trigger_plan action="delete_multiple" query="plan_id=b0b40ce897f901108ac03f0e6253afb9"/><sys_flow_subflow_plan action="delete_multiple" query="plan_id=b0b40ce897f901108ac03f0e6253afb9"/></record_update>]]></payload>
        <payload_hash>-2004026206</payload_hash>
        <record_name>Look up Sheet by Id</record_name>
        <reverted_from/>
        <source>820218f7a3630110b94d8b3f26fcdac6</source>
        <source_table>sys_update_set</source_table>
        <state>previous</state>
        <sys_created_by>admin</sys_created_by>
        <sys_created_on>2022-05-25 12:55:45</sys_created_on>
        <sys_id>037a1037a3a30110b94d8b3f26fcda7d</sys_id>
        <sys_mod_count>0</sys_mod_count>
        <sys_recorded_at>180fb4995640000001</sys_recorded_at>
        <sys_updated_by>admin</sys_updated_by>
        <sys_updated_on>2022-05-25 12:55:45</sys_updated_on>
        <type>Flow</type>
        <update_guid>b3f78d6c46fd01108fb41298652959e6</update_guid>
        <update_guid_history>b3f78d6c46fd01108fb41298652959e6:-2004026206,6895cc2c8cf90110726aa669757ac273:-1952416180,b4b4802c50f90110ca27498632d2b6de:-500932767</update_guid_history>
    </sys_update_version>
    <sys_metadata_delete action="INSERT_OR_UPDATE">
        <sys_audit_delete/>
        <sys_class_name>sys_metadata_delete</sys_class_name>
        <sys_created_by>admin</sys_created_by>
        <sys_created_on>2022-06-02 09:06:49</sys_created_on>
        <sys_db_object display_value="" name="sys_hub_flow">sys_hub_flow</sys_db_object>
        <sys_id>03f9c4adb46342c4802266d441736190</sys_id>
        <sys_metadata>b0b40ce897f901108ac03f0e6253afb9</sys_metadata>
        <sys_mod_count>0</sys_mod_count>
        <sys_name>Look up Sheet by Id</sys_name>
        <sys_package display_value="Smartsheet Spoke" source="sn_smrtsheet_spoke">f719677374021010fa9bb5ebcba7e550</sys_package>
        <sys_parent/>
        <sys_policy/>
        <sys_scope display_value="Smartsheet Spoke">f719677374021010fa9bb5ebcba7e550</sys_scope>
        <sys_scope_delete display_value="">133f37b1d8bc4836887f20453fbd5cc9</sys_scope_delete>
        <sys_update_name>sys_hub_flow_b0b40ce897f901108ac03f0e6253afb9</sys_update_name>
        <sys_update_version display_value="sys_hub_flow_b0b40ce897f901108ac03f0e6253afb9">037a1037a3a30110b94d8b3f26fcda7d</sys_update_version>
        <sys_updated_by>admin</sys_updated_by>
        <sys_updated_on>2022-06-02 09:06:49</sys_updated_on>
    </sys_metadata_delete>
</record_update>
