<?xml version="1.0" encoding="UTF-8"?><record_update table="sys_db_object">
    <sys_db_object action="DELETE">
        <access>public</access>
        <actions_access>true</actions_access>
        <alter_access>true</alter_access>
        <caller_access/>
        <client_scripts_access>true</client_scripts_access>
        <configuration_access>true</configuration_access>
        <create_access>false</create_access>
        <create_access_controls>true</create_access_controls>
        <delete_access>false</delete_access>
        <extension_model/>
        <is_extendable>false</is_extendable>
        <label>SmartSheet Sheets nr</label>
        <live_feed_enabled>false</live_feed_enabled>
        <name>sn_smrtsheet_spoke_smartsheet_sheets_created_by_date_outboundflow</name>
        <number_ref/>
        <provider_class/>
        <read_access>true</read_access>
        <scriptable_table>false</scriptable_table>
        <super_class/>
        <sys_class_code/>
        <sys_class_name>sys_db_object</sys_class_name>
        <sys_class_path/>
        <sys_created_by>akash</sys_created_by>
        <sys_created_on>2022-03-23 08:48:07</sys_created_on>
        <sys_id>9d75c79787dac5104cbb42e5dabb35a8</sys_id>
        <sys_mod_count>5</sys_mod_count>
        <sys_name>SmartSheet Sheets nr</sys_name>
        <sys_package display_value="Smartsheet Spoke" source="sn_smrtsheet_spoke">f719677374021010fa9bb5ebcba7e550</sys_package>
        <sys_policy/>
        <sys_scope display_value="Smartsheet Spoke">f719677374021010fa9bb5ebcba7e550</sys_scope>
        <sys_update_name>sys_db_object_9d75c79787dac5104cbb42e5dabb35a8</sys_update_name>
        <sys_updated_by>akash.s</sys_updated_by>
        <sys_updated_on>2022-05-02 08:23:28</sys_updated_on>
        <update_access>false</update_access>
        <user_role display_value="sn_smrtsheet_spoke.smartsheet_admin" name="sn_smrtsheet_spoke.smartsheet_admin">78e62a1a87c7011044cc63173cbb354f</user_role>
        <ws_access>true</ws_access>
    </sys_db_object>
    <sys_update_version action="INSERT_OR_UPDATE">
        <action>DELETE</action>
        <application display_value="Smartsheet Spoke">f719677374021010fa9bb5ebcba7e550</application>
        <file_path/>
        <instance_id>428a36c905030110effdd6012ef1a058</instance_id>
        <instance_name>glide_db_dump</instance_name>
        <name>sys_db_object_9d75c79787dac5104cbb42e5dabb35a8</name>
        <payload><![CDATA[<?xml version="1.0" encoding="UTF-8"?><record_update table="sys_db_object"><sys_db_object action="INSERT_OR_UPDATE"><access>public</access><actions_access>true</actions_access><alter_access>true</alter_access><caller_access/><client_scripts_access>true</client_scripts_access><configuration_access>true</configuration_access><create_access>false</create_access><create_access_controls>true</create_access_controls><delete_access>false</delete_access><extension_model/><is_extendable>false</is_extendable><label>SmartSheet Sheets nr</label><live_feed_enabled>false</live_feed_enabled><name>sn_smrtsheet_spoke_smartsheet_sheets_created_by_date_outboundflow</name><number_ref/><provider_class/><read_access>true</read_access><scriptable_table>false</scriptable_table><super_class/><sys_class_code/><sys_class_name>sys_db_object</sys_class_name><sys_class_path/><sys_created_by>akash</sys_created_by><sys_created_on>2022-03-23 08:48:07</sys_created_on><sys_id>9d75c79787dac5104cbb42e5dabb35a8</sys_id><sys_mod_count>5</sys_mod_count><sys_name>SmartSheet Sheets nr</sys_name><sys_package display_value="Smartsheet Spoke" source="sn_smrtsheet_spoke">f719677374021010fa9bb5ebcba7e550</sys_package><sys_policy/><sys_scope display_value="Smartsheet Spoke">f719677374021010fa9bb5ebcba7e550</sys_scope><sys_update_name>sys_db_object_9d75c79787dac5104cbb42e5dabb35a8</sys_update_name><sys_updated_by>akash.s</sys_updated_by><sys_updated_on>2022-05-02 08:23:28</sys_updated_on><update_access>false</update_access><user_role display_value="sn_smrtsheet_spoke.smartsheet_admin" name="sn_smrtsheet_spoke.smartsheet_admin">78e62a1a87c7011044cc63173cbb354f</user_role><ws_access>true</ws_access></sys_db_object></record_update>]]></payload>
        <payload_hash>-546196994</payload_hash>
        <record_name>SmartSheet Sheets nr</record_name>
        <reverted_from/>
        <source>0125c484a3f70110b94d8b3f26fcda4c</source>
        <source_table>sys_update_set</source_table>
        <state>previous</state>
        <sys_created_by>admin</sys_created_by>
        <sys_created_on>2022-05-26 06:01:58</sys_created_on>
        <sys_id>1355c884a3f70110b94d8b3f26fcdafc</sys_id>
        <sys_mod_count>0</sys_mod_count>
        <sys_recorded_at>180fef51cbb0000001</sys_recorded_at>
        <sys_updated_by>admin</sys_updated_by>
        <sys_updated_on>2022-05-26 06:01:58</sys_updated_on>
        <type>Table</type>
        <update_guid>169ff89804db81103faa27a7a0967d57</update_guid>
        <update_guid_history>169ff89804db81103faa27a7a0967d57:-546196994,00e58b122c4b0110d2757a96f47fc317:1806006030,f813879e8e0b0110d9a3e7b3cfd66d17:1340251787,9521360628fac15041164629cc2844ea:-1820203495,ad45f0f7ed9a0910e1621ffd78466faa:-1268728645,faa58b97a3dac510a38b63253a318bb0:1958256371</update_guid_history>
    </sys_update_version>
    <sys_metadata_delete action="INSERT_OR_UPDATE">
        <sys_audit_delete/>
        <sys_class_name>sys_metadata_delete</sys_class_name>
        <sys_created_by>admin</sys_created_by>
        <sys_created_on>2022-06-02 09:49:03</sys_created_on>
        <sys_db_object display_value="" name="sys_db_object">sys_db_object</sys_db_object>
        <sys_id>64246c4773dd45f7a1e37c2b45dd7851</sys_id>
        <sys_metadata>9d75c79787dac5104cbb42e5dabb35a8</sys_metadata>
        <sys_mod_count>0</sys_mod_count>
        <sys_name>SmartSheet Sheets nr</sys_name>
        <sys_package display_value="Smartsheet Spoke" source="sn_smrtsheet_spoke">f719677374021010fa9bb5ebcba7e550</sys_package>
        <sys_parent/>
        <sys_policy/>
        <sys_scope display_value="Smartsheet Spoke">f719677374021010fa9bb5ebcba7e550</sys_scope>
        <sys_scope_delete display_value="">133f37b1d8bc4836887f20453fbd5cc9</sys_scope_delete>
        <sys_update_name>sys_db_object_9d75c79787dac5104cbb42e5dabb35a8</sys_update_name>
        <sys_update_version display_value="sys_db_object_9d75c79787dac5104cbb42e5dabb35a8">1355c884a3f70110b94d8b3f26fcdafc</sys_update_version>
        <sys_updated_by>admin</sys_updated_by>
        <sys_updated_on>2022-06-02 09:49:03</sys_updated_on>
    </sys_metadata_delete>
</record_update>
