<?xml version="1.0" encoding="UTF-8"?><record_update>
    <sys_dictionary action="DELETE" element="u_events" table="sn_smrtsheet_spoke_smartsheet_record">
        <active>true</active>
        <array>false</array>
        <array_denormalized>false</array_denormalized>
        <attributes/>
        <audit>false</audit>
        <calculation><![CDATA[(function calculatedFieldValue(current) {

	// Add your code here
	return '';  // return the calculated value

})(current);]]></calculation>
        <choice/>
        <choice_field/>
        <choice_table/>
        <column_label>Events</column_label>
        <comments/>
        <create_roles/>
        <default_value/>
        <defaultsort/>
        <delete_roles/>
        <dependent/>
        <dependent_on_field/>
        <display>false</display>
        <dynamic_creation>false</dynamic_creation>
        <dynamic_creation_script/>
        <dynamic_default_value/>
        <dynamic_ref_qual/>
        <element>u_events</element>
        <element_reference>false</element_reference>
        <foreign_database/>
        <function_definition/>
        <function_field>false</function_field>
        <internal_type display_value="String">string</internal_type>
        <mandatory>false</mandatory>
        <max_length>1000</max_length>
        <name>sn_smrtsheet_spoke_smartsheet_record</name>
        <next_element/>
        <primary>false</primary>
        <read_only>false</read_only>
        <read_roles/>
        <reference/>
        <reference_cascade_rule/>
        <reference_floats>false</reference_floats>
        <reference_key/>
        <reference_qual/>
        <reference_qual_condition/>
        <reference_type/>
        <sizeclass/>
        <spell_check>false</spell_check>
        <staged>false</staged>
        <sys_class_name>sys_dictionary</sys_class_name>
        <sys_created_by>akash.sri</sys_created_by>
        <sys_created_on>2022-03-14 08:19:51</sys_created_on>
        <sys_id>b5b8a0a887de8110740c99783cbb354e</sys_id>
        <sys_mod_count>1</sys_mod_count>
        <sys_name>Events</sys_name>
        <sys_package display_value="Smartsheet Spoke" source="sn_smrtsheet_spoke">f719677374021010fa9bb5ebcba7e550</sys_package>
        <sys_policy/>
        <sys_scope display_value="Smartsheet Spoke">f719677374021010fa9bb5ebcba7e550</sys_scope>
        <sys_update_name>sys_dictionary_sn_smrtsheet_spoke_smartsheet_record_u_events</sys_update_name>
        <sys_updated_by>akash.sri</sys_updated_by>
        <sys_updated_on>2022-03-15 09:52:30</sys_updated_on>
        <table_reference>false</table_reference>
        <text_index>false</text_index>
        <unique>false</unique>
        <use_dependent_field>false</use_dependent_field>
        <use_dynamic_default>false</use_dynamic_default>
        <use_reference_qualifier>simple</use_reference_qualifier>
        <virtual>false</virtual>
        <widget/>
        <write_roles/>
        <xml_view>false</xml_view>
    </sys_dictionary>
    <sys_update_version action="INSERT_OR_UPDATE">
        <action>DELETE</action>
        <application display_value="Smartsheet Spoke">f719677374021010fa9bb5ebcba7e550</application>
        <file_path/>
        <instance_id>428a36c905030110effdd6012ef1a058</instance_id>
        <instance_name>glide_db_dump</instance_name>
        <name>sys_dictionary_sn_smrtsheet_spoke_smartsheet_record_u_events</name>
        <payload>&lt;?xml version="1.0" encoding="UTF-8"?&gt;&lt;record_update&gt;&lt;sys_dictionary action="INSERT_OR_UPDATE" element="u_events" table="sn_smrtsheet_spoke_smartsheet_record"&gt;&lt;active&gt;true&lt;/active&gt;&lt;array&gt;false&lt;/array&gt;&lt;array_denormalized&gt;false&lt;/array_denormalized&gt;&lt;attributes/&gt;&lt;audit&gt;false&lt;/audit&gt;&lt;calculation&gt;&lt;![CDATA[(function calculatedFieldValue(current) {

	// Add your code here
	return '';  // return the calculated value

})(current);]]&gt;&lt;/calculation&gt;&lt;choice/&gt;&lt;choice_field/&gt;&lt;choice_table/&gt;&lt;column_label&gt;Events&lt;/column_label&gt;&lt;comments/&gt;&lt;create_roles/&gt;&lt;default_value/&gt;&lt;defaultsort/&gt;&lt;delete_roles/&gt;&lt;dependent/&gt;&lt;dependent_on_field/&gt;&lt;display&gt;false&lt;/display&gt;&lt;dynamic_creation&gt;false&lt;/dynamic_creation&gt;&lt;dynamic_creation_script/&gt;&lt;dynamic_default_value/&gt;&lt;dynamic_ref_qual/&gt;&lt;element&gt;u_events&lt;/element&gt;&lt;element_reference&gt;false&lt;/element_reference&gt;&lt;foreign_database/&gt;&lt;function_definition/&gt;&lt;function_field&gt;false&lt;/function_field&gt;&lt;internal_type display_value="String"&gt;string&lt;/internal_type&gt;&lt;mandatory&gt;false&lt;/mandatory&gt;&lt;max_length&gt;1000&lt;/max_length&gt;&lt;name&gt;sn_smrtsheet_spoke_smartsheet_record&lt;/name&gt;&lt;next_element/&gt;&lt;primary&gt;false&lt;/primary&gt;&lt;read_only&gt;false&lt;/read_only&gt;&lt;read_roles/&gt;&lt;reference/&gt;&lt;reference_cascade_rule/&gt;&lt;reference_floats&gt;false&lt;/reference_floats&gt;&lt;reference_key/&gt;&lt;reference_qual/&gt;&lt;reference_qual_condition/&gt;&lt;reference_type/&gt;&lt;sizeclass/&gt;&lt;spell_check&gt;false&lt;/spell_check&gt;&lt;staged&gt;false&lt;/staged&gt;&lt;sys_class_name&gt;sys_dictionary&lt;/sys_class_name&gt;&lt;sys_created_by&gt;akash.sri&lt;/sys_created_by&gt;&lt;sys_created_on&gt;2022-03-14 08:19:51&lt;/sys_created_on&gt;&lt;sys_id&gt;b5b8a0a887de8110740c99783cbb354e&lt;/sys_id&gt;&lt;sys_mod_count&gt;1&lt;/sys_mod_count&gt;&lt;sys_name&gt;Events&lt;/sys_name&gt;&lt;sys_package display_value="Smartsheet Spoke" source="sn_smrtsheet_spoke"&gt;f719677374021010fa9bb5ebcba7e550&lt;/sys_package&gt;&lt;sys_policy/&gt;&lt;sys_scope display_value="Smartsheet Spoke"&gt;f719677374021010fa9bb5ebcba7e550&lt;/sys_scope&gt;&lt;sys_update_name&gt;sys_dictionary_sn_smrtsheet_spoke_smartsheet_record_u_events&lt;/sys_update_name&gt;&lt;sys_updated_by&gt;akash.sri&lt;/sys_updated_by&gt;&lt;sys_updated_on&gt;2022-03-15 09:52:30&lt;/sys_updated_on&gt;&lt;table_reference&gt;false&lt;/table_reference&gt;&lt;text_index&gt;false&lt;/text_index&gt;&lt;unique&gt;false&lt;/unique&gt;&lt;use_dependent_field&gt;false&lt;/use_dependent_field&gt;&lt;use_dynamic_default&gt;false&lt;/use_dynamic_default&gt;&lt;use_reference_qualifier&gt;simple&lt;/use_reference_qualifier&gt;&lt;virtual&gt;false&lt;/virtual&gt;&lt;widget/&gt;&lt;write_roles/&gt;&lt;xml_view&gt;false&lt;/xml_view&gt;&lt;/sys_dictionary&gt;&lt;/record_update&gt;</payload>
        <payload_hash>175521029</payload_hash>
        <record_name>Smartsheet Record.Events</record_name>
        <reverted_from/>
        <source>820218f7a3630110b94d8b3f26fcdac6</source>
        <source_table>sys_update_set</source_table>
        <state>previous</state>
        <sys_created_by>admin</sys_created_by>
        <sys_created_on>2022-05-25 12:20:33</sys_created_on>
        <sys_id>5b62143ba3630110b94d8b3f26fcda00</sys_id>
        <sys_mod_count>0</sys_mod_count>
        <sys_recorded_at>180fb295a940000001</sys_recorded_at>
        <sys_updated_by>admin</sys_updated_by>
        <sys_updated_on>2022-05-25 12:20:33</sys_updated_on>
        <type>Dictionary</type>
        <update_guid>bea7cab44b52411072ede59a8002579b</update_guid>
        <update_guid_history>bea7cab44b52411072ede59a8002579b:175521029,efd8e4a81ade81103c9b30fb7c268169:1599281570</update_guid_history>
    </sys_update_version>
    <sys_metadata_delete action="INSERT_OR_UPDATE">
        <sys_audit_delete/>
        <sys_class_name>sys_metadata_delete</sys_class_name>
        <sys_created_by>admin</sys_created_by>
        <sys_created_on>2022-06-02 09:45:41</sys_created_on>
        <sys_db_object display_value="" name="sys_dictionary">sys_dictionary</sys_db_object>
        <sys_id>254bedcc0659497a9a5ac74498e13aa4</sys_id>
        <sys_metadata>b5b8a0a887de8110740c99783cbb354e</sys_metadata>
        <sys_mod_count>0</sys_mod_count>
        <sys_name>Events</sys_name>
        <sys_package display_value="Smartsheet Spoke" source="sn_smrtsheet_spoke">f719677374021010fa9bb5ebcba7e550</sys_package>
        <sys_parent display_value="">6deca5e387c20110740c99783cbb3563</sys_parent>
        <sys_policy/>
        <sys_scope display_value="Smartsheet Spoke">f719677374021010fa9bb5ebcba7e550</sys_scope>
        <sys_scope_delete display_value="">133f37b1d8bc4836887f20453fbd5cc9</sys_scope_delete>
        <sys_update_name>sys_dictionary_sn_smrtsheet_spoke_smartsheet_record_u_events</sys_update_name>
        <sys_update_version display_value="sys_dictionary_sn_smrtsheet_spoke_smartsheet_record_u_events">5b62143ba3630110b94d8b3f26fcda00</sys_update_version>
        <sys_updated_by>admin</sys_updated_by>
        <sys_updated_on>2022-06-02 09:45:41</sys_updated_on>
    </sys_metadata_delete>
</record_update>
