<?xml version="1.0" encoding="UTF-8"?><record_update table="sys_security_acl">
    <sys_security_acl action="DELETE">
        <active>true</active>
        <admin_overrides>true</admin_overrides>
        <advanced>false</advanced>
        <condition/>
        <description>Default access control on sn_smrtsheet_spoke_smartsheet_sheets_created_by_date_outboundflow</description>
        <name>sn_smrtsheet_spoke_smartsheet_sheets_created_by_date_outboundflow</name>
        <operation display_value="read">read</operation>
        <script/>
        <sys_class_name>sys_security_acl</sys_class_name>
        <sys_created_by>akash</sys_created_by>
        <sys_created_on>2022-03-23 08:48:08</sys_created_on>
        <sys_id>69a58b9787dac5104cbb42e5dabb3579</sys_id>
        <sys_mod_count>0</sys_mod_count>
        <sys_name>sn_smrtsheet_spoke_smartsheet_sheets_created_by_date_outboundflow</sys_name>
        <sys_package display_value="Smartsheet Spoke" source="sn_smrtsheet_spoke">f719677374021010fa9bb5ebcba7e550</sys_package>
        <sys_policy/>
        <sys_scope display_value="Smartsheet Spoke">f719677374021010fa9bb5ebcba7e550</sys_scope>
        <sys_update_name>sys_security_acl_69a58b9787dac5104cbb42e5dabb3579</sys_update_name>
        <sys_updated_by>akash</sys_updated_by>
        <sys_updated_on>2022-03-23 08:48:08</sys_updated_on>
        <type display_value="record">record</type>
    </sys_security_acl>
    <sys_update_version action="INSERT_OR_UPDATE">
        <action>DELETE</action>
        <application display_value="Smartsheet Spoke">f719677374021010fa9bb5ebcba7e550</application>
        <file_path/>
        <instance_id>428a36c905030110effdd6012ef1a058</instance_id>
        <instance_name>glide_db_dump</instance_name>
        <name>sys_security_acl_69a58b9787dac5104cbb42e5dabb3579</name>
        <payload><![CDATA[<?xml version="1.0" encoding="UTF-8"?><record_update table="sys_security_acl"><sys_security_acl action="INSERT_OR_UPDATE"><active>true</active><admin_overrides>true</admin_overrides><advanced>false</advanced><condition/><description>Default access control on sn_smrtsheet_spoke_smartsheet_sheets_created_by_date_outboundflow</description><name>sn_smrtsheet_spoke_smartsheet_sheets_created_by_date_outboundflow</name><operation display_value="read">read</operation><script/><sys_class_name>sys_security_acl</sys_class_name><sys_created_by>akash</sys_created_by><sys_created_on>2022-03-23 08:48:08</sys_created_on><sys_id>69a58b9787dac5104cbb42e5dabb3579</sys_id><sys_mod_count>0</sys_mod_count><sys_name>sn_smrtsheet_spoke_smartsheet_sheets_created_by_date_outboundflow</sys_name><sys_package display_value="Smartsheet Spoke" source="sn_smrtsheet_spoke">f719677374021010fa9bb5ebcba7e550</sys_package><sys_policy/><sys_scope display_value="Smartsheet Spoke">f719677374021010fa9bb5ebcba7e550</sys_scope><sys_update_name>sys_security_acl_69a58b9787dac5104cbb42e5dabb3579</sys_update_name><sys_updated_by>akash</sys_updated_by><sys_updated_on>2022-03-23 08:48:08</sys_updated_on><type display_value="record">record</type></sys_security_acl></record_update>]]></payload>
        <payload_hash>-632067638</payload_hash>
        <record_name>sn_smrtsheet_spoke_smartsheet_sheets_created_by_date_outboundflow</record_name>
        <reverted_from/>
        <source>820218f7a3630110b94d8b3f26fcdac6</source>
        <source_table>sys_update_set</source_table>
        <state>previous</state>
        <sys_created_by>admin</sys_created_by>
        <sys_created_on>2022-05-25 12:55:46</sys_created_on>
        <sys_id>9b7a1037a3a30110b94d8b3f26fcdaca</sys_id>
        <sys_mod_count>0</sys_mod_count>
        <sys_recorded_at>180fb499ab20000001</sys_recorded_at>
        <sys_updated_by>admin</sys_updated_by>
        <sys_updated_on>2022-05-25 12:55:46</sys_updated_on>
        <type>Access Control</type>
        <update_guid>2da58b9701dac51033bbdd4c8a6c047b</update_guid>
        <update_guid_history>2da58b9701dac51033bbdd4c8a6c047b:-632067638</update_guid_history>
    </sys_update_version>
    <sys_metadata_delete action="INSERT_OR_UPDATE">
        <sys_audit_delete/>
        <sys_class_name>sys_metadata_delete</sys_class_name>
        <sys_created_by>admin</sys_created_by>
        <sys_created_on>2022-06-02 09:49:03</sys_created_on>
        <sys_db_object display_value="" name="sys_security_acl">sys_security_acl</sys_db_object>
        <sys_id>3cc903045b7f43f08c36fa1b529e8900</sys_id>
        <sys_metadata>69a58b9787dac5104cbb42e5dabb3579</sys_metadata>
        <sys_mod_count>0</sys_mod_count>
        <sys_name>sn_smrtsheet_spoke_smartsheet_sheets_created_by_date_outboundflow</sys_name>
        <sys_package display_value="Smartsheet Spoke" source="sn_smrtsheet_spoke">f719677374021010fa9bb5ebcba7e550</sys_package>
        <sys_parent display_value="">35a58b9787dac5104cbb42e5dabb358c</sys_parent>
        <sys_policy/>
        <sys_scope display_value="Smartsheet Spoke">f719677374021010fa9bb5ebcba7e550</sys_scope>
        <sys_scope_delete display_value="">133f37b1d8bc4836887f20453fbd5cc9</sys_scope_delete>
        <sys_update_name>sys_security_acl_69a58b9787dac5104cbb42e5dabb3579</sys_update_name>
        <sys_update_version display_value="sys_security_acl_69a58b9787dac5104cbb42e5dabb3579">9b7a1037a3a30110b94d8b3f26fcdaca</sys_update_version>
        <sys_updated_by>admin</sys_updated_by>
        <sys_updated_on>2022-06-02 09:49:03</sys_updated_on>
    </sys_metadata_delete>
</record_update>
