<?xml version="1.0" encoding="UTF-8"?><record_update sys_domain="global" table="sys_hub_flow">
    <sys_hub_flow action="DELETE">
        <access>public</access>
        <acls/>
        <active>false</active>
        <annotation/>
        <callable_by_client_api>false</callable_by_client_api>
        <category/>
        <compiler_build/>
        <copied_from/>
        <copied_from_name/>
        <description/>
        <internal_name>create_sheet</internal_name>
        <label_cache>[{"name":"9644744b-4fd8-4b5e-83a7-a78499abecdb.__action_status__","label":"1 - Create Sheet In Sheets Folder➛Action Status","reference_display":"Action Status","type":"object","base_type":"object","attributes":{"uiTypeLabel":"Object","co_type_name":"FDACTIONSTATUS","element_mapping_provider":"com.glide.flow_design.action.data.FlowDesignVariableMapper","uiType":"object","action_error_output":"true","uiUniqueId":"35ffbc3b-8c85-4837-9a6f-bf4e57500e1e"}},{"name":"9644744b-4fd8-4b5e-83a7-a78499abecdb.__dont_treat_as_error__","label":"1 - Create Sheet In Sheets Folder➛Don\u0027t Treat as Error","reference_display":"Don\u0027t Treat as Error","type":"boolean","base_type":"boolean","attributes":{"uiTypeLabel":"True/False","element_mapping_provider":"com.glide.flow_design.action.data.FlowDesignVariableMapper","uiType":"boolean","visible_in_ui":"false","action_error_output":"true","uiUniqueId":"db63e74d-723e-4c96-9b13-2162c82cf0a2"}},{"name":"9644744b-4fd8-4b5e-83a7-a78499abecdb.status","label":"1 - Create Sheet In Sheets Folder➛Status","reference_display":"Status","type":"string","base_type":"string","attributes":{"uiType":"string","uiTypeLabel":"String","element_mapping_provider":"com.glide.flow_design.action.data.FlowDesignVariableMapper","pwd2droppable":"true","uiUniqueId":"6de894f2-af65-4f33-aece-7c0b2dd5b9f4"}},{"name":"9644744b-4fd8-4b5e-83a7-a78499abecdb.errormsg","label":"1 - Create Sheet In Sheets Folder➛Error Message","reference_display":"Error Message","type":"string","base_type":"string","attributes":{"uiType":"string","uiTypeLabel":"String","element_mapping_provider":"com.glide.flow_design.action.data.FlowDesignVariableMapper","pwd2droppable":"true","uiUniqueId":"7a617331-8106-4ee1-8976-5c16ee133661"}},{"name":"9644744b-4fd8-4b5e-83a7-a78499abecdb.sheet_details","label":"1 - Create Sheet In Sheets Folder➛Sheet Details","reference_display":"Sheet Details","type":"object","base_type":"object","attributes":{"sourceId":"542253e6-3fce-4b7a-ad6a-875acf5ec2cd","uiTypeLabel":"Object","co_type_name":"FDdf9600ac43f901106407a8f947dad97a","element_mapping_provider":"com.glide.flow_design.action.data.FlowDesignVariableMapper","sourceType":"step","sourceUiUniqueId":"c356de94-4cbd-4291-994d-1318f51f3e3a","pwd2droppable":"true","uiType":"object","uiUniqueId":"5aedc29e-1d09-4641-91a3-9004fd997a6b"}}]</label_cache>
        <latest_snapshot/>
        <master_snapshot/>
        <name>Create Sheet </name>
        <natlang/>
        <outputs/>
        <remote_trigger_id/>
        <run_as>user</run_as>
        <run_with_roles/>
        <sc_callable>false</sc_callable>
        <show_draft_actions>false</show_draft_actions>
        <show_triggered_flows>false</show_triggered_flows>
        <status>draft</status>
        <sys_class_name>sys_hub_flow</sys_class_name>
        <sys_created_by>akash.sri</sys_created_by>
        <sys_created_on>2022-02-17 09:23:32</sys_created_on>
        <sys_domain>global</sys_domain>
        <sys_domain_path>/</sys_domain_path>
        <sys_id>e0b7ccac97f901108ac03f0e6253af85</sys_id>
        <sys_mod_count>3</sys_mod_count>
        <sys_name>Create Sheet </sys_name>
        <sys_overrides/>
        <sys_package display_value="Smartsheet Spoke" source="sn_smrtsheet_spoke">f719677374021010fa9bb5ebcba7e550</sys_package>
        <sys_policy/>
        <sys_scope display_value="Smartsheet Spoke">f719677374021010fa9bb5ebcba7e550</sys_scope>
        <sys_update_name>sys_hub_flow_e0b7ccac97f901108ac03f0e6253af85</sys_update_name>
        <sys_updated_by>akash.sri</sys_updated_by>
        <sys_updated_on>2022-02-17 13:51:33</sys_updated_on>
        <type>flow</type>
    </sys_hub_flow>
    <sys_translated_text action="DELETE" query="documentkey=e0b7ccac97f901108ac03f0e6253af85"/>
    <sys_variable_value action="DELETE" query="document_key=e0b7ccac97f901108ac03f0e6253af85"/>
    <sys_hub_trigger_instance action="DELETE" query="flow=e0b7ccac97f901108ac03f0e6253af85^sys_idNOT IN2e69cc20973d01108ac03f0e6253afec"/>
    <sys_hub_trigger_instance action="DELETE">
        <comment/>
        <display_text/>
        <flow display_value="Create Sheet ">e0b7ccac97f901108ac03f0e6253af85</flow>
        <name>Repeat</name>
        <remote_sys_id/>
        <sys_created_by>akash.sri</sys_created_by>
        <sys_created_on>2022-02-17 09:31:03</sys_created_on>
        <sys_id>2e69cc20973d01108ac03f0e6253afec</sys_id>
        <sys_mod_count>3</sys_mod_count>
        <sys_scope/>
        <sys_updated_by>akash.sri</sys_updated_by>
        <sys_updated_on>2022-02-17 13:51:32</sys_updated_on>
        <trigger_definition display_value="Repeat">f63f0d94c32222002841b63b12d3aeed</trigger_definition>
        <trigger_inputs/>
        <trigger_outputs/>
        <trigger_type>repeat</trigger_type>
    </sys_hub_trigger_instance>
    <sys_variable_value action="DELETE" query="document_key=2e69cc20973d01108ac03f0e6253afec"/>
    <sys_variable_value action="DELETE">
        <document>sys_hub_trigger_instance</document>
        <document_key>2e69cc20973d01108ac03f0e6253afec</document_key>
        <order>100</order>
        <sys_class_name>sys_variable_value</sys_class_name>
        <sys_created_by>akash.sri</sys_created_by>
        <sys_created_on>2022-02-17 09:31:03</sys_created_on>
        <sys_id>a669cc20973d01108ac03f0e6253afed</sys_id>
        <sys_mod_count>0</sys_mod_count>
        <sys_updated_by>akash.sri</sys_updated_by>
        <sys_updated_on>2022-02-17 09:31:03</sys_updated_on>
        <value>1970-01-01 00:00:01</value>
        <variable display_value="Repeat">1c5f4d94c32222002841b63b12d3aeb3</variable>
    </sys_variable_value>
    <sys_element_mapping action="DELETE" query="table=var__m_sys_hub_trigger_input_f63f0d94c32222002841b63b12d3aeed^id=2e69cc20973d01108ac03f0e6253afec"/>
    <sys_hub_flow_stage action="DELETE" query="flow=e0b7ccac97f901108ac03f0e6253af85"/>
    <sys_flow_cat_variable_model action="DELETE" query="id=e0b7ccac97f901108ac03f0e6253af85^sys_idNOT INecb7ccac97f901108ac03f0e6253af85"/>
    <sys_flow_cat_variable_model action="DELETE">
        <id>e0b7ccac97f901108ac03f0e6253af85</id>
        <name>Create Sheet </name>
        <sys_created_by>akash.sri</sys_created_by>
        <sys_created_on>2022-02-17 09:23:32</sys_created_on>
        <sys_id>ecb7ccac97f901108ac03f0e6253af85</sys_id>
        <sys_mod_count>0</sys_mod_count>
        <sys_scope/>
        <sys_updated_by>akash.sri</sys_updated_by>
        <sys_updated_on>2022-02-17 09:23:32</sys_updated_on>
    </sys_flow_cat_variable_model>
    <sys_flow_cat_variable action="DELETE" query="flow_catalog_model=ecb7ccac97f901108ac03f0e6253af85"/>
    <sys_hub_flow_input action="DELETE" query="model=e0b7ccac97f901108ac03f0e6253af85"/>
    <sys_hub_flow_output action="DELETE" query="model=e0b7ccac97f901108ac03f0e6253af85"/>
    <sys_hub_alias_mapping action="DELETE" query="source_id=e0b7ccac97f901108ac03f0e6253af85"/>
    <sys_hub_action_instance action="DELETE" query="flow=e0b7ccac97f901108ac03f0e6253af85^sys_idNOT IN83690060973d01108ac03f0e6253af01"/>
    <sys_hub_action_instance action="DELETE">
        <action_inputs/>
        <action_type display_value="Create Sheet In Sheets Folder">20664c6c97f901108ac03f0e6253af56</action_type>
        <action_type_parent/>
        <comment/>
        <compiled_snapshot/>
        <display_text/>
        <flow display_value="Create Sheet ">e0b7ccac97f901108ac03f0e6253af85</flow>
        <order>1</order>
        <parent_ui_id/>
        <sys_class_name>sys_hub_action_instance</sys_class_name>
        <sys_created_by>akash.sri</sys_created_by>
        <sys_created_on>2022-02-17 09:31:04</sys_created_on>
        <sys_id>83690060973d01108ac03f0e6253af01</sys_id>
        <sys_mod_count>6</sys_mod_count>
        <sys_scope display_value="Smartsheet Spoke">f719677374021010fa9bb5ebcba7e550</sys_scope>
        <sys_updated_by>akash.sri</sys_updated_by>
        <sys_updated_on>2022-02-17 13:51:33</sys_updated_on>
        <ui_id>9644744b-4fd8-4b5e-83a7-a78499abecdb</ui_id>
    </sys_hub_action_instance>
    <sys_variable_value action="DELETE" query="document_key=83690060973d01108ac03f0e6253af01"/>
    <sys_variable_value action="DELETE">
        <document>sys_hub_action_instance</document>
        <document_key>83690060973d01108ac03f0e6253af01</document_key>
        <order>1</order>
        <sys_class_name>sys_variable_value</sys_class_name>
        <sys_created_by>akash.sri</sys_created_by>
        <sys_created_on>2022-02-17 09:31:04</sys_created_on>
        <sys_id>4b690060973d01108ac03f0e6253af02</sys_id>
        <sys_mod_count>1</sys_mod_count>
        <sys_updated_by>akash.sri</sys_updated_by>
        <sys_updated_on>2022-02-17 13:51:33</sys_updated_on>
        <value>A test demo</value>
        <variable display_value="Name">92964c6c97f901108ac03f0e6253af5c</variable>
    </sys_variable_value>
    <sys_variable_value action="DELETE">
        <document>sys_hub_action_instance</document>
        <document_key>83690060973d01108ac03f0e6253af01</document_key>
        <order>2</order>
        <sys_class_name>sys_variable_value</sys_class_name>
        <sys_created_by>akash.sri</sys_created_by>
        <sys_created_on>2022-02-17 09:31:04</sys_created_on>
        <sys_id>87690060973d01108ac03f0e6253af02</sys_id>
        <sys_mod_count>0</sys_mod_count>
        <sys_updated_by>akash.sri</sys_updated_by>
        <sys_updated_on>2022-02-17 09:31:04</sys_updated_on>
        <value>{"version":"1.0","serializationFormat":"JSON","complexObjectSchema":{"FlowDesigner:FD1e964c6c37f901108061c759598a0e59":{"$COCollectionField":[{"columns":{"symbol":"String","symbol.$field_facets":{"SimpleMapFacet":"{\"uiTypeLabel\":\"String\",\"read_only\":\"false\",\"hint\":\"\",\"uiType\":\"string\",\"default_value\":\"\",\"label\":\"Symbol\",\"mandatory\":\"false\",\"order\":\"4\",\"max_length\":\"0\"}"},"autoNumberFormat":{"prefix":"String","prefix.$field_facets":{"SimpleMapFacet":"{\"uiTypeLabel\":\"String\",\"read_only\":\"false\",\"hint\":\"\",\"uiType\":\"string\",\"default_value\":\"\",\"label\":\"Prefix\",\"mandatory\":\"false\",\"order\":\"2\",\"max_length\":\"0\"}"},"startingNumber":"Number","startingNumber.$field_facets":{"SimpleMapFacet":"{\"uiTypeLabel\":\"Number\",\"read_only\":\"false\",\"hint\":\"\",\"uiType\":\"number\",\"default_value\":\"\",\"label\":\"Starting Number\",\"mandatory\":\"false\",\"order\":\"3\",\"max_length\":\"0\"}"},"fill":"String","fill.$field_facets":{"SimpleMapFacet":"{\"uiTypeLabel\":\"String\",\"read_only\":\"false\",\"hint\":\"\",\"uiType\":\"string\",\"default_value\":\"\",\"label\":\"Fill\",\"mandatory\":\"false\",\"order\":\"1\",\"max_length\":\"0\"}"},"suffix":"String","suffix.$field_facets":{"SimpleMapFacet":"{\"uiTypeLabel\":\"String\",\"read_only\":\"false\",\"hint\":\"\",\"uiType\":\"string\",\"default_value\":\"\",\"label\":\"Suffix\",\"mandatory\":\"false\",\"order\":\"4\",\"max_length\":\"0\"}"}},"autoNumberFormat.$field_facets":{"SimpleMapFacet":"{\"uiTypeLabel\":\"Object\",\"read_only\":\"false\",\"hint\":\"\",\"uiType\":\"object\",\"default_value\":\"\",\"label\":\"Auto Number Format\",\"mandatory\":\"false\",\"order\":\"8\",\"max_length\":\"0\"}"},"options":["Any"],"options.$field_facets":{"SimpleMapFacet":"{\"default_value\":\"\",\"child_hint\":\"\",\"child_maxsize\":\"\",\"label\":\"Options\",\"mandatory\":\"false\",\"child_name\":\"Option\",\"uiTypeLabel\":\"Array.String\",\"child_label\":\"Option\",\"child_type_label\":\"String\",\"read_only\":\"false\",\"hint\":\"\",\"uiType\":\"array.string\",\"child_defaultValue\":\"\",\"child_type\":\"string\",\"order\":\"6\",\"max_length\":\"0\",\"child_uiUniqueId\":\"d2fb40c0-e716-4646-8d22-ca460c193ce1\"}"},"system_column_type":"String","system_column_type.$field_facets":{"SimpleMapFacet":"{\"uiTypeLabel\":\"Choice\",\"read_only\":\"false\",\"hint\":\"\",\"uiType\":\"choice\",\"default_value\":\"\",\"label\":\"System Column Type\",\"mandatory\":\"false\",\"order\":\"5\",\"max_length\":\"32\"}","SimpleChoiceFacet":"{\"complex_choice_map_key$\":{},\"choice_map_key$\":{\"AUTO NUMBER\":\"{\\\"label\\\":\\\"AUTO NUMBER\\\",\\\"value\\\":\\\"AUTO_NUMBER\\\",\\\"order\\\":1}\",\"CREATED BY\":\"{\\\"label\\\":\\\"CREATED BY\\\",\\\"value\\\":\\\"CREATED_BY\\\",\\\"order\\\":2}\",\"MODIFIED BY\":\"{\\\"label\\\":\\\"MODIFIED BY\\\",\\\"value\\\":\\\"MODIFIED_BY\\\",\\\"order\\\":4}\",\"MODIFIED DATE\":\"{\\\"label\\\":\\\"MODIFIED DATE\\\",\\\"value\\\":\\\"MODIFIED_DATE\\\",\\\"order\\\":5}\",\"CREATED DATE\":\"{\\\"label\\\":\\\"CREATED DATE\\\",\\\"value\\\":\\\"CREATED_DATE\\\",\\\"order\\\":3}\"}}"},"width":"Number","width.$field_facets":{"SimpleMapFacet":"{\"uiTypeLabel\":\"Number\",\"read_only\":\"false\",\"hint\":\"\",\"uiType\":\"number\",\"default_value\":\"\",\"label\":\"Width\",\"mandatory\":\"false\",\"order\":\"7\",\"max_length\":\"0\"}"},"title":"String","title.$field_facets":{"SimpleMapFacet":"{\"uiTypeLabel\":\"String\",\"read_only\":\"false\",\"hint\":\"\",\"uiType\":\"string\",\"default_value\":\"\",\"label\":\"Title\",\"mandatory\":\"true\",\"order\":\"1\",\"max_length\":\"0\"}"},"type":"String","type.$field_facets":{"SimpleMapFacet":"{\"uiTypeLabel\":\"Choice\",\"read_only\":\"false\",\"hint\":\"\",\"uiType\":\"choice\",\"default_value\":\"TEXT_NUMBER\",\"label\":\"Type\",\"mandatory\":\"true\",\"order\":\"2\",\"max_length\":\"32\"}","SimpleChoiceFacet":"{\"complex_choice_map_key$\":{},\"choice_map_key$\":{\"Contact List\":\"{\\\"label\\\":\\\"Contact List\\\",\\\"value\\\":\\\"CONTACT_LIST\\\",\\\"order\\\":5}\",\"Abstract Datetime\":\"{\\\"label\\\":\\\"Abstract Datetime\\\",\\\"value\\\":\\\"ABSTRACT_DATETIME\\\",\\\"order\\\":10}\",\"Predecessor\":\"{\\\"label\\\":\\\"Predecessor\\\",\\\"value\\\":\\\"PREDECESSOR\\\",\\\"order\\\":11}\",\"Checkbox\":\"{\\\"label\\\":\\\"Checkbox\\\",\\\"value\\\":\\\"CHECKBOX\\\",\\\"order\\\":2}\",\"Text Number\":\"{\\\"label\\\":\\\"Text Number\\\",\\\"value\\\":\\\"TEXT_NUMBER\\\",\\\"order\\\":1}\",\"Date Time\":\"{\\\"label\\\":\\\"Date Time\\\",\\\"value\\\":\\\"DATETIME\\\",\\\"order\\\":4}\",\"Duration\":\"{\\\"label\\\":\\\"Duration\\\",\\\"value\\\":\\\"DURATION\\\",\\\"order\\\":7}\",\"Multi Contact List\":\"{\\\"label\\\":\\\"Multi Contact List\\\",\\\"value\\\":\\\"MULTI_CONTACT_LIST\\\",\\\"order\\\":8}\",\"Multi Picklist\":\"{\\\"label\\\":\\\"Multi Picklist\\\",\\\"value\\\":\\\"MULTI_PICKLIST\\\",\\\"order\\\":9}\",\"Picklist\":\"{\\\"label\\\":\\\"Picklist\\\",\\\"value\\\":\\\"PICKLIST\\\",\\\"order\\\":6}\",\"Date\":\"{\\\"label\\\":\\\"Date\\\",\\\"value\\\":\\\"DATE\\\",\\\"order\\\":3}\"}}"},"primary":"String","primary.$field_facets":{"SimpleMapFacet":"{\"uiTypeLabel\":\"Choice\",\"read_only\":\"false\",\"hint\":\"\",\"uiType\":\"choice\",\"default_value\":\"false\",\"label\":\"Primary\",\"mandatory\":\"true\",\"order\":\"3\",\"max_length\":\"32\"}","SimpleChoiceFacet":"{\"complex_choice_map_key$\":{},\"choice_map_key$\":{\"True\":\"{\\\"label\\\":\\\"True\\\",\\\"value\\\":\\\"true\\\",\\\"order\\\":1}\",\"False\":\"{\\\"label\\\":\\\"False\\\",\\\"value\\\":\\\"false\\\",\\\"order\\\":2}\"}}"}}}],"$COCollectionField.$type_facets":{"SimpleMapFacet":"{\"default_value\":\"\",\"label\":\"Sheet Details\",\"mandatory\":\"false\",\"child_name\":\"columns\",\"uiUniqueId\":\"3652d7cc-afa7-4528-b8fb-629ba607d58e\",\"uiTypeLabel\":\"Array.Object\",\"co_type_name\":\"FD1e964c6c37f901108061c759598a0e59\",\"child_label\":\"Columns\",\"child_type_label\":\"Object\",\"element_mapping_provider\":\"com.glide.flow_design.action.data.FlowDesignVariableMapper\",\"read_only\":\"false\",\"hint\":null,\"uiType\":\"array.object\",\"child_type\":\"object\",\"order\":\"2\",\"max_length\":\"65000\",\"child_uiUniqueId\":\"c6ac03a0-aff7-4a4a-97f7-5369658c2c06\"}"},"$COCollectionField.$field_facets":{"SimpleMapFacet":"{\"up-shift-collection-level\":\"true\"}"}},"FlowDesigner:FD1e964c6c37f901108061c759598a0e59.$type_facets":{"SimpleMapFacet":"{\"default_value\":\"\",\"label\":\"Sheet Details\",\"mandatory\":\"false\",\"child_name\":\"columns\",\"uiUniqueId\":\"3652d7cc-afa7-4528-b8fb-629ba607d58e\",\"uiTypeLabel\":\"Array.Object\",\"co_type_name\":\"FD1e964c6c37f901108061c759598a0e59\",\"child_label\":\"Columns\",\"child_type_label\":\"Object\",\"element_mapping_provider\":\"com.glide.flow_design.action.data.FlowDesignVariableMapper\",\"read_only\":\"false\",\"hint\":null,\"uiType\":\"array.object\",\"child_type\":\"object\",\"order\":\"2\",\"max_length\":\"65000\",\"child_uiUniqueId\":\"c6ac03a0-aff7-4a4a-97f7-5369658c2c06\"}"}},"complexObject":{"name$":"FD1e964c6c37f901108061c759598a0e59","$COCollectionField":[{"symbol":{"$cv":{"$c":"java.lang.String","$v":""}},"autoNumberFormat":{"name$":"autoNumberFormat","prefix":{"$cv":{"$c":"java.lang.String","$v":""}},"startingNumber":{"$cv":{"$c":"java.lang.String","$v":""}},"fill":{"$cv":{"$c":"java.lang.String","$v":""}},"suffix":{"$cv":{"$c":"java.lang.String","$v":""}}},"options":[""],"system_column_type":{"$cv":{"$c":"java.lang.String","$v":""}},"width":{"$cv":{"$c":"java.lang.String","$v":"100"}},"title":{"$cv":{"$c":"java.lang.String","$v":"col 1"}},"type":{"$cv":{"$c":"java.lang.String","$v":"TEXT_NUMBER"}},"primary":{"$cv":{"$c":"java.lang.String","$v":"true"}}},{"symbol":{"$cv":{"$c":"java.lang.String","$v":""}},"autoNumberFormat":{"name$":"autoNumberFormat","prefix":{"$cv":{"$c":"java.lang.String","$v":"test"}},"startingNumber":{"$cv":{"$c":"java.lang.String","$v":"0"}},"fill":{"$cv":{"$c":"java.lang.String","$v":"00"}},"suffix":{"$cv":{"$c":"java.lang.String","$v":"demo"}}},"options":[""],"system_column_type":{"$cv":{"$c":"java.lang.String","$v":"AUTO_NUMBER"}},"width":{"$cv":{"$c":"java.lang.String","$v":"100"}},"title":{"$cv":{"$c":"java.lang.String","$v":"col 2"}},"type":{"$cv":{"$c":"java.lang.String","$v":"TEXT_NUMBER"}},"primary":{"$cv":{"$c":"java.lang.String","$v":"false"}}},{"symbol":{"$cv":{"$c":"java.lang.String","$v":""}},"autoNumberFormat":{"name$":"autoNumberFormat","prefix":{"$cv":{"$c":"java.lang.String","$v":""}},"startingNumber":{"$cv":{"$c":"java.lang.String","$v":""}},"fill":{"$cv":{"$c":"java.lang.String","$v":""}},"suffix":{"$cv":{"$c":"java.lang.String","$v":""}}},"options":["option 1","option 2"],"system_column_type":{"$cv":{"$c":"java.lang.String","$v":""}},"width":{"$cv":{"$c":"java.lang.String","$v":"100"}},"title":{"$cv":{"$c":"java.lang.String","$v":"col 3"}},"type":{"$cv":{"$c":"java.lang.String","$v":"PICKLIST"}},"primary":{"$cv":{"$c":"java.lang.String","$v":"false"}}},{"symbol":{"$cv":{"$c":"java.lang.String","$v":"STAR"}},"autoNumberFormat":{"name$":"autoNumberFormat","prefix":{"$cv":{"$c":"java.lang.String","$v":""}},"startingNumber":{"$cv":{"$c":"java.lang.String","$v":""}},"fill":{"$cv":{"$c":"java.lang.String","$v":""}},"suffix":{"$cv":{"$c":"java.lang.String","$v":""}}},"options":[""],"system_column_type":{"$cv":{"$c":"java.lang.String","$v":""}},"width":{"$cv":{"$c":"java.lang.String","$v":"100"}},"title":{"$cv":{"$c":"java.lang.String","$v":"col 4"}},"type":{"$cv":{"$c":"java.lang.String","$v":"CHECKBOX"}},"primary":{"$cv":{"$c":"java.lang.String","$v":"false"}}}]}}</value>
        <variable display_value="Sheet Details">a29600ac97f901108ac03f0e6253af01</variable>
    </sys_variable_value>
    <sys_element_mapping action="DELETE" query="table=var__m_sys_hub_action_input_20664c6c97f901108ac03f0e6253af56^id=83690060973d01108ac03f0e6253af01"/>
    <sys_hub_input_scripts action="DELETE" query="instance=83690060973d01108ac03f0e6253af01"/>
    <sys_hub_alias_mapping action="DELETE" query="source_id=83690060973d01108ac03f0e6253af01"/>
    <sys_hub_sub_flow_instance action="DELETE" query="flow=e0b7ccac97f901108ac03f0e6253af85"/>
    <sys_hub_flow_logic action="DELETE" query="flow=e0b7ccac97f901108ac03f0e6253af85"/>
    <sys_hub_pill_compound action="DELETE" query="attached_to=e0b7ccac97f901108ac03f0e6253af85"/>
    <sys_hub_flow_variable action="DELETE" query="model=e0b7ccac97f901108ac03f0e6253af85"/>
    <sys_documentation action="DELETE" query="name=var__m_sys_hub_flow_input_e0b7ccac97f901108ac03f0e6253af85"/>
    <sys_choice action="DELETE" query="name=var__m_sys_hub_flow_input_e0b7ccac97f901108ac03f0e6253af85"/>
    <sys_documentation action="DELETE" query="name=var__m_sys_hub_flow_output_e0b7ccac97f901108ac03f0e6253af85"/>
    <sys_choice action="DELETE" query="name=var__m_sys_hub_flow_output_e0b7ccac97f901108ac03f0e6253af85"/>
    <sys_flow_trigger_plan action="DELETE" query="plan_id=e0b7ccac97f901108ac03f0e6253af85"/>
    <sys_flow_subflow_plan action="DELETE" query="plan_id=e0b7ccac97f901108ac03f0e6253af85"/>
    <sys_update_version action="INSERT_OR_UPDATE">
        <action>DELETE</action>
        <application display_value="Smartsheet Spoke">f719677374021010fa9bb5ebcba7e550</application>
        <file_path/>
        <instance_id>428a36c905030110effdd6012ef1a058</instance_id>
        <instance_name>glide_db_dump</instance_name>
        <name>sys_hub_flow_e0b7ccac97f901108ac03f0e6253af85</name>
        <payload><![CDATA[<?xml version="1.0" encoding="UTF-8"?><record_update sys_domain="global" table="sys_hub_flow"><sys_hub_flow action="INSERT_OR_UPDATE"><access>public</access><acls/><active>false</active><annotation/><callable_by_client_api>false</callable_by_client_api><category/><compiler_build/><copied_from/><copied_from_name/><description/><internal_name>create_sheet</internal_name><label_cache>[{"name":"9644744b-4fd8-4b5e-83a7-a78499abecdb.__action_status__","label":"1 - Create Sheet In Sheets Folder➛Action Status","reference_display":"Action Status","type":"object","base_type":"object","attributes":{"uiTypeLabel":"Object","co_type_name":"FDACTIONSTATUS","element_mapping_provider":"com.glide.flow_design.action.data.FlowDesignVariableMapper","uiType":"object","action_error_output":"true","uiUniqueId":"35ffbc3b-8c85-4837-9a6f-bf4e57500e1e"}},{"name":"9644744b-4fd8-4b5e-83a7-a78499abecdb.__dont_treat_as_error__","label":"1 - Create Sheet In Sheets Folder➛Don\u0027t Treat as Error","reference_display":"Don\u0027t Treat as Error","type":"boolean","base_type":"boolean","attributes":{"uiTypeLabel":"True/False","element_mapping_provider":"com.glide.flow_design.action.data.FlowDesignVariableMapper","uiType":"boolean","visible_in_ui":"false","action_error_output":"true","uiUniqueId":"db63e74d-723e-4c96-9b13-2162c82cf0a2"}},{"name":"9644744b-4fd8-4b5e-83a7-a78499abecdb.status","label":"1 - Create Sheet In Sheets Folder➛Status","reference_display":"Status","type":"string","base_type":"string","attributes":{"uiType":"string","uiTypeLabel":"String","element_mapping_provider":"com.glide.flow_design.action.data.FlowDesignVariableMapper","pwd2droppable":"true","uiUniqueId":"6de894f2-af65-4f33-aece-7c0b2dd5b9f4"}},{"name":"9644744b-4fd8-4b5e-83a7-a78499abecdb.errormsg","label":"1 - Create Sheet In Sheets Folder➛Error Message","reference_display":"Error Message","type":"string","base_type":"string","attributes":{"uiType":"string","uiTypeLabel":"String","element_mapping_provider":"com.glide.flow_design.action.data.FlowDesignVariableMapper","pwd2droppable":"true","uiUniqueId":"7a617331-8106-4ee1-8976-5c16ee133661"}},{"name":"9644744b-4fd8-4b5e-83a7-a78499abecdb.sheet_details","label":"1 - Create Sheet In Sheets Folder➛Sheet Details","reference_display":"Sheet Details","type":"object","base_type":"object","attributes":{"sourceId":"542253e6-3fce-4b7a-ad6a-875acf5ec2cd","uiTypeLabel":"Object","co_type_name":"FDdf9600ac43f901106407a8f947dad97a","element_mapping_provider":"com.glide.flow_design.action.data.FlowDesignVariableMapper","sourceType":"step","sourceUiUniqueId":"c356de94-4cbd-4291-994d-1318f51f3e3a","pwd2droppable":"true","uiType":"object","uiUniqueId":"5aedc29e-1d09-4641-91a3-9004fd997a6b"}}]</label_cache><latest_snapshot/><master_snapshot/><name>Create Sheet </name><natlang/><outputs/><remote_trigger_id/><run_as>user</run_as><run_with_roles/><sc_callable>false</sc_callable><show_draft_actions>false</show_draft_actions><show_triggered_flows>false</show_triggered_flows><status>draft</status><sys_class_name>sys_hub_flow</sys_class_name><sys_created_by>akash.sri</sys_created_by><sys_created_on>2022-02-17 09:23:32</sys_created_on><sys_domain>global</sys_domain><sys_domain_path>/</sys_domain_path><sys_id>e0b7ccac97f901108ac03f0e6253af85</sys_id><sys_mod_count>3</sys_mod_count><sys_name>Create Sheet </sys_name><sys_overrides/><sys_package display_value="Smartsheet Spoke" source="sn_smrtsheet_spoke">f719677374021010fa9bb5ebcba7e550</sys_package><sys_policy/><sys_scope display_value="Smartsheet Spoke">f719677374021010fa9bb5ebcba7e550</sys_scope><sys_update_name>sys_hub_flow_e0b7ccac97f901108ac03f0e6253af85</sys_update_name><sys_updated_by>akash.sri</sys_updated_by><sys_updated_on>2022-02-17 13:51:33</sys_updated_on><type>flow</type></sys_hub_flow><sys_translated_text action="delete_multiple" query="documentkey=e0b7ccac97f901108ac03f0e6253af85"/><sys_variable_value action="delete_multiple" query="document_key=e0b7ccac97f901108ac03f0e6253af85"/><sys_hub_trigger_instance action="delete_multiple" query="flow=e0b7ccac97f901108ac03f0e6253af85^sys_idNOT IN2e69cc20973d01108ac03f0e6253afec"/><sys_hub_trigger_instance action="INSERT_OR_UPDATE"><comment/><display_text/><flow display_value="Create Sheet ">e0b7ccac97f901108ac03f0e6253af85</flow><name>Repeat</name><remote_sys_id/><sys_created_by>akash.sri</sys_created_by><sys_created_on>2022-02-17 09:31:03</sys_created_on><sys_id>2e69cc20973d01108ac03f0e6253afec</sys_id><sys_mod_count>3</sys_mod_count><sys_scope/><sys_updated_by>akash.sri</sys_updated_by><sys_updated_on>2022-02-17 13:51:32</sys_updated_on><trigger_definition display_value="Repeat">f63f0d94c32222002841b63b12d3aeed</trigger_definition><trigger_inputs/><trigger_outputs/><trigger_type>repeat</trigger_type></sys_hub_trigger_instance><sys_variable_value action="delete_multiple" query="document_key=2e69cc20973d01108ac03f0e6253afec"/><sys_variable_value action="INSERT_OR_UPDATE"><document>sys_hub_trigger_instance</document><document_key>2e69cc20973d01108ac03f0e6253afec</document_key><order>100</order><sys_class_name>sys_variable_value</sys_class_name><sys_created_by>akash.sri</sys_created_by><sys_created_on>2022-02-17 09:31:03</sys_created_on><sys_id>a669cc20973d01108ac03f0e6253afed</sys_id><sys_mod_count>0</sys_mod_count><sys_updated_by>akash.sri</sys_updated_by><sys_updated_on>2022-02-17 09:31:03</sys_updated_on><value>1970-01-01 00:00:01</value><variable display_value="Repeat">1c5f4d94c32222002841b63b12d3aeb3</variable></sys_variable_value><sys_element_mapping action="delete_multiple" query="table=var__m_sys_hub_trigger_input_f63f0d94c32222002841b63b12d3aeed^id=2e69cc20973d01108ac03f0e6253afec"/><sys_hub_flow_stage action="delete_multiple" query="flow=e0b7ccac97f901108ac03f0e6253af85"/><sys_flow_cat_variable_model action="delete_multiple" query="id=e0b7ccac97f901108ac03f0e6253af85^sys_idNOT INecb7ccac97f901108ac03f0e6253af85"/><sys_flow_cat_variable_model action="INSERT_OR_UPDATE"><id>e0b7ccac97f901108ac03f0e6253af85</id><name>Create Sheet </name><sys_created_by>akash.sri</sys_created_by><sys_created_on>2022-02-17 09:23:32</sys_created_on><sys_id>ecb7ccac97f901108ac03f0e6253af85</sys_id><sys_mod_count>0</sys_mod_count><sys_scope/><sys_updated_by>akash.sri</sys_updated_by><sys_updated_on>2022-02-17 09:23:32</sys_updated_on></sys_flow_cat_variable_model><sys_flow_cat_variable action="delete_multiple" query="flow_catalog_model=ecb7ccac97f901108ac03f0e6253af85"/><sys_hub_flow_input action="delete_multiple" query="model=e0b7ccac97f901108ac03f0e6253af85"/><sys_hub_flow_output action="delete_multiple" query="model=e0b7ccac97f901108ac03f0e6253af85"/><sys_hub_alias_mapping action="delete_multiple" query="source_id=e0b7ccac97f901108ac03f0e6253af85"/><sys_hub_action_instance action="delete_multiple" query="flow=e0b7ccac97f901108ac03f0e6253af85^sys_idNOT IN83690060973d01108ac03f0e6253af01"/><sys_hub_action_instance action="INSERT_OR_UPDATE"><action_inputs/><action_type display_value="Create Sheet In Sheets Folder">20664c6c97f901108ac03f0e6253af56</action_type><action_type_parent/><comment/><compiled_snapshot/><display_text/><flow display_value="Create Sheet ">e0b7ccac97f901108ac03f0e6253af85</flow><order>1</order><parent_ui_id/><sys_class_name>sys_hub_action_instance</sys_class_name><sys_created_by>akash.sri</sys_created_by><sys_created_on>2022-02-17 09:31:04</sys_created_on><sys_id>83690060973d01108ac03f0e6253af01</sys_id><sys_mod_count>6</sys_mod_count><sys_scope display_value="Smartsheet Spoke">f719677374021010fa9bb5ebcba7e550</sys_scope><sys_updated_by>akash.sri</sys_updated_by><sys_updated_on>2022-02-17 13:51:33</sys_updated_on><ui_id>9644744b-4fd8-4b5e-83a7-a78499abecdb</ui_id></sys_hub_action_instance><sys_variable_value action="delete_multiple" query="document_key=83690060973d01108ac03f0e6253af01"/><sys_variable_value action="INSERT_OR_UPDATE"><document>sys_hub_action_instance</document><document_key>83690060973d01108ac03f0e6253af01</document_key><order>1</order><sys_class_name>sys_variable_value</sys_class_name><sys_created_by>akash.sri</sys_created_by><sys_created_on>2022-02-17 09:31:04</sys_created_on><sys_id>4b690060973d01108ac03f0e6253af02</sys_id><sys_mod_count>1</sys_mod_count><sys_updated_by>akash.sri</sys_updated_by><sys_updated_on>2022-02-17 13:51:33</sys_updated_on><value>A test demo</value><variable display_value="Name">92964c6c97f901108ac03f0e6253af5c</variable></sys_variable_value><sys_variable_value action="INSERT_OR_UPDATE"><document>sys_hub_action_instance</document><document_key>83690060973d01108ac03f0e6253af01</document_key><order>2</order><sys_class_name>sys_variable_value</sys_class_name><sys_created_by>akash.sri</sys_created_by><sys_created_on>2022-02-17 09:31:04</sys_created_on><sys_id>87690060973d01108ac03f0e6253af02</sys_id><sys_mod_count>0</sys_mod_count><sys_updated_by>akash.sri</sys_updated_by><sys_updated_on>2022-02-17 09:31:04</sys_updated_on><value>{"version":"1.0","serializationFormat":"JSON","complexObjectSchema":{"FlowDesigner:FD1e964c6c37f901108061c759598a0e59":{"$COCollectionField":[{"columns":{"symbol":"String","symbol.$field_facets":{"SimpleMapFacet":"{\"uiTypeLabel\":\"String\",\"read_only\":\"false\",\"hint\":\"\",\"uiType\":\"string\",\"default_value\":\"\",\"label\":\"Symbol\",\"mandatory\":\"false\",\"order\":\"4\",\"max_length\":\"0\"}"},"autoNumberFormat":{"prefix":"String","prefix.$field_facets":{"SimpleMapFacet":"{\"uiTypeLabel\":\"String\",\"read_only\":\"false\",\"hint\":\"\",\"uiType\":\"string\",\"default_value\":\"\",\"label\":\"Prefix\",\"mandatory\":\"false\",\"order\":\"2\",\"max_length\":\"0\"}"},"startingNumber":"Number","startingNumber.$field_facets":{"SimpleMapFacet":"{\"uiTypeLabel\":\"Number\",\"read_only\":\"false\",\"hint\":\"\",\"uiType\":\"number\",\"default_value\":\"\",\"label\":\"Starting Number\",\"mandatory\":\"false\",\"order\":\"3\",\"max_length\":\"0\"}"},"fill":"String","fill.$field_facets":{"SimpleMapFacet":"{\"uiTypeLabel\":\"String\",\"read_only\":\"false\",\"hint\":\"\",\"uiType\":\"string\",\"default_value\":\"\",\"label\":\"Fill\",\"mandatory\":\"false\",\"order\":\"1\",\"max_length\":\"0\"}"},"suffix":"String","suffix.$field_facets":{"SimpleMapFacet":"{\"uiTypeLabel\":\"String\",\"read_only\":\"false\",\"hint\":\"\",\"uiType\":\"string\",\"default_value\":\"\",\"label\":\"Suffix\",\"mandatory\":\"false\",\"order\":\"4\",\"max_length\":\"0\"}"}},"autoNumberFormat.$field_facets":{"SimpleMapFacet":"{\"uiTypeLabel\":\"Object\",\"read_only\":\"false\",\"hint\":\"\",\"uiType\":\"object\",\"default_value\":\"\",\"label\":\"Auto Number Format\",\"mandatory\":\"false\",\"order\":\"8\",\"max_length\":\"0\"}"},"options":["Any"],"options.$field_facets":{"SimpleMapFacet":"{\"default_value\":\"\",\"child_hint\":\"\",\"child_maxsize\":\"\",\"label\":\"Options\",\"mandatory\":\"false\",\"child_name\":\"Option\",\"uiTypeLabel\":\"Array.String\",\"child_label\":\"Option\",\"child_type_label\":\"String\",\"read_only\":\"false\",\"hint\":\"\",\"uiType\":\"array.string\",\"child_defaultValue\":\"\",\"child_type\":\"string\",\"order\":\"6\",\"max_length\":\"0\",\"child_uiUniqueId\":\"d2fb40c0-e716-4646-8d22-ca460c193ce1\"}"},"system_column_type":"String","system_column_type.$field_facets":{"SimpleMapFacet":"{\"uiTypeLabel\":\"Choice\",\"read_only\":\"false\",\"hint\":\"\",\"uiType\":\"choice\",\"default_value\":\"\",\"label\":\"System Column Type\",\"mandatory\":\"false\",\"order\":\"5\",\"max_length\":\"32\"}","SimpleChoiceFacet":"{\"complex_choice_map_key$\":{},\"choice_map_key$\":{\"AUTO NUMBER\":\"{\\\"label\\\":\\\"AUTO NUMBER\\\",\\\"value\\\":\\\"AUTO_NUMBER\\\",\\\"order\\\":1}\",\"CREATED BY\":\"{\\\"label\\\":\\\"CREATED BY\\\",\\\"value\\\":\\\"CREATED_BY\\\",\\\"order\\\":2}\",\"MODIFIED BY\":\"{\\\"label\\\":\\\"MODIFIED BY\\\",\\\"value\\\":\\\"MODIFIED_BY\\\",\\\"order\\\":4}\",\"MODIFIED DATE\":\"{\\\"label\\\":\\\"MODIFIED DATE\\\",\\\"value\\\":\\\"MODIFIED_DATE\\\",\\\"order\\\":5}\",\"CREATED DATE\":\"{\\\"label\\\":\\\"CREATED DATE\\\",\\\"value\\\":\\\"CREATED_DATE\\\",\\\"order\\\":3}\"}}"},"width":"Number","width.$field_facets":{"SimpleMapFacet":"{\"uiTypeLabel\":\"Number\",\"read_only\":\"false\",\"hint\":\"\",\"uiType\":\"number\",\"default_value\":\"\",\"label\":\"Width\",\"mandatory\":\"false\",\"order\":\"7\",\"max_length\":\"0\"}"},"title":"String","title.$field_facets":{"SimpleMapFacet":"{\"uiTypeLabel\":\"String\",\"read_only\":\"false\",\"hint\":\"\",\"uiType\":\"string\",\"default_value\":\"\",\"label\":\"Title\",\"mandatory\":\"true\",\"order\":\"1\",\"max_length\":\"0\"}"},"type":"String","type.$field_facets":{"SimpleMapFacet":"{\"uiTypeLabel\":\"Choice\",\"read_only\":\"false\",\"hint\":\"\",\"uiType\":\"choice\",\"default_value\":\"TEXT_NUMBER\",\"label\":\"Type\",\"mandatory\":\"true\",\"order\":\"2\",\"max_length\":\"32\"}","SimpleChoiceFacet":"{\"complex_choice_map_key$\":{},\"choice_map_key$\":{\"Contact List\":\"{\\\"label\\\":\\\"Contact List\\\",\\\"value\\\":\\\"CONTACT_LIST\\\",\\\"order\\\":5}\",\"Abstract Datetime\":\"{\\\"label\\\":\\\"Abstract Datetime\\\",\\\"value\\\":\\\"ABSTRACT_DATETIME\\\",\\\"order\\\":10}\",\"Predecessor\":\"{\\\"label\\\":\\\"Predecessor\\\",\\\"value\\\":\\\"PREDECESSOR\\\",\\\"order\\\":11}\",\"Checkbox\":\"{\\\"label\\\":\\\"Checkbox\\\",\\\"value\\\":\\\"CHECKBOX\\\",\\\"order\\\":2}\",\"Text Number\":\"{\\\"label\\\":\\\"Text Number\\\",\\\"value\\\":\\\"TEXT_NUMBER\\\",\\\"order\\\":1}\",\"Date Time\":\"{\\\"label\\\":\\\"Date Time\\\",\\\"value\\\":\\\"DATETIME\\\",\\\"order\\\":4}\",\"Duration\":\"{\\\"label\\\":\\\"Duration\\\",\\\"value\\\":\\\"DURATION\\\",\\\"order\\\":7}\",\"Multi Contact List\":\"{\\\"label\\\":\\\"Multi Contact List\\\",\\\"value\\\":\\\"MULTI_CONTACT_LIST\\\",\\\"order\\\":8}\",\"Multi Picklist\":\"{\\\"label\\\":\\\"Multi Picklist\\\",\\\"value\\\":\\\"MULTI_PICKLIST\\\",\\\"order\\\":9}\",\"Picklist\":\"{\\\"label\\\":\\\"Picklist\\\",\\\"value\\\":\\\"PICKLIST\\\",\\\"order\\\":6}\",\"Date\":\"{\\\"label\\\":\\\"Date\\\",\\\"value\\\":\\\"DATE\\\",\\\"order\\\":3}\"}}"},"primary":"String","primary.$field_facets":{"SimpleMapFacet":"{\"uiTypeLabel\":\"Choice\",\"read_only\":\"false\",\"hint\":\"\",\"uiType\":\"choice\",\"default_value\":\"false\",\"label\":\"Primary\",\"mandatory\":\"true\",\"order\":\"3\",\"max_length\":\"32\"}","SimpleChoiceFacet":"{\"complex_choice_map_key$\":{},\"choice_map_key$\":{\"True\":\"{\\\"label\\\":\\\"True\\\",\\\"value\\\":\\\"true\\\",\\\"order\\\":1}\",\"False\":\"{\\\"label\\\":\\\"False\\\",\\\"value\\\":\\\"false\\\",\\\"order\\\":2}\"}}"}}}],"$COCollectionField.$type_facets":{"SimpleMapFacet":"{\"default_value\":\"\",\"label\":\"Sheet Details\",\"mandatory\":\"false\",\"child_name\":\"columns\",\"uiUniqueId\":\"3652d7cc-afa7-4528-b8fb-629ba607d58e\",\"uiTypeLabel\":\"Array.Object\",\"co_type_name\":\"FD1e964c6c37f901108061c759598a0e59\",\"child_label\":\"Columns\",\"child_type_label\":\"Object\",\"element_mapping_provider\":\"com.glide.flow_design.action.data.FlowDesignVariableMapper\",\"read_only\":\"false\",\"hint\":null,\"uiType\":\"array.object\",\"child_type\":\"object\",\"order\":\"2\",\"max_length\":\"65000\",\"child_uiUniqueId\":\"c6ac03a0-aff7-4a4a-97f7-5369658c2c06\"}"},"$COCollectionField.$field_facets":{"SimpleMapFacet":"{\"up-shift-collection-level\":\"true\"}"}},"FlowDesigner:FD1e964c6c37f901108061c759598a0e59.$type_facets":{"SimpleMapFacet":"{\"default_value\":\"\",\"label\":\"Sheet Details\",\"mandatory\":\"false\",\"child_name\":\"columns\",\"uiUniqueId\":\"3652d7cc-afa7-4528-b8fb-629ba607d58e\",\"uiTypeLabel\":\"Array.Object\",\"co_type_name\":\"FD1e964c6c37f901108061c759598a0e59\",\"child_label\":\"Columns\",\"child_type_label\":\"Object\",\"element_mapping_provider\":\"com.glide.flow_design.action.data.FlowDesignVariableMapper\",\"read_only\":\"false\",\"hint\":null,\"uiType\":\"array.object\",\"child_type\":\"object\",\"order\":\"2\",\"max_length\":\"65000\",\"child_uiUniqueId\":\"c6ac03a0-aff7-4a4a-97f7-5369658c2c06\"}"}},"complexObject":{"name$":"FD1e964c6c37f901108061c759598a0e59","$COCollectionField":[{"symbol":{"$cv":{"$c":"java.lang.String","$v":""}},"autoNumberFormat":{"name$":"autoNumberFormat","prefix":{"$cv":{"$c":"java.lang.String","$v":""}},"startingNumber":{"$cv":{"$c":"java.lang.String","$v":""}},"fill":{"$cv":{"$c":"java.lang.String","$v":""}},"suffix":{"$cv":{"$c":"java.lang.String","$v":""}}},"options":[""],"system_column_type":{"$cv":{"$c":"java.lang.String","$v":""}},"width":{"$cv":{"$c":"java.lang.String","$v":"100"}},"title":{"$cv":{"$c":"java.lang.String","$v":"col 1"}},"type":{"$cv":{"$c":"java.lang.String","$v":"TEXT_NUMBER"}},"primary":{"$cv":{"$c":"java.lang.String","$v":"true"}}},{"symbol":{"$cv":{"$c":"java.lang.String","$v":""}},"autoNumberFormat":{"name$":"autoNumberFormat","prefix":{"$cv":{"$c":"java.lang.String","$v":"test"}},"startingNumber":{"$cv":{"$c":"java.lang.String","$v":"0"}},"fill":{"$cv":{"$c":"java.lang.String","$v":"00"}},"suffix":{"$cv":{"$c":"java.lang.String","$v":"demo"}}},"options":[""],"system_column_type":{"$cv":{"$c":"java.lang.String","$v":"AUTO_NUMBER"}},"width":{"$cv":{"$c":"java.lang.String","$v":"100"}},"title":{"$cv":{"$c":"java.lang.String","$v":"col 2"}},"type":{"$cv":{"$c":"java.lang.String","$v":"TEXT_NUMBER"}},"primary":{"$cv":{"$c":"java.lang.String","$v":"false"}}},{"symbol":{"$cv":{"$c":"java.lang.String","$v":""}},"autoNumberFormat":{"name$":"autoNumberFormat","prefix":{"$cv":{"$c":"java.lang.String","$v":""}},"startingNumber":{"$cv":{"$c":"java.lang.String","$v":""}},"fill":{"$cv":{"$c":"java.lang.String","$v":""}},"suffix":{"$cv":{"$c":"java.lang.String","$v":""}}},"options":["option 1","option 2"],"system_column_type":{"$cv":{"$c":"java.lang.String","$v":""}},"width":{"$cv":{"$c":"java.lang.String","$v":"100"}},"title":{"$cv":{"$c":"java.lang.String","$v":"col 3"}},"type":{"$cv":{"$c":"java.lang.String","$v":"PICKLIST"}},"primary":{"$cv":{"$c":"java.lang.String","$v":"false"}}},{"symbol":{"$cv":{"$c":"java.lang.String","$v":"STAR"}},"autoNumberFormat":{"name$":"autoNumberFormat","prefix":{"$cv":{"$c":"java.lang.String","$v":""}},"startingNumber":{"$cv":{"$c":"java.lang.String","$v":""}},"fill":{"$cv":{"$c":"java.lang.String","$v":""}},"suffix":{"$cv":{"$c":"java.lang.String","$v":""}}},"options":[""],"system_column_type":{"$cv":{"$c":"java.lang.String","$v":""}},"width":{"$cv":{"$c":"java.lang.String","$v":"100"}},"title":{"$cv":{"$c":"java.lang.String","$v":"col 4"}},"type":{"$cv":{"$c":"java.lang.String","$v":"CHECKBOX"}},"primary":{"$cv":{"$c":"java.lang.String","$v":"false"}}}]}}</value><variable display_value="Sheet Details">a29600ac97f901108ac03f0e6253af01</variable></sys_variable_value><sys_element_mapping action="delete_multiple" query="table=var__m_sys_hub_action_input_20664c6c97f901108ac03f0e6253af56^id=83690060973d01108ac03f0e6253af01"/><sys_hub_input_scripts action="delete_multiple" query="instance=83690060973d01108ac03f0e6253af01"/><sys_hub_alias_mapping action="delete_multiple" query="source_id=83690060973d01108ac03f0e6253af01"/><sys_hub_sub_flow_instance action="delete_multiple" query="flow=e0b7ccac97f901108ac03f0e6253af85"/><sys_hub_flow_logic action="delete_multiple" query="flow=e0b7ccac97f901108ac03f0e6253af85"/><sys_hub_pill_compound action="delete_multiple" query="attached_to=e0b7ccac97f901108ac03f0e6253af85"/><sys_hub_flow_variable action="delete_multiple" query="model=e0b7ccac97f901108ac03f0e6253af85"/><sys_documentation action="delete_multiple" query="name=var__m_sys_hub_flow_input_e0b7ccac97f901108ac03f0e6253af85"/><sys_choice action="delete_multiple" query="name=var__m_sys_hub_flow_input_e0b7ccac97f901108ac03f0e6253af85"/><sys_documentation action="delete_multiple" query="name=var__m_sys_hub_flow_output_e0b7ccac97f901108ac03f0e6253af85"/><sys_choice action="delete_multiple" query="name=var__m_sys_hub_flow_output_e0b7ccac97f901108ac03f0e6253af85"/><sys_flow_trigger_plan action="delete_multiple" query="plan_id=e0b7ccac97f901108ac03f0e6253af85"/><sys_flow_subflow_plan action="delete_multiple" query="plan_id=e0b7ccac97f901108ac03f0e6253af85"/></record_update>]]></payload>
        <payload_hash>237092375</payload_hash>
        <record_name>Create Sheet </record_name>
        <reverted_from/>
        <source>820218f7a3630110b94d8b3f26fcdac6</source>
        <source_table>sys_update_set</source_table>
        <state>previous</state>
        <sys_created_by>admin</sys_created_by>
        <sys_created_on>2022-05-25 12:55:45</sys_created_on>
        <sys_id>037a1037a3a30110b94d8b3f26fcda8c</sys_id>
        <sys_mod_count>0</sys_mod_count>
        <sys_recorded_at>180fb4996920000001</sys_recorded_at>
        <sys_updated_by>admin</sys_updated_by>
        <sys_updated_on>2022-05-25 12:55:45</sys_updated_on>
        <type>Flow</type>
        <update_guid>fa0501e8ebfd0110dbb0e1beda2c00e7</update_guid>
        <update_guid_history>fa0501e8ebfd0110dbb0e1beda2c00e7:237092375,090a0860c23d011085fae67374f77c25:-2068379975,97690060d53d01105d1972c93b8fbc44:-1507364666,a8b7ccacd4f901107b599ebc09d7968a:-1492958216</update_guid_history>
    </sys_update_version>
    <sys_metadata_delete action="INSERT_OR_UPDATE">
        <sys_audit_delete/>
        <sys_class_name>sys_metadata_delete</sys_class_name>
        <sys_created_by>admin</sys_created_by>
        <sys_created_on>2022-06-02 09:06:50</sys_created_on>
        <sys_db_object display_value="" name="sys_hub_flow">sys_hub_flow</sys_db_object>
        <sys_id>031548961ded4a7580478d4fb622d141</sys_id>
        <sys_metadata>e0b7ccac97f901108ac03f0e6253af85</sys_metadata>
        <sys_mod_count>0</sys_mod_count>
        <sys_name>Create Sheet </sys_name>
        <sys_package display_value="Smartsheet Spoke" source="sn_smrtsheet_spoke">f719677374021010fa9bb5ebcba7e550</sys_package>
        <sys_parent/>
        <sys_policy/>
        <sys_scope display_value="Smartsheet Spoke">f719677374021010fa9bb5ebcba7e550</sys_scope>
        <sys_scope_delete display_value="">133f37b1d8bc4836887f20453fbd5cc9</sys_scope_delete>
        <sys_update_name>sys_hub_flow_e0b7ccac97f901108ac03f0e6253af85</sys_update_name>
        <sys_update_version display_value="sys_hub_flow_e0b7ccac97f901108ac03f0e6253af85">037a1037a3a30110b94d8b3f26fcda8c</sys_update_version>
        <sys_updated_by>admin</sys_updated_by>
        <sys_updated_on>2022-06-02 09:06:50</sys_updated_on>
    </sys_metadata_delete>
</record_update>
