<?xml version="1.0" encoding="UTF-8"?><record_update sys_domain="global" table="sys_hub_flow">
    <sys_hub_flow action="DELETE">
        <access/>
        <acls/>
        <active>false</active>
        <annotation/>
        <callable_by_client_api>false</callable_by_client_api>
        <category/>
        <compiler_build/>
        <copied_from/>
        <copied_from_name/>
        <description/>
        <internal_name>test_look_up_all_attachment_stream</internal_name>
        <label_cache>[{"name":"895f7eff-cf39-4a5f-848a-fe6d38cc26c5.item_count","label":"1 - Look up All Attachments Stream➛Item Count","reference_display":"Item Count","type":"integer","base_type":"integer","attributes":{"uiTypeLabel":"Integer","element_mapping_provider":"com.glide.flow_design.action.data.FlowDesignVariableMapper","uiType":"integer","visible_in_ad":"false"}},{"name":"895f7eff-cf39-4a5f-848a-fe6d38cc26c5.page_count","label":"1 - Look up All Attachments Stream➛Page Count","reference_display":"Page Count","type":"integer","base_type":"integer","attributes":{"uiTypeLabel":"Integer","element_mapping_provider":"com.glide.flow_design.action.data.FlowDesignVariableMapper","uiType":"integer","visible_in_ad":"false"}},{"name":"895f7eff-cf39-4a5f-848a-fe6d38cc26c5.count","label":"1 - Look up All Attachments Stream➛count","reference_display":"count","type":"integer","base_type":"integer","attributes":{"visible_in_fd":"false","uiTypeLabel":"Integer","element_mapping_provider":"com.glide.flow_design.action.data.FlowDesignVariableMapper","uiType":"integer"}},{"name":"895f7eff-cf39-4a5f-848a-fe6d38cc26c5.ds_count","label":"1 - Look up All Attachments Stream➛ds_count","reference_display":"ds_count","type":"integer","base_type":"integer","attributes":{"visible_in_fd":"false","uiTypeLabel":"Integer","element_mapping_provider":"com.glide.flow_design.action.data.FlowDesignVariableMapper","uiType":"integer"}},{"name":"895f7eff-cf39-4a5f-848a-fe6d38cc26c5.item","label":"1 - Look up All Attachments Stream➛item","reference_display":"item","type":"string","base_type":"string","attributes":{"visible_in_fd":"false","uiTypeLabel":"String","element_mapping_provider":"com.glide.flow_design.action.data.FlowDesignVariableMapper","uiType":"string"}},{"name":"895f7eff-cf39-4a5f-848a-fe6d38cc26c5.ds_output_page_variables","label":"1 - Look up All Attachments Stream➛ds_output_page_variables","reference_display":"ds_output_page_variables","type":"string","base_type":"string","attributes":{"visible_in_fd":"false","uiTypeLabel":"String","element_mapping_provider":"com.glide.flow_design.action.data.FlowDesignVariableMapper","uiType":"string"}},{"name":"895f7eff-cf39-4a5f-848a-fe6d38cc26c5.response_headers","label":"1 - Look up All Attachments Stream➛response_headers","reference_display":"response_headers","type":"string","base_type":"string","attributes":{"visible_in_fd":"false","uiTypeLabel":"String","element_mapping_provider":"com.glide.flow_design.action.data.FlowDesignVariableMapper","uiType":"string"}},{"name":"895f7eff-cf39-4a5f-848a-fe6d38cc26c5.error_message","label":"1 - Look up All Attachments Stream➛error_message","reference_display":"error_message","type":"string","base_type":"string","attributes":{"visible_in_fd":"false","uiTypeLabel":"String","element_mapping_provider":"com.glide.flow_design.action.data.FlowDesignVariableMapper","uiType":"string"}},{"name":"895f7eff-cf39-4a5f-848a-fe6d38cc26c5.status_code","label":"1 - Look up All Attachments Stream➛status_code","reference_display":"status_code","type":"string","base_type":"string","attributes":{"visible_in_fd":"false","uiTypeLabel":"String","element_mapping_provider":"com.glide.flow_design.action.data.FlowDesignVariableMapper","uiType":"string"}},{"name":"895f7eff-cf39-4a5f-848a-fe6d38cc26c5.error_code","label":"1 - Look up All Attachments Stream➛error_code","reference_display":"error_code","type":"string","base_type":"string","attributes":{"visible_in_fd":"false","uiTypeLabel":"String","element_mapping_provider":"com.glide.flow_design.action.data.FlowDesignVariableMapper","uiType":"string"}},{"name":"895f7eff-cf39-4a5f-848a-fe6d38cc26c5.ds_parsed_stream","label":"1 - Look up All Attachments Stream➛ds_parsed_stream","reference_display":"ds_parsed_stream","type":"string","base_type":"string","attributes":{"visible_in_fd":"false","uiTypeLabel":"String","element_mapping_provider":"com.glide.flow_design.action.data.FlowDesignVariableMapper","uiType":"string"}},{"name":"895f7eff-cf39-4a5f-848a-fe6d38cc26c5.data","label":"1 - Look up All Attachments Stream➛Data","reference_display":"Data","type":"object","base_type":"object","attributes":{"uiTypeLabel":"Object","co_type_name":"FD8fe48a07909e8510e665b61b3cd5c591","element_mapping_provider":"com.glide.flow_design.action.data.FlowDesignVariableMapper","uiType":"object","uiUniqueId":"6270aad2-e982-454c-8e72-e836fffcdd97"}}]</label_cache>
        <latest_snapshot/>
        <master_snapshot/>
        <name>Test_Look Up all Attachment Stream</name>
        <natlang/>
        <outputs/>
        <remote_trigger_id/>
        <run_as>system</run_as>
        <run_with_roles/>
        <sc_callable>false</sc_callable>
        <show_draft_actions>false</show_draft_actions>
        <show_triggered_flows>false</show_triggered_flows>
        <status>draft</status>
        <sys_class_name>sys_hub_flow</sys_class_name>
        <sys_created_by>admin</sys_created_by>
        <sys_created_on>2022-04-21 09:29:14</sys_created_on>
        <sys_domain>global</sys_domain>
        <sys_domain_path>/</sys_domain_path>
        <sys_id>52252838874b495044cc63173cbb359d</sys_id>
        <sys_mod_count>1</sys_mod_count>
        <sys_name>Test_Look Up all Attachment Stream</sys_name>
        <sys_overrides/>
        <sys_package display_value="Smartsheet Spoke" source="sn_smrtsheet_spoke">f719677374021010fa9bb5ebcba7e550</sys_package>
        <sys_policy/>
        <sys_scope display_value="Smartsheet Spoke">f719677374021010fa9bb5ebcba7e550</sys_scope>
        <sys_update_name>sys_hub_flow_52252838874b495044cc63173cbb359d</sys_update_name>
        <sys_updated_by>admin</sys_updated_by>
        <sys_updated_on>2022-04-21 09:40:06</sys_updated_on>
        <type>flow</type>
    </sys_hub_flow>
    <sys_translated_text action="DELETE" query="documentkey=52252838874b495044cc63173cbb359d"/>
    <sys_variable_value action="DELETE" query="document_key=52252838874b495044cc63173cbb359d"/>
    <sys_hub_trigger_instance action="DELETE" query="flow=52252838874b495044cc63173cbb359d^sys_idNOT INb0a764f8874b495044cc63173cbb35c1"/>
    <sys_hub_trigger_instance action="DELETE">
        <comment/>
        <display_text/>
        <flow display_value="Test_Look Up all Attachment Stream">52252838874b495044cc63173cbb359d</flow>
        <name>Daily</name>
        <remote_sys_id/>
        <sys_created_by>admin</sys_created_by>
        <sys_created_on>2022-04-21 09:40:04</sys_created_on>
        <sys_id>b0a764f8874b495044cc63173cbb35c1</sys_id>
        <sys_mod_count>1</sys_mod_count>
        <sys_scope/>
        <sys_updated_by>admin</sys_updated_by>
        <sys_updated_on>2022-04-21 09:40:04</sys_updated_on>
        <trigger_definition display_value="Daily">89142dc0c32222002841b63b12d3ae8a</trigger_definition>
        <trigger_inputs/>
        <trigger_outputs/>
        <trigger_type>daily</trigger_type>
    </sys_hub_trigger_instance>
    <sys_variable_value action="DELETE" query="document_key=b0a764f8874b495044cc63173cbb35c1"/>
    <sys_variable_value action="DELETE">
        <document>sys_hub_trigger_instance</document>
        <document_key>b0a764f8874b495044cc63173cbb35c1</document_key>
        <order>100</order>
        <sys_class_name>sys_variable_value</sys_class_name>
        <sys_created_by>admin</sys_created_by>
        <sys_created_on>2022-04-21 09:40:04</sys_created_on>
        <sys_id>34a764f8874b495044cc63173cbb35c2</sys_id>
        <sys_mod_count>0</sys_mod_count>
        <sys_updated_by>admin</sys_updated_by>
        <sys_updated_on>2022-04-21 09:40:04</sys_updated_on>
        <value>1970-01-01 15:00:00</value>
        <variable display_value="Time">3ad4edc0c32222002841b63b12d3aee5</variable>
    </sys_variable_value>
    <sys_element_mapping action="DELETE" query="table=var__m_sys_hub_trigger_input_89142dc0c32222002841b63b12d3ae8a^id=b0a764f8874b495044cc63173cbb35c1"/>
    <sys_hub_flow_stage action="DELETE" query="flow=52252838874b495044cc63173cbb359d"/>
    <sys_flow_cat_variable_model action="DELETE" query="id=52252838874b495044cc63173cbb359d^sys_idNOT INde252838874b495044cc63173cbb359e"/>
    <sys_flow_cat_variable_model action="DELETE">
        <id>52252838874b495044cc63173cbb359d</id>
        <name>Test_Look Up all Attachment Stream</name>
        <sys_created_by>admin</sys_created_by>
        <sys_created_on>2022-04-21 09:29:15</sys_created_on>
        <sys_id>de252838874b495044cc63173cbb359e</sys_id>
        <sys_mod_count>0</sys_mod_count>
        <sys_scope/>
        <sys_updated_by>admin</sys_updated_by>
        <sys_updated_on>2022-04-21 09:29:15</sys_updated_on>
    </sys_flow_cat_variable_model>
    <sys_flow_cat_variable action="DELETE" query="flow_catalog_model=de252838874b495044cc63173cbb359e"/>
    <sys_hub_flow_input action="DELETE" query="model=52252838874b495044cc63173cbb359d"/>
    <sys_hub_flow_output action="DELETE" query="model=52252838874b495044cc63173cbb359d"/>
    <sys_hub_alias_mapping action="DELETE" query="source_id=52252838874b495044cc63173cbb359d"/>
    <sys_hub_action_instance action="DELETE" query="flow=52252838874b495044cc63173cbb359d^sys_idNOT IN41a7a4f8874b495044cc63173cbb350d"/>
    <sys_hub_action_instance action="DELETE">
        <action_inputs/>
        <action_type display_value="Look up All Attachments Stream">75e44a07879e85104cbb42e5dabb35c4</action_type>
        <action_type_parent/>
        <comment/>
        <compiled_snapshot/>
        <display_text/>
        <flow display_value="Test_Look Up all Attachment Stream">52252838874b495044cc63173cbb359d</flow>
        <order>1</order>
        <parent_ui_id/>
        <sys_class_name>sys_hub_action_instance</sys_class_name>
        <sys_created_by>admin</sys_created_by>
        <sys_created_on>2022-04-21 09:40:05</sys_created_on>
        <sys_id>41a7a4f8874b495044cc63173cbb350d</sys_id>
        <sys_mod_count>2</sys_mod_count>
        <sys_scope display_value="Smartsheet Spoke">f719677374021010fa9bb5ebcba7e550</sys_scope>
        <sys_updated_by>admin</sys_updated_by>
        <sys_updated_on>2022-04-21 09:40:05</sys_updated_on>
        <ui_id>895f7eff-cf39-4a5f-848a-fe6d38cc26c5</ui_id>
    </sys_hub_action_instance>
    <sys_variable_value action="DELETE" query="document_key=41a7a4f8874b495044cc63173cbb350d"/>
    <sys_variable_value action="DELETE">
        <document>sys_hub_action_instance</document>
        <document_key>41a7a4f8874b495044cc63173cbb350d</document_key>
        <order>1</order>
        <sys_class_name>sys_variable_value</sys_class_name>
        <sys_created_by>admin</sys_created_by>
        <sys_created_on>2022-04-21 09:40:05</sys_created_on>
        <sys_id>51a7a4f8874b495044cc63173cbb350f</sys_id>
        <sys_mod_count>0</sys_mod_count>
        <sys_updated_by>admin</sys_updated_by>
        <sys_updated_on>2022-04-21 09:40:05</sys_updated_on>
        <value>8857737724487556</value>
        <variable display_value="Sheet ID">82e44a07879e85104cbb42e5dabb35c8</variable>
    </sys_variable_value>
    <sys_element_mapping action="DELETE" query="table=var__m_sys_hub_action_input_75e44a07879e85104cbb42e5dabb35c4^id=41a7a4f8874b495044cc63173cbb350d"/>
    <sys_hub_input_scripts action="DELETE" query="instance=41a7a4f8874b495044cc63173cbb350d"/>
    <sys_hub_alias_mapping action="DELETE" query="source_id=41a7a4f8874b495044cc63173cbb350d"/>
    <sys_hub_sub_flow_instance action="DELETE" query="flow=52252838874b495044cc63173cbb359d"/>
    <sys_hub_flow_logic action="DELETE" query="flow=52252838874b495044cc63173cbb359d"/>
    <sys_hub_pill_compound action="DELETE" query="attached_to=52252838874b495044cc63173cbb359d"/>
    <sys_hub_flow_variable action="DELETE" query="model=52252838874b495044cc63173cbb359d"/>
    <sys_documentation action="DELETE" query="name=var__m_sys_hub_flow_input_52252838874b495044cc63173cbb359d"/>
    <sys_choice action="DELETE" query="name=var__m_sys_hub_flow_input_52252838874b495044cc63173cbb359d"/>
    <sys_documentation action="DELETE" query="name=var__m_sys_hub_flow_output_52252838874b495044cc63173cbb359d"/>
    <sys_choice action="DELETE" query="name=var__m_sys_hub_flow_output_52252838874b495044cc63173cbb359d"/>
    <sys_flow_trigger_plan action="DELETE" query="plan_id=52252838874b495044cc63173cbb359d"/>
    <sys_flow_subflow_plan action="DELETE" query="plan_id=52252838874b495044cc63173cbb359d"/>
    <sys_update_version action="INSERT_OR_UPDATE">
        <action>DELETE</action>
        <application display_value="Smartsheet Spoke">f719677374021010fa9bb5ebcba7e550</application>
        <file_path/>
        <instance_id>428a36c905030110effdd6012ef1a058</instance_id>
        <instance_name>glide_db_dump</instance_name>
        <name>sys_hub_flow_52252838874b495044cc63173cbb359d</name>
        <payload><![CDATA[<?xml version="1.0" encoding="UTF-8"?><record_update sys_domain="global" table="sys_hub_flow"><sys_hub_flow action="INSERT_OR_UPDATE"><access/><acls/><active>false</active><annotation/><callable_by_client_api>false</callable_by_client_api><category/><compiler_build/><copied_from/><copied_from_name/><description/><internal_name>test_look_up_all_attachment_stream</internal_name><label_cache>[{"name":"895f7eff-cf39-4a5f-848a-fe6d38cc26c5.item_count","label":"1 - Look up All Attachments Stream➛Item Count","reference_display":"Item Count","type":"integer","base_type":"integer","attributes":{"uiTypeLabel":"Integer","element_mapping_provider":"com.glide.flow_design.action.data.FlowDesignVariableMapper","uiType":"integer","visible_in_ad":"false"}},{"name":"895f7eff-cf39-4a5f-848a-fe6d38cc26c5.page_count","label":"1 - Look up All Attachments Stream➛Page Count","reference_display":"Page Count","type":"integer","base_type":"integer","attributes":{"uiTypeLabel":"Integer","element_mapping_provider":"com.glide.flow_design.action.data.FlowDesignVariableMapper","uiType":"integer","visible_in_ad":"false"}},{"name":"895f7eff-cf39-4a5f-848a-fe6d38cc26c5.count","label":"1 - Look up All Attachments Stream➛count","reference_display":"count","type":"integer","base_type":"integer","attributes":{"visible_in_fd":"false","uiTypeLabel":"Integer","element_mapping_provider":"com.glide.flow_design.action.data.FlowDesignVariableMapper","uiType":"integer"}},{"name":"895f7eff-cf39-4a5f-848a-fe6d38cc26c5.ds_count","label":"1 - Look up All Attachments Stream➛ds_count","reference_display":"ds_count","type":"integer","base_type":"integer","attributes":{"visible_in_fd":"false","uiTypeLabel":"Integer","element_mapping_provider":"com.glide.flow_design.action.data.FlowDesignVariableMapper","uiType":"integer"}},{"name":"895f7eff-cf39-4a5f-848a-fe6d38cc26c5.item","label":"1 - Look up All Attachments Stream➛item","reference_display":"item","type":"string","base_type":"string","attributes":{"visible_in_fd":"false","uiTypeLabel":"String","element_mapping_provider":"com.glide.flow_design.action.data.FlowDesignVariableMapper","uiType":"string"}},{"name":"895f7eff-cf39-4a5f-848a-fe6d38cc26c5.ds_output_page_variables","label":"1 - Look up All Attachments Stream➛ds_output_page_variables","reference_display":"ds_output_page_variables","type":"string","base_type":"string","attributes":{"visible_in_fd":"false","uiTypeLabel":"String","element_mapping_provider":"com.glide.flow_design.action.data.FlowDesignVariableMapper","uiType":"string"}},{"name":"895f7eff-cf39-4a5f-848a-fe6d38cc26c5.response_headers","label":"1 - Look up All Attachments Stream➛response_headers","reference_display":"response_headers","type":"string","base_type":"string","attributes":{"visible_in_fd":"false","uiTypeLabel":"String","element_mapping_provider":"com.glide.flow_design.action.data.FlowDesignVariableMapper","uiType":"string"}},{"name":"895f7eff-cf39-4a5f-848a-fe6d38cc26c5.error_message","label":"1 - Look up All Attachments Stream➛error_message","reference_display":"error_message","type":"string","base_type":"string","attributes":{"visible_in_fd":"false","uiTypeLabel":"String","element_mapping_provider":"com.glide.flow_design.action.data.FlowDesignVariableMapper","uiType":"string"}},{"name":"895f7eff-cf39-4a5f-848a-fe6d38cc26c5.status_code","label":"1 - Look up All Attachments Stream➛status_code","reference_display":"status_code","type":"string","base_type":"string","attributes":{"visible_in_fd":"false","uiTypeLabel":"String","element_mapping_provider":"com.glide.flow_design.action.data.FlowDesignVariableMapper","uiType":"string"}},{"name":"895f7eff-cf39-4a5f-848a-fe6d38cc26c5.error_code","label":"1 - Look up All Attachments Stream➛error_code","reference_display":"error_code","type":"string","base_type":"string","attributes":{"visible_in_fd":"false","uiTypeLabel":"String","element_mapping_provider":"com.glide.flow_design.action.data.FlowDesignVariableMapper","uiType":"string"}},{"name":"895f7eff-cf39-4a5f-848a-fe6d38cc26c5.ds_parsed_stream","label":"1 - Look up All Attachments Stream➛ds_parsed_stream","reference_display":"ds_parsed_stream","type":"string","base_type":"string","attributes":{"visible_in_fd":"false","uiTypeLabel":"String","element_mapping_provider":"com.glide.flow_design.action.data.FlowDesignVariableMapper","uiType":"string"}},{"name":"895f7eff-cf39-4a5f-848a-fe6d38cc26c5.data","label":"1 - Look up All Attachments Stream➛Data","reference_display":"Data","type":"object","base_type":"object","attributes":{"uiTypeLabel":"Object","co_type_name":"FD8fe48a07909e8510e665b61b3cd5c591","element_mapping_provider":"com.glide.flow_design.action.data.FlowDesignVariableMapper","uiType":"object","uiUniqueId":"6270aad2-e982-454c-8e72-e836fffcdd97"}}]</label_cache><latest_snapshot/><master_snapshot/><name>Test_Look Up all Attachment Stream</name><natlang/><outputs/><remote_trigger_id/><run_as>system</run_as><run_with_roles/><sc_callable>false</sc_callable><show_draft_actions>false</show_draft_actions><show_triggered_flows>false</show_triggered_flows><status>draft</status><sys_class_name>sys_hub_flow</sys_class_name><sys_created_by>admin</sys_created_by><sys_created_on>2022-04-21 09:29:14</sys_created_on><sys_domain>global</sys_domain><sys_domain_path>/</sys_domain_path><sys_id>52252838874b495044cc63173cbb359d</sys_id><sys_mod_count>1</sys_mod_count><sys_name>Test_Look Up all Attachment Stream</sys_name><sys_overrides/><sys_package display_value="Smartsheet Spoke" source="sn_smrtsheet_spoke">f719677374021010fa9bb5ebcba7e550</sys_package><sys_policy/><sys_scope display_value="Smartsheet Spoke">f719677374021010fa9bb5ebcba7e550</sys_scope><sys_update_name>sys_hub_flow_52252838874b495044cc63173cbb359d</sys_update_name><sys_updated_by>admin</sys_updated_by><sys_updated_on>2022-04-21 09:40:06</sys_updated_on><type>flow</type></sys_hub_flow><sys_translated_text action="delete_multiple" query="documentkey=52252838874b495044cc63173cbb359d"/><sys_variable_value action="delete_multiple" query="document_key=52252838874b495044cc63173cbb359d"/><sys_hub_trigger_instance action="delete_multiple" query="flow=52252838874b495044cc63173cbb359d^sys_idNOT INb0a764f8874b495044cc63173cbb35c1"/><sys_hub_trigger_instance action="INSERT_OR_UPDATE"><comment/><display_text/><flow display_value="Test_Look Up all Attachment Stream">52252838874b495044cc63173cbb359d</flow><name>Daily</name><remote_sys_id/><sys_created_by>admin</sys_created_by><sys_created_on>2022-04-21 09:40:04</sys_created_on><sys_id>b0a764f8874b495044cc63173cbb35c1</sys_id><sys_mod_count>1</sys_mod_count><sys_scope/><sys_updated_by>admin</sys_updated_by><sys_updated_on>2022-04-21 09:40:04</sys_updated_on><trigger_definition display_value="Daily">89142dc0c32222002841b63b12d3ae8a</trigger_definition><trigger_inputs/><trigger_outputs/><trigger_type>daily</trigger_type></sys_hub_trigger_instance><sys_variable_value action="delete_multiple" query="document_key=b0a764f8874b495044cc63173cbb35c1"/><sys_variable_value action="INSERT_OR_UPDATE"><document>sys_hub_trigger_instance</document><document_key>b0a764f8874b495044cc63173cbb35c1</document_key><order>100</order><sys_class_name>sys_variable_value</sys_class_name><sys_created_by>admin</sys_created_by><sys_created_on>2022-04-21 09:40:04</sys_created_on><sys_id>34a764f8874b495044cc63173cbb35c2</sys_id><sys_mod_count>0</sys_mod_count><sys_updated_by>admin</sys_updated_by><sys_updated_on>2022-04-21 09:40:04</sys_updated_on><value>1970-01-01 15:00:00</value><variable display_value="Time">3ad4edc0c32222002841b63b12d3aee5</variable></sys_variable_value><sys_element_mapping action="delete_multiple" query="table=var__m_sys_hub_trigger_input_89142dc0c32222002841b63b12d3ae8a^id=b0a764f8874b495044cc63173cbb35c1"/><sys_hub_flow_stage action="delete_multiple" query="flow=52252838874b495044cc63173cbb359d"/><sys_flow_cat_variable_model action="delete_multiple" query="id=52252838874b495044cc63173cbb359d^sys_idNOT INde252838874b495044cc63173cbb359e"/><sys_flow_cat_variable_model action="INSERT_OR_UPDATE"><id>52252838874b495044cc63173cbb359d</id><name>Test_Look Up all Attachment Stream</name><sys_created_by>admin</sys_created_by><sys_created_on>2022-04-21 09:29:15</sys_created_on><sys_id>de252838874b495044cc63173cbb359e</sys_id><sys_mod_count>0</sys_mod_count><sys_scope/><sys_updated_by>admin</sys_updated_by><sys_updated_on>2022-04-21 09:29:15</sys_updated_on></sys_flow_cat_variable_model><sys_flow_cat_variable action="delete_multiple" query="flow_catalog_model=de252838874b495044cc63173cbb359e"/><sys_hub_flow_input action="delete_multiple" query="model=52252838874b495044cc63173cbb359d"/><sys_hub_flow_output action="delete_multiple" query="model=52252838874b495044cc63173cbb359d"/><sys_hub_alias_mapping action="delete_multiple" query="source_id=52252838874b495044cc63173cbb359d"/><sys_hub_action_instance action="delete_multiple" query="flow=52252838874b495044cc63173cbb359d^sys_idNOT IN41a7a4f8874b495044cc63173cbb350d"/><sys_hub_action_instance action="INSERT_OR_UPDATE"><action_inputs/><action_type display_value="Look up All Attachments Stream">75e44a07879e85104cbb42e5dabb35c4</action_type><action_type_parent/><comment/><compiled_snapshot/><display_text/><flow display_value="Test_Look Up all Attachment Stream">52252838874b495044cc63173cbb359d</flow><order>1</order><parent_ui_id/><sys_class_name>sys_hub_action_instance</sys_class_name><sys_created_by>admin</sys_created_by><sys_created_on>2022-04-21 09:40:05</sys_created_on><sys_id>41a7a4f8874b495044cc63173cbb350d</sys_id><sys_mod_count>2</sys_mod_count><sys_scope display_value="Smartsheet Spoke">f719677374021010fa9bb5ebcba7e550</sys_scope><sys_updated_by>admin</sys_updated_by><sys_updated_on>2022-04-21 09:40:05</sys_updated_on><ui_id>895f7eff-cf39-4a5f-848a-fe6d38cc26c5</ui_id></sys_hub_action_instance><sys_variable_value action="delete_multiple" query="document_key=41a7a4f8874b495044cc63173cbb350d"/><sys_variable_value action="INSERT_OR_UPDATE"><document>sys_hub_action_instance</document><document_key>41a7a4f8874b495044cc63173cbb350d</document_key><order>1</order><sys_class_name>sys_variable_value</sys_class_name><sys_created_by>admin</sys_created_by><sys_created_on>2022-04-21 09:40:05</sys_created_on><sys_id>51a7a4f8874b495044cc63173cbb350f</sys_id><sys_mod_count>0</sys_mod_count><sys_updated_by>admin</sys_updated_by><sys_updated_on>2022-04-21 09:40:05</sys_updated_on><value>8857737724487556</value><variable display_value="Sheet ID">82e44a07879e85104cbb42e5dabb35c8</variable></sys_variable_value><sys_element_mapping action="delete_multiple" query="table=var__m_sys_hub_action_input_75e44a07879e85104cbb42e5dabb35c4^id=41a7a4f8874b495044cc63173cbb350d"/><sys_hub_input_scripts action="delete_multiple" query="instance=41a7a4f8874b495044cc63173cbb350d"/><sys_hub_alias_mapping action="delete_multiple" query="source_id=41a7a4f8874b495044cc63173cbb350d"/><sys_hub_sub_flow_instance action="delete_multiple" query="flow=52252838874b495044cc63173cbb359d"/><sys_hub_flow_logic action="delete_multiple" query="flow=52252838874b495044cc63173cbb359d"/><sys_hub_pill_compound action="delete_multiple" query="attached_to=52252838874b495044cc63173cbb359d"/><sys_hub_flow_variable action="delete_multiple" query="model=52252838874b495044cc63173cbb359d"/><sys_documentation action="delete_multiple" query="name=var__m_sys_hub_flow_input_52252838874b495044cc63173cbb359d"/><sys_choice action="delete_multiple" query="name=var__m_sys_hub_flow_input_52252838874b495044cc63173cbb359d"/><sys_documentation action="delete_multiple" query="name=var__m_sys_hub_flow_output_52252838874b495044cc63173cbb359d"/><sys_choice action="delete_multiple" query="name=var__m_sys_hub_flow_output_52252838874b495044cc63173cbb359d"/><sys_flow_trigger_plan action="delete_multiple" query="plan_id=52252838874b495044cc63173cbb359d"/><sys_flow_subflow_plan action="delete_multiple" query="plan_id=52252838874b495044cc63173cbb359d"/></record_update>]]></payload>
        <payload_hash>-1896337994</payload_hash>
        <record_name>Test_Look Up all Attachment Stream</record_name>
        <reverted_from/>
        <source>328af37ba3a70110b94d8b3f26fcda57</source>
        <source_table>sys_update_set</source_table>
        <state>previous</state>
        <sys_created_by>admin</sys_created_by>
        <sys_created_on>2022-05-26 05:38:50</sys_created_on>
        <sys_id>e410c840a3f70110b94d8b3f26fcda25</sys_id>
        <sys_mod_count>0</sys_mod_count>
        <sys_recorded_at>180fedff03f0000001</sys_recorded_at>
        <sys_updated_by>admin</sys_updated_by>
        <sys_updated_on>2022-05-26 05:38:50</sys_updated_on>
        <type>Flow</type>
        <update_guid>a9a7a4f8e44b4950b36d7bd882b35520</update_guid>
        <update_guid_history>a9a7a4f8e44b4950b36d7bd882b35520:-1896337994,ee25e838494b495086ea16725c2edf77:-189232682</update_guid_history>
    </sys_update_version>
    <sys_metadata_delete action="INSERT_OR_UPDATE">
        <sys_audit_delete/>
        <sys_class_name>sys_metadata_delete</sys_class_name>
        <sys_created_by>admin</sys_created_by>
        <sys_created_on>2022-06-02 09:06:47</sys_created_on>
        <sys_db_object display_value="" name="sys_hub_flow">sys_hub_flow</sys_db_object>
        <sys_id>0fcd4eb1202147f781ac51f741828af1</sys_id>
        <sys_metadata>52252838874b495044cc63173cbb359d</sys_metadata>
        <sys_mod_count>0</sys_mod_count>
        <sys_name>Test_Look Up all Attachment Stream</sys_name>
        <sys_package display_value="Smartsheet Spoke" source="sn_smrtsheet_spoke">f719677374021010fa9bb5ebcba7e550</sys_package>
        <sys_parent/>
        <sys_policy/>
        <sys_scope display_value="Smartsheet Spoke">f719677374021010fa9bb5ebcba7e550</sys_scope>
        <sys_scope_delete display_value="">133f37b1d8bc4836887f20453fbd5cc9</sys_scope_delete>
        <sys_update_name>sys_hub_flow_52252838874b495044cc63173cbb359d</sys_update_name>
        <sys_update_version display_value="sys_hub_flow_52252838874b495044cc63173cbb359d">e410c840a3f70110b94d8b3f26fcda25</sys_update_version>
        <sys_updated_by>admin</sys_updated_by>
        <sys_updated_on>2022-06-02 09:06:47</sys_updated_on>
    </sys_metadata_delete>
</record_update>
