<?xml version="1.0" encoding="UTF-8"?><record_update sys_domain="global" table="sys_hub_flow">
    <sys_hub_flow action="DELETE">
        <access/>
        <acls/>
        <active>false</active>
        <annotation/>
        <callable_by_client_api>false</callable_by_client_api>
        <category/>
        <compiler_build/>
        <copied_from/>
        <copied_from_name/>
        <description/>
        <internal_name>look_up_all_sheets</internal_name>
        <label_cache>[{"name":"111a32a6-cbe7-478f-82dd-2f4f752d5cc1.output","label":"1 - Look up All Sheets Stream➛Sheet Details","type":"object","base_type":"object","attributes":{"uiTypeLabel":"Object","co_type_name":"FDf960c8e456f90110856bf31172dcc74c","element_mapping_provider":"com.glide.flow_design.action.data.FlowDesignVariableMapper","uiType":"object","uiUniqueId":"683cd2e8-9e72-4b7d-b804-9bf36b073b3c"}},{"name":"111a32a6-cbe7-478f-82dd-2f4f752d5cc1.item_count","label":"1 - Look up All Sheets Stream➛Item Count","reference_display":"Item Count","type":"integer","base_type":"integer","attributes":{"uiTypeLabel":"Integer","element_mapping_provider":"com.glide.flow_design.action.data.FlowDesignVariableMapper","uiType":"integer","visible_in_ad":"false"}},{"name":"111a32a6-cbe7-478f-82dd-2f4f752d5cc1.page_count","label":"1 - Look up All Sheets Stream➛Page Count","reference_display":"Page Count","type":"integer","base_type":"integer","attributes":{"uiTypeLabel":"Integer","element_mapping_provider":"com.glide.flow_design.action.data.FlowDesignVariableMapper","uiType":"integer","visible_in_ad":"false"}},{"name":"111a32a6-cbe7-478f-82dd-2f4f752d5cc1.count","label":"1 - Look up All Sheets Stream➛count","reference_display":"count","type":"integer","base_type":"integer","attributes":{"visible_in_fd":"false","uiTypeLabel":"Integer","element_mapping_provider":"com.glide.flow_design.action.data.FlowDesignVariableMapper","uiType":"integer"}},{"name":"111a32a6-cbe7-478f-82dd-2f4f752d5cc1.ds_count","label":"1 - Look up All Sheets Stream➛ds_count","reference_display":"ds_count","type":"integer","base_type":"integer","attributes":{"visible_in_fd":"false","uiTypeLabel":"Integer","element_mapping_provider":"com.glide.flow_design.action.data.FlowDesignVariableMapper","uiType":"integer"}},{"name":"111a32a6-cbe7-478f-82dd-2f4f752d5cc1.item","label":"1 - Look up All Sheets Stream➛item","reference_display":"item","type":"string","base_type":"string","attributes":{"visible_in_fd":"false","uiTypeLabel":"String","element_mapping_provider":"com.glide.flow_design.action.data.FlowDesignVariableMapper","uiType":"string"}},{"name":"111a32a6-cbe7-478f-82dd-2f4f752d5cc1.ds_output_page_variables","label":"1 - Look up All Sheets Stream➛ds_output_page_variables","reference_display":"ds_output_page_variables","type":"string","base_type":"string","attributes":{"visible_in_fd":"false","uiTypeLabel":"String","element_mapping_provider":"com.glide.flow_design.action.data.FlowDesignVariableMapper","uiType":"string"}},{"name":"111a32a6-cbe7-478f-82dd-2f4f752d5cc1.response_headers","label":"1 - Look up All Sheets Stream➛response_headers","reference_display":"response_headers","type":"string","base_type":"string","attributes":{"visible_in_fd":"false","uiTypeLabel":"String","element_mapping_provider":"com.glide.flow_design.action.data.FlowDesignVariableMapper","uiType":"string"}},{"name":"111a32a6-cbe7-478f-82dd-2f4f752d5cc1.error_message","label":"1 - Look up All Sheets Stream➛error_message","reference_display":"error_message","type":"string","base_type":"string","attributes":{"visible_in_fd":"false","uiTypeLabel":"String","element_mapping_provider":"com.glide.flow_design.action.data.FlowDesignVariableMapper","uiType":"string"}},{"name":"111a32a6-cbe7-478f-82dd-2f4f752d5cc1.status_code","label":"1 - Look up All Sheets Stream➛status_code","reference_display":"status_code","type":"string","base_type":"string","attributes":{"visible_in_fd":"false","uiTypeLabel":"String","element_mapping_provider":"com.glide.flow_design.action.data.FlowDesignVariableMapper","uiType":"string"}},{"name":"111a32a6-cbe7-478f-82dd-2f4f752d5cc1.error_code","label":"1 - Look up All Sheets Stream➛error_code","reference_display":"error_code","type":"string","base_type":"string","attributes":{"visible_in_fd":"false","uiTypeLabel":"String","element_mapping_provider":"com.glide.flow_design.action.data.FlowDesignVariableMapper","uiType":"string"}},{"name":"111a32a6-cbe7-478f-82dd-2f4f752d5cc1.ds_parsed_stream","label":"1 - Look up All Sheets Stream➛ds_parsed_stream","reference_display":"ds_parsed_stream","type":"string","base_type":"string","attributes":{"visible_in_fd":"false","uiTypeLabel":"String","element_mapping_provider":"com.glide.flow_design.action.data.FlowDesignVariableMapper","uiType":"string"}},{"name":"a07089b8-7d93-41dd-a472-8f31275c7047.__action_status__","label":"2 - Log➛Action Status","reference_display":"Action Status","type":"object","base_type":"object","attributes":{"co_type_name":"FDACTIONSTATUS","element_mapping_provider":"com.glide.flow_design.action.data.FlowDesignVariableMapper","uiType":"object","action_error_output":"true"}},{"name":"a07089b8-7d93-41dd-a472-8f31275c7047.__dont_treat_as_error__","label":"2 - Log➛Don\u0027t Treat as Error","reference_display":"Don\u0027t Treat as Error","type":"boolean","base_type":"boolean","attributes":{"element_mapping_provider":"com.glide.flow_design.action.data.FlowDesignVariableMapper","uiType":"boolean","visible_in_ui":"false","action_error_output":"true"}}]</label_cache>
        <latest_snapshot/>
        <master_snapshot/>
        <name>Look up All Sheets</name>
        <natlang/>
        <outputs/>
        <remote_trigger_id/>
        <run_as>user</run_as>
        <run_with_roles/>
        <sc_callable>false</sc_callable>
        <show_draft_actions>false</show_draft_actions>
        <show_triggered_flows>false</show_triggered_flows>
        <status>draft</status>
        <sys_class_name>sys_hub_flow</sys_class_name>
        <sys_created_by>akash.sri</sys_created_by>
        <sys_created_on>2022-02-17 11:44:45</sys_created_on>
        <sys_domain>global</sys_domain>
        <sys_domain_path>/</sys_domain_path>
        <sys_id>0d086cec977d01108ac03f0e6253af61</sys_id>
        <sys_mod_count>1</sys_mod_count>
        <sys_name>Look up All Sheets</sys_name>
        <sys_overrides/>
        <sys_package display_value="Smartsheet Spoke" source="sn_smrtsheet_spoke">f719677374021010fa9bb5ebcba7e550</sys_package>
        <sys_policy/>
        <sys_scope display_value="Smartsheet Spoke">f719677374021010fa9bb5ebcba7e550</sys_scope>
        <sys_update_name>sys_hub_flow_0d086cec977d01108ac03f0e6253af61</sys_update_name>
        <sys_updated_by>akash.sri</sys_updated_by>
        <sys_updated_on>2022-02-17 12:04:51</sys_updated_on>
        <type>flow</type>
    </sys_hub_flow>
    <sys_translated_text action="DELETE" query="documentkey=0d086cec977d01108ac03f0e6253af61"/>
    <sys_variable_value action="DELETE" query="document_key=0d086cec977d01108ac03f0e6253af61"/>
    <sys_hub_trigger_instance action="DELETE" query="flow=0d086cec977d01108ac03f0e6253af61^sys_idNOT IN0a4ca82497bd01108ac03f0e6253af74"/>
    <sys_hub_trigger_instance action="DELETE">
        <comment/>
        <display_text/>
        <flow display_value="Look up All Sheets">0d086cec977d01108ac03f0e6253af61</flow>
        <name>Repeat</name>
        <remote_sys_id/>
        <sys_created_by>akash.sri</sys_created_by>
        <sys_created_on>2022-02-17 12:03:23</sys_created_on>
        <sys_id>0a4ca82497bd01108ac03f0e6253af74</sys_id>
        <sys_mod_count>1</sys_mod_count>
        <sys_scope/>
        <sys_updated_by>akash.sri</sys_updated_by>
        <sys_updated_on>2022-02-17 12:03:23</sys_updated_on>
        <trigger_definition display_value="Repeat">f63f0d94c32222002841b63b12d3aeed</trigger_definition>
        <trigger_inputs/>
        <trigger_outputs/>
        <trigger_type>repeat</trigger_type>
    </sys_hub_trigger_instance>
    <sys_variable_value action="DELETE" query="document_key=0a4ca82497bd01108ac03f0e6253af74"/>
    <sys_variable_value action="DELETE">
        <document>sys_hub_trigger_instance</document>
        <document_key>0a4ca82497bd01108ac03f0e6253af74</document_key>
        <order>100</order>
        <sys_class_name>sys_variable_value</sys_class_name>
        <sys_created_by>akash.sri</sys_created_by>
        <sys_created_on>2022-02-17 12:03:23</sys_created_on>
        <sys_id>ca4ca82497bd01108ac03f0e6253af75</sys_id>
        <sys_mod_count>0</sys_mod_count>
        <sys_updated_by>akash.sri</sys_updated_by>
        <sys_updated_on>2022-02-17 12:03:23</sys_updated_on>
        <value>1970-01-01 00:00:01</value>
        <variable display_value="Repeat">1c5f4d94c32222002841b63b12d3aeb3</variable>
    </sys_variable_value>
    <sys_element_mapping action="DELETE" query="table=var__m_sys_hub_trigger_input_f63f0d94c32222002841b63b12d3aeed^id=0a4ca82497bd01108ac03f0e6253af74"/>
    <sys_hub_flow_stage action="DELETE" query="flow=0d086cec977d01108ac03f0e6253af61"/>
    <sys_flow_cat_variable_model action="DELETE" query="id=0d086cec977d01108ac03f0e6253af61^sys_idNOT IN09086cec977d01108ac03f0e6253af62"/>
    <sys_flow_cat_variable_model action="DELETE">
        <id>0d086cec977d01108ac03f0e6253af61</id>
        <name>Look up All Sheets</name>
        <sys_created_by>akash.sri</sys_created_by>
        <sys_created_on>2022-02-17 11:44:45</sys_created_on>
        <sys_id>09086cec977d01108ac03f0e6253af62</sys_id>
        <sys_mod_count>0</sys_mod_count>
        <sys_scope/>
        <sys_updated_by>akash.sri</sys_updated_by>
        <sys_updated_on>2022-02-17 11:44:45</sys_updated_on>
    </sys_flow_cat_variable_model>
    <sys_flow_cat_variable action="DELETE" query="flow_catalog_model=09086cec977d01108ac03f0e6253af62"/>
    <sys_hub_flow_input action="DELETE" query="model=0d086cec977d01108ac03f0e6253af61"/>
    <sys_hub_flow_output action="DELETE" query="model=0d086cec977d01108ac03f0e6253af61"/>
    <sys_hub_alias_mapping action="DELETE" query="source_id=0d086cec977d01108ac03f0e6253af61"/>
    <sys_hub_action_instance action="DELETE" query="flow=0d086cec977d01108ac03f0e6253af61^sys_idNOT IN6e4ca82497bd01108ac03f0e6253af99,df9cac2497bd01108ac03f0e6253af36"/>
    <sys_hub_action_instance action="DELETE">
        <action_inputs/>
        <action_type display_value="Look up All Sheets Stream">f06088e497f901108ac03f0e6253afd4</action_type>
        <action_type_parent/>
        <comment/>
        <compiled_snapshot/>
        <display_text/>
        <flow display_value="Look up All Sheets">0d086cec977d01108ac03f0e6253af61</flow>
        <order>1</order>
        <parent_ui_id/>
        <sys_class_name>sys_hub_action_instance</sys_class_name>
        <sys_created_by>akash.sri</sys_created_by>
        <sys_created_on>2022-02-17 12:03:25</sys_created_on>
        <sys_id>6e4ca82497bd01108ac03f0e6253af99</sys_id>
        <sys_mod_count>2</sys_mod_count>
        <sys_scope display_value="Smartsheet Spoke">f719677374021010fa9bb5ebcba7e550</sys_scope>
        <sys_updated_by>akash.sri</sys_updated_by>
        <sys_updated_on>2022-02-17 12:03:25</sys_updated_on>
        <ui_id>111a32a6-cbe7-478f-82dd-2f4f752d5cc1</ui_id>
    </sys_hub_action_instance>
    <sys_variable_value action="DELETE" query="document_key=6e4ca82497bd01108ac03f0e6253af99"/>
    <sys_hub_input_scripts action="DELETE" query="instance=6e4ca82497bd01108ac03f0e6253af99"/>
    <sys_hub_alias_mapping action="DELETE" query="source_id=6e4ca82497bd01108ac03f0e6253af99"/>
    <sys_hub_action_instance action="DELETE">
        <action_inputs/>
        <action_inputs/>
        <action_type display_value="Log">5bc1bcc6531003003bf1d9109ec587d4</action_type>
        <action_type_parent/>
        <comment/>
        <compiled_snapshot/>
        <display_text/>
        <flow display_value="Look up All Sheets">0d086cec977d01108ac03f0e6253af61</flow>
        <order>2</order>
        <parent_ui_id>111a32a6-cbe7-478f-82dd-2f4f752d5cc1</parent_ui_id>
        <sys_class_name>sys_hub_action_instance</sys_class_name>
        <sys_created_by>akash.sri</sys_created_by>
        <sys_created_on>2022-02-17 12:04:50</sys_created_on>
        <sys_id>df9cac2497bd01108ac03f0e6253af36</sys_id>
        <sys_mod_count>2</sys_mod_count>
        <sys_scope display_value="Smartsheet Spoke">f719677374021010fa9bb5ebcba7e550</sys_scope>
        <sys_updated_by>akash.sri</sys_updated_by>
        <sys_updated_on>2022-02-17 12:04:50</sys_updated_on>
        <ui_id>a07089b8-7d93-41dd-a472-8f31275c7047</ui_id>
    </sys_hub_action_instance>
    <sys_variable_value action="DELETE" query="document_key=df9cac2497bd01108ac03f0e6253af36"/>
    <sys_element_mapping action="DELETE" query="id=df9cac2497bd01108ac03f0e6253af36"/>
    <sys_element_mapping action="DELETE">
        <field>log_message</field>
        <id>df9cac2497bd01108ac03f0e6253af36</id>
        <sys_created_by>akash.sri</sys_created_by>
        <sys_created_on>2022-02-17 12:04:50</sys_created_on>
        <sys_id>d39cac2497bd01108ac03f0e6253af38</sys_id>
        <sys_mod_count>0</sys_mod_count>
        <sys_updated_by>akash.sri</sys_updated_by>
        <sys_updated_on>2022-02-17 12:04:50</sys_updated_on>
        <table>var__m_sys_hub_action_input_5bc1bcc6531003003bf1d9109ec587d4</table>
        <value>{{111a32a6-cbe7-478f-82dd-2f4f752d5cc1.output}}</value>
    </sys_element_mapping>
    <sys_hub_input_scripts action="DELETE" query="instance=df9cac2497bd01108ac03f0e6253af36"/>
    <sys_hub_alias_mapping action="DELETE" query="source_id=df9cac2497bd01108ac03f0e6253af36"/>
    <sys_hub_sub_flow_instance action="DELETE" query="flow=0d086cec977d01108ac03f0e6253af61"/>
    <sys_hub_flow_logic action="DELETE" query="flow=0d086cec977d01108ac03f0e6253af61"/>
    <sys_hub_pill_compound action="DELETE" query="attached_to=0d086cec977d01108ac03f0e6253af61"/>
    <sys_hub_flow_variable action="DELETE" query="model=0d086cec977d01108ac03f0e6253af61"/>
    <sys_documentation action="DELETE" query="name=var__m_sys_hub_flow_input_0d086cec977d01108ac03f0e6253af61"/>
    <sys_choice action="DELETE" query="name=var__m_sys_hub_flow_input_0d086cec977d01108ac03f0e6253af61"/>
    <sys_documentation action="DELETE" query="name=var__m_sys_hub_flow_output_0d086cec977d01108ac03f0e6253af61"/>
    <sys_choice action="DELETE" query="name=var__m_sys_hub_flow_output_0d086cec977d01108ac03f0e6253af61"/>
    <sys_flow_trigger_plan action="DELETE" query="plan_id=0d086cec977d01108ac03f0e6253af61"/>
    <sys_flow_subflow_plan action="DELETE" query="plan_id=0d086cec977d01108ac03f0e6253af61"/>
    <sys_update_version action="INSERT_OR_UPDATE">
        <action>DELETE</action>
        <application display_value="Smartsheet Spoke">f719677374021010fa9bb5ebcba7e550</application>
        <file_path/>
        <instance_id>428a36c905030110effdd6012ef1a058</instance_id>
        <instance_name>glide_db_dump</instance_name>
        <name>sys_hub_flow_0d086cec977d01108ac03f0e6253af61</name>
        <payload><![CDATA[<?xml version="1.0" encoding="UTF-8"?><record_update sys_domain="global" table="sys_hub_flow"><sys_hub_flow action="INSERT_OR_UPDATE"><access/><acls/><active>false</active><annotation/><callable_by_client_api>false</callable_by_client_api><category/><compiler_build/><copied_from/><copied_from_name/><description/><internal_name>look_up_all_sheets</internal_name><label_cache>[{"name":"111a32a6-cbe7-478f-82dd-2f4f752d5cc1.output","label":"1 - Look up All Sheets Stream➛Sheet Details","type":"object","base_type":"object","attributes":{"uiTypeLabel":"Object","co_type_name":"FDf960c8e456f90110856bf31172dcc74c","element_mapping_provider":"com.glide.flow_design.action.data.FlowDesignVariableMapper","uiType":"object","uiUniqueId":"683cd2e8-9e72-4b7d-b804-9bf36b073b3c"}},{"name":"111a32a6-cbe7-478f-82dd-2f4f752d5cc1.item_count","label":"1 - Look up All Sheets Stream➛Item Count","reference_display":"Item Count","type":"integer","base_type":"integer","attributes":{"uiTypeLabel":"Integer","element_mapping_provider":"com.glide.flow_design.action.data.FlowDesignVariableMapper","uiType":"integer","visible_in_ad":"false"}},{"name":"111a32a6-cbe7-478f-82dd-2f4f752d5cc1.page_count","label":"1 - Look up All Sheets Stream➛Page Count","reference_display":"Page Count","type":"integer","base_type":"integer","attributes":{"uiTypeLabel":"Integer","element_mapping_provider":"com.glide.flow_design.action.data.FlowDesignVariableMapper","uiType":"integer","visible_in_ad":"false"}},{"name":"111a32a6-cbe7-478f-82dd-2f4f752d5cc1.count","label":"1 - Look up All Sheets Stream➛count","reference_display":"count","type":"integer","base_type":"integer","attributes":{"visible_in_fd":"false","uiTypeLabel":"Integer","element_mapping_provider":"com.glide.flow_design.action.data.FlowDesignVariableMapper","uiType":"integer"}},{"name":"111a32a6-cbe7-478f-82dd-2f4f752d5cc1.ds_count","label":"1 - Look up All Sheets Stream➛ds_count","reference_display":"ds_count","type":"integer","base_type":"integer","attributes":{"visible_in_fd":"false","uiTypeLabel":"Integer","element_mapping_provider":"com.glide.flow_design.action.data.FlowDesignVariableMapper","uiType":"integer"}},{"name":"111a32a6-cbe7-478f-82dd-2f4f752d5cc1.item","label":"1 - Look up All Sheets Stream➛item","reference_display":"item","type":"string","base_type":"string","attributes":{"visible_in_fd":"false","uiTypeLabel":"String","element_mapping_provider":"com.glide.flow_design.action.data.FlowDesignVariableMapper","uiType":"string"}},{"name":"111a32a6-cbe7-478f-82dd-2f4f752d5cc1.ds_output_page_variables","label":"1 - Look up All Sheets Stream➛ds_output_page_variables","reference_display":"ds_output_page_variables","type":"string","base_type":"string","attributes":{"visible_in_fd":"false","uiTypeLabel":"String","element_mapping_provider":"com.glide.flow_design.action.data.FlowDesignVariableMapper","uiType":"string"}},{"name":"111a32a6-cbe7-478f-82dd-2f4f752d5cc1.response_headers","label":"1 - Look up All Sheets Stream➛response_headers","reference_display":"response_headers","type":"string","base_type":"string","attributes":{"visible_in_fd":"false","uiTypeLabel":"String","element_mapping_provider":"com.glide.flow_design.action.data.FlowDesignVariableMapper","uiType":"string"}},{"name":"111a32a6-cbe7-478f-82dd-2f4f752d5cc1.error_message","label":"1 - Look up All Sheets Stream➛error_message","reference_display":"error_message","type":"string","base_type":"string","attributes":{"visible_in_fd":"false","uiTypeLabel":"String","element_mapping_provider":"com.glide.flow_design.action.data.FlowDesignVariableMapper","uiType":"string"}},{"name":"111a32a6-cbe7-478f-82dd-2f4f752d5cc1.status_code","label":"1 - Look up All Sheets Stream➛status_code","reference_display":"status_code","type":"string","base_type":"string","attributes":{"visible_in_fd":"false","uiTypeLabel":"String","element_mapping_provider":"com.glide.flow_design.action.data.FlowDesignVariableMapper","uiType":"string"}},{"name":"111a32a6-cbe7-478f-82dd-2f4f752d5cc1.error_code","label":"1 - Look up All Sheets Stream➛error_code","reference_display":"error_code","type":"string","base_type":"string","attributes":{"visible_in_fd":"false","uiTypeLabel":"String","element_mapping_provider":"com.glide.flow_design.action.data.FlowDesignVariableMapper","uiType":"string"}},{"name":"111a32a6-cbe7-478f-82dd-2f4f752d5cc1.ds_parsed_stream","label":"1 - Look up All Sheets Stream➛ds_parsed_stream","reference_display":"ds_parsed_stream","type":"string","base_type":"string","attributes":{"visible_in_fd":"false","uiTypeLabel":"String","element_mapping_provider":"com.glide.flow_design.action.data.FlowDesignVariableMapper","uiType":"string"}},{"name":"a07089b8-7d93-41dd-a472-8f31275c7047.__action_status__","label":"2 - Log➛Action Status","reference_display":"Action Status","type":"object","base_type":"object","attributes":{"co_type_name":"FDACTIONSTATUS","element_mapping_provider":"com.glide.flow_design.action.data.FlowDesignVariableMapper","uiType":"object","action_error_output":"true"}},{"name":"a07089b8-7d93-41dd-a472-8f31275c7047.__dont_treat_as_error__","label":"2 - Log➛Don\u0027t Treat as Error","reference_display":"Don\u0027t Treat as Error","type":"boolean","base_type":"boolean","attributes":{"element_mapping_provider":"com.glide.flow_design.action.data.FlowDesignVariableMapper","uiType":"boolean","visible_in_ui":"false","action_error_output":"true"}}]</label_cache><latest_snapshot/><master_snapshot/><name>Look up All Sheets</name><natlang/><outputs/><remote_trigger_id/><run_as>user</run_as><run_with_roles/><sc_callable>false</sc_callable><show_draft_actions>false</show_draft_actions><show_triggered_flows>false</show_triggered_flows><status>draft</status><sys_class_name>sys_hub_flow</sys_class_name><sys_created_by>akash.sri</sys_created_by><sys_created_on>2022-02-17 11:44:45</sys_created_on><sys_domain>global</sys_domain><sys_domain_path>/</sys_domain_path><sys_id>0d086cec977d01108ac03f0e6253af61</sys_id><sys_mod_count>1</sys_mod_count><sys_name>Look up All Sheets</sys_name><sys_overrides/><sys_package display_value="Smartsheet Spoke" source="sn_smrtsheet_spoke">f719677374021010fa9bb5ebcba7e550</sys_package><sys_policy/><sys_scope display_value="Smartsheet Spoke">f719677374021010fa9bb5ebcba7e550</sys_scope><sys_update_name>sys_hub_flow_0d086cec977d01108ac03f0e6253af61</sys_update_name><sys_updated_by>akash.sri</sys_updated_by><sys_updated_on>2022-02-17 12:04:51</sys_updated_on><type>flow</type></sys_hub_flow><sys_translated_text action="delete_multiple" query="documentkey=0d086cec977d01108ac03f0e6253af61"/><sys_variable_value action="delete_multiple" query="document_key=0d086cec977d01108ac03f0e6253af61"/><sys_hub_trigger_instance action="delete_multiple" query="flow=0d086cec977d01108ac03f0e6253af61^sys_idNOT IN0a4ca82497bd01108ac03f0e6253af74"/><sys_hub_trigger_instance action="INSERT_OR_UPDATE"><comment/><display_text/><flow display_value="Look up All Sheets">0d086cec977d01108ac03f0e6253af61</flow><name>Repeat</name><remote_sys_id/><sys_created_by>akash.sri</sys_created_by><sys_created_on>2022-02-17 12:03:23</sys_created_on><sys_id>0a4ca82497bd01108ac03f0e6253af74</sys_id><sys_mod_count>1</sys_mod_count><sys_scope/><sys_updated_by>akash.sri</sys_updated_by><sys_updated_on>2022-02-17 12:03:23</sys_updated_on><trigger_definition display_value="Repeat">f63f0d94c32222002841b63b12d3aeed</trigger_definition><trigger_inputs/><trigger_outputs/><trigger_type>repeat</trigger_type></sys_hub_trigger_instance><sys_variable_value action="delete_multiple" query="document_key=0a4ca82497bd01108ac03f0e6253af74"/><sys_variable_value action="INSERT_OR_UPDATE"><document>sys_hub_trigger_instance</document><document_key>0a4ca82497bd01108ac03f0e6253af74</document_key><order>100</order><sys_class_name>sys_variable_value</sys_class_name><sys_created_by>akash.sri</sys_created_by><sys_created_on>2022-02-17 12:03:23</sys_created_on><sys_id>ca4ca82497bd01108ac03f0e6253af75</sys_id><sys_mod_count>0</sys_mod_count><sys_updated_by>akash.sri</sys_updated_by><sys_updated_on>2022-02-17 12:03:23</sys_updated_on><value>1970-01-01 00:00:01</value><variable display_value="Repeat">1c5f4d94c32222002841b63b12d3aeb3</variable></sys_variable_value><sys_element_mapping action="delete_multiple" query="table=var__m_sys_hub_trigger_input_f63f0d94c32222002841b63b12d3aeed^id=0a4ca82497bd01108ac03f0e6253af74"/><sys_hub_flow_stage action="delete_multiple" query="flow=0d086cec977d01108ac03f0e6253af61"/><sys_flow_cat_variable_model action="delete_multiple" query="id=0d086cec977d01108ac03f0e6253af61^sys_idNOT IN09086cec977d01108ac03f0e6253af62"/><sys_flow_cat_variable_model action="INSERT_OR_UPDATE"><id>0d086cec977d01108ac03f0e6253af61</id><name>Look up All Sheets</name><sys_created_by>akash.sri</sys_created_by><sys_created_on>2022-02-17 11:44:45</sys_created_on><sys_id>09086cec977d01108ac03f0e6253af62</sys_id><sys_mod_count>0</sys_mod_count><sys_scope/><sys_updated_by>akash.sri</sys_updated_by><sys_updated_on>2022-02-17 11:44:45</sys_updated_on></sys_flow_cat_variable_model><sys_flow_cat_variable action="delete_multiple" query="flow_catalog_model=09086cec977d01108ac03f0e6253af62"/><sys_hub_flow_input action="delete_multiple" query="model=0d086cec977d01108ac03f0e6253af61"/><sys_hub_flow_output action="delete_multiple" query="model=0d086cec977d01108ac03f0e6253af61"/><sys_hub_alias_mapping action="delete_multiple" query="source_id=0d086cec977d01108ac03f0e6253af61"/><sys_hub_action_instance action="delete_multiple" query="flow=0d086cec977d01108ac03f0e6253af61^sys_idNOT IN6e4ca82497bd01108ac03f0e6253af99,df9cac2497bd01108ac03f0e6253af36"/><sys_hub_action_instance action="INSERT_OR_UPDATE"><action_inputs/><action_type display_value="Look up All Sheets Stream">f06088e497f901108ac03f0e6253afd4</action_type><action_type_parent/><comment/><compiled_snapshot/><display_text/><flow display_value="Look up All Sheets">0d086cec977d01108ac03f0e6253af61</flow><order>1</order><parent_ui_id/><sys_class_name>sys_hub_action_instance</sys_class_name><sys_created_by>akash.sri</sys_created_by><sys_created_on>2022-02-17 12:03:25</sys_created_on><sys_id>6e4ca82497bd01108ac03f0e6253af99</sys_id><sys_mod_count>2</sys_mod_count><sys_scope display_value="Smartsheet Spoke">f719677374021010fa9bb5ebcba7e550</sys_scope><sys_updated_by>akash.sri</sys_updated_by><sys_updated_on>2022-02-17 12:03:25</sys_updated_on><ui_id>111a32a6-cbe7-478f-82dd-2f4f752d5cc1</ui_id></sys_hub_action_instance><sys_variable_value action="delete_multiple" query="document_key=6e4ca82497bd01108ac03f0e6253af99"/><sys_hub_input_scripts action="delete_multiple" query="instance=6e4ca82497bd01108ac03f0e6253af99"/><sys_hub_alias_mapping action="delete_multiple" query="source_id=6e4ca82497bd01108ac03f0e6253af99"/><sys_hub_action_instance action="INSERT_OR_UPDATE"><action_inputs/><action_inputs/><action_type display_value="Log">5bc1bcc6531003003bf1d9109ec587d4</action_type><action_type_parent/><comment/><compiled_snapshot/><display_text/><flow display_value="Look up All Sheets">0d086cec977d01108ac03f0e6253af61</flow><order>2</order><parent_ui_id>111a32a6-cbe7-478f-82dd-2f4f752d5cc1</parent_ui_id><sys_class_name>sys_hub_action_instance</sys_class_name><sys_created_by>akash.sri</sys_created_by><sys_created_on>2022-02-17 12:04:50</sys_created_on><sys_id>df9cac2497bd01108ac03f0e6253af36</sys_id><sys_mod_count>2</sys_mod_count><sys_scope display_value="Smartsheet Spoke">f719677374021010fa9bb5ebcba7e550</sys_scope><sys_updated_by>akash.sri</sys_updated_by><sys_updated_on>2022-02-17 12:04:50</sys_updated_on><ui_id>a07089b8-7d93-41dd-a472-8f31275c7047</ui_id></sys_hub_action_instance><sys_variable_value action="delete_multiple" query="document_key=df9cac2497bd01108ac03f0e6253af36"/><sys_element_mapping action="delete_multiple" query="id=df9cac2497bd01108ac03f0e6253af36"/><sys_element_mapping action="INSERT_OR_UPDATE"><field>log_message</field><id>df9cac2497bd01108ac03f0e6253af36</id><sys_created_by>akash.sri</sys_created_by><sys_created_on>2022-02-17 12:04:50</sys_created_on><sys_id>d39cac2497bd01108ac03f0e6253af38</sys_id><sys_mod_count>0</sys_mod_count><sys_updated_by>akash.sri</sys_updated_by><sys_updated_on>2022-02-17 12:04:50</sys_updated_on><table>var__m_sys_hub_action_input_5bc1bcc6531003003bf1d9109ec587d4</table><value>{{111a32a6-cbe7-478f-82dd-2f4f752d5cc1.output}}</value></sys_element_mapping><sys_hub_input_scripts action="delete_multiple" query="instance=df9cac2497bd01108ac03f0e6253af36"/><sys_hub_alias_mapping action="delete_multiple" query="source_id=df9cac2497bd01108ac03f0e6253af36"/><sys_hub_sub_flow_instance action="delete_multiple" query="flow=0d086cec977d01108ac03f0e6253af61"/><sys_hub_flow_logic action="delete_multiple" query="flow=0d086cec977d01108ac03f0e6253af61"/><sys_hub_pill_compound action="delete_multiple" query="attached_to=0d086cec977d01108ac03f0e6253af61"/><sys_hub_flow_variable action="delete_multiple" query="model=0d086cec977d01108ac03f0e6253af61"/><sys_documentation action="delete_multiple" query="name=var__m_sys_hub_flow_input_0d086cec977d01108ac03f0e6253af61"/><sys_choice action="delete_multiple" query="name=var__m_sys_hub_flow_input_0d086cec977d01108ac03f0e6253af61"/><sys_documentation action="delete_multiple" query="name=var__m_sys_hub_flow_output_0d086cec977d01108ac03f0e6253af61"/><sys_choice action="delete_multiple" query="name=var__m_sys_hub_flow_output_0d086cec977d01108ac03f0e6253af61"/><sys_flow_trigger_plan action="delete_multiple" query="plan_id=0d086cec977d01108ac03f0e6253af61"/><sys_flow_subflow_plan action="delete_multiple" query="plan_id=0d086cec977d01108ac03f0e6253af61"/></record_update>]]></payload>
        <payload_hash>-301750551</payload_hash>
        <record_name>Look up All Sheets</record_name>
        <reverted_from/>
        <source>820218f7a3630110b94d8b3f26fcdac6</source>
        <source_table>sys_update_set</source_table>
        <state>previous</state>
        <sys_created_by>admin</sys_created_by>
        <sys_created_on>2022-05-25 12:55:42</sys_created_on>
        <sys_id>ca7adcf3a3a30110b94d8b3f26fcda7c</sys_id>
        <sys_mod_count>0</sys_mod_count>
        <sys_recorded_at>180fb4988e60000001</sys_recorded_at>
        <sys_updated_by>admin</sys_updated_by>
        <sys_updated_on>2022-05-25 12:55:42</sys_updated_on>
        <type>Flow</type>
        <update_guid>bb9cac2415bd0110acb091e1230e8a49</update_guid>
        <update_guid_history>bb9cac2415bd0110acb091e1230e8a49:-301750551,d9086cecb87d01104365168cf10f0f68:966249209</update_guid_history>
    </sys_update_version>
    <sys_metadata_delete action="INSERT_OR_UPDATE">
        <sys_audit_delete/>
        <sys_class_name>sys_metadata_delete</sys_class_name>
        <sys_created_by>admin</sys_created_by>
        <sys_created_on>2022-06-02 09:06:41</sys_created_on>
        <sys_db_object display_value="" name="sys_hub_flow">sys_hub_flow</sys_db_object>
        <sys_id>1c3e07eaa0554f828be8c0cfd1711851</sys_id>
        <sys_metadata>0d086cec977d01108ac03f0e6253af61</sys_metadata>
        <sys_mod_count>0</sys_mod_count>
        <sys_name>Look up All Sheets</sys_name>
        <sys_package display_value="Smartsheet Spoke" source="sn_smrtsheet_spoke">f719677374021010fa9bb5ebcba7e550</sys_package>
        <sys_parent/>
        <sys_policy/>
        <sys_scope display_value="Smartsheet Spoke">f719677374021010fa9bb5ebcba7e550</sys_scope>
        <sys_scope_delete display_value="">133f37b1d8bc4836887f20453fbd5cc9</sys_scope_delete>
        <sys_update_name>sys_hub_flow_0d086cec977d01108ac03f0e6253af61</sys_update_name>
        <sys_update_version display_value="sys_hub_flow_0d086cec977d01108ac03f0e6253af61">ca7adcf3a3a30110b94d8b3f26fcda7c</sys_update_version>
        <sys_updated_by>admin</sys_updated_by>
        <sys_updated_on>2022-06-02 09:06:41</sys_updated_on>
    </sys_metadata_delete>
</record_update>
