<?xml version="1.0" encoding="UTF-8"?><record_update sys_domain="global" table="sys_hub_flow">
    <sys_hub_flow action="DELETE">
        <access>public</access>
        <acls/>
        <active>false</active>
        <annotation/>
        <callable_by_client_api>false</callable_by_client_api>
        <category/>
        <compiler_build/>
        <copied_from/>
        <copied_from_name/>
        <description/>
        <internal_name>testing_smartsheet_action</internal_name>
        <label_cache>[{"name":"327326a4-a2db-4474-b2a5-7852aba40b74.attachment_details.parentId","label":"1 - Look up Attachment by ID➛Attachment Details➛Parent ID","reference":"","reference_display":"","type":"number","base_type":"number","column_name":"","attributes":{}},{"name":"327326a4-a2db-4474-b2a5-7852aba40b74.attachment_details","label":"1 - Look up Attachment by ID➛Attachment Details","reference_display":"Attachment Details","type":"object","base_type":"object","attributes":{"sourceId":"07bd4510-5d67-4110-bfde-b3d2527c74de","uiTypeLabel":"Object","co_type_name":"FD20a893834f92c5104c74776f154c715e","element_mapping_provider":"com.glide.flow_design.action.data.FlowDesignVariableMapper","sourceType":"step","sourceUiUniqueId":"2335a02e-2285-4af7-9f10-0800db59c58d","uiType":"object","uiUniqueId":"81b3e452-beb7-417a-985e-be2ff611803d"}},{"name":"327326a4-a2db-4474-b2a5-7852aba40b74.__dont_treat_as_error__","label":"1 - Look up Attachment by ID➛Don\u0027t Treat as Error","reference_display":"Don\u0027t Treat as Error","type":"boolean","base_type":"boolean","attributes":{"uiTypeLabel":"True/False","element_mapping_provider":"com.glide.flow_design.action.data.FlowDesignVariableMapper","uiType":"boolean","visible_in_ui":"false","action_error_output":"true","uiUniqueId":"52fe1d3a-c166-4ccd-9790-e4df76505921"}},{"name":"327326a4-a2db-4474-b2a5-7852aba40b74.__action_status__","label":"1 - Look up Attachment by ID➛Action Status","reference_display":"Action Status","type":"object","base_type":"object","attributes":{"uiTypeLabel":"Object","co_type_name":"FDACTIONSTATUS","element_mapping_provider":"com.glide.flow_design.action.data.FlowDesignVariableMapper","uiType":"object","action_error_output":"true","uiUniqueId":"c23c958a-cbff-4ebe-8fd6-79091ee45a50"}},{"name":"053bc734-8d27-4c2e-a4fe-09b138046bc7.__dont_treat_as_error__","label":"3 - Log➛Don\u0027t Treat as Error","reference_display":"Don\u0027t Treat as Error","type":"boolean","base_type":"boolean","attributes":{"uiType":"boolean","visible_in_ui":"false","action_error_output":"true","element_mapping_provider":"com.glide.flow_design.action.data.FlowDesignVariableMapper"}},{"name":"053bc734-8d27-4c2e-a4fe-09b138046bc7.__action_status__","label":"3 - Log➛Action Status","reference_display":"Action Status","type":"object","base_type":"object","attributes":{"uiType":"object","co_type_name":"FDACTIONSTATUS","action_error_output":"true","element_mapping_provider":"com.glide.flow_design.action.data.FlowDesignVariableMapper"}},{"name":"89bd92a1-a12b-4e0a-b411-08171a089bb2.data","label":"2 - Look up All Columns Stream➛Data","reference_display":"Data","type":"object","base_type":"object","attributes":{"uiType":"object","uiTypeLabel":"Object","co_type_name":"FD03a84ac7fb9e8510213e2e1118de12b2","element_mapping_provider":"com.glide.flow_design.action.data.FlowDesignVariableMapper","uiUniqueId":"6270aad2-e982-454c-8e72-e836fffcdd97"}},{"name":"89bd92a1-a12b-4e0a-b411-08171a089bb2.ds_parsed_stream","label":"2 - Look up All Columns Stream➛ds_parsed_stream","reference_display":"ds_parsed_stream","type":"string","base_type":"string","attributes":{"uiType":"string","visible_in_fd":"false","uiTypeLabel":"String","element_mapping_provider":"com.glide.flow_design.action.data.FlowDesignVariableMapper"}},{"name":"89bd92a1-a12b-4e0a-b411-08171a089bb2.error_code","label":"2 - Look up All Columns Stream➛error_code","reference_display":"error_code","type":"string","base_type":"string","attributes":{"uiType":"string","visible_in_fd":"false","uiTypeLabel":"String","element_mapping_provider":"com.glide.flow_design.action.data.FlowDesignVariableMapper"}},{"name":"89bd92a1-a12b-4e0a-b411-08171a089bb2.status_code","label":"2 - Look up All Columns Stream➛status_code","reference_display":"status_code","type":"string","base_type":"string","attributes":{"uiType":"string","visible_in_fd":"false","uiTypeLabel":"String","element_mapping_provider":"com.glide.flow_design.action.data.FlowDesignVariableMapper"}},{"name":"89bd92a1-a12b-4e0a-b411-08171a089bb2.error_message","label":"2 - Look up All Columns Stream➛error_message","reference_display":"error_message","type":"string","base_type":"string","attributes":{"uiType":"string","visible_in_fd":"false","uiTypeLabel":"String","element_mapping_provider":"com.glide.flow_design.action.data.FlowDesignVariableMapper"}},{"name":"89bd92a1-a12b-4e0a-b411-08171a089bb2.response_headers","label":"2 - Look up All Columns Stream➛response_headers","reference_display":"response_headers","type":"string","base_type":"string","attributes":{"uiType":"string","visible_in_fd":"false","uiTypeLabel":"String","element_mapping_provider":"com.glide.flow_design.action.data.FlowDesignVariableMapper"}},{"name":"89bd92a1-a12b-4e0a-b411-08171a089bb2.ds_output_page_variables","label":"2 - Look up All Columns Stream➛ds_output_page_variables","reference_display":"ds_output_page_variables","type":"string","base_type":"string","attributes":{"uiType":"string","visible_in_fd":"false","uiTypeLabel":"String","element_mapping_provider":"com.glide.flow_design.action.data.FlowDesignVariableMapper"}},{"name":"89bd92a1-a12b-4e0a-b411-08171a089bb2.item","label":"2 - Look up All Columns Stream➛item","reference_display":"item","type":"string","base_type":"string","attributes":{"uiType":"string","visible_in_fd":"false","uiTypeLabel":"String","element_mapping_provider":"com.glide.flow_design.action.data.FlowDesignVariableMapper"}},{"name":"89bd92a1-a12b-4e0a-b411-08171a089bb2.ds_count","label":"2 - Look up All Columns Stream➛ds_count","reference_display":"ds_count","type":"integer","base_type":"integer","attributes":{"uiType":"integer","visible_in_fd":"false","uiTypeLabel":"Integer","element_mapping_provider":"com.glide.flow_design.action.data.FlowDesignVariableMapper"}},{"name":"89bd92a1-a12b-4e0a-b411-08171a089bb2.count","label":"2 - Look up All Columns Stream➛count","reference_display":"count","type":"integer","base_type":"integer","attributes":{"uiType":"integer","visible_in_fd":"false","uiTypeLabel":"Integer","element_mapping_provider":"com.glide.flow_design.action.data.FlowDesignVariableMapper"}},{"name":"89bd92a1-a12b-4e0a-b411-08171a089bb2.page_count","label":"2 - Look up All Columns Stream➛Page Count","reference_display":"Page Count","type":"integer","base_type":"integer","attributes":{"uiType":"integer","uiTypeLabel":"Integer","visible_in_ad":"false","element_mapping_provider":"com.glide.flow_design.action.data.FlowDesignVariableMapper"}},{"name":"89bd92a1-a12b-4e0a-b411-08171a089bb2.item_count","label":"2 - Look up All Columns Stream➛Item Count","reference_display":"Item Count","type":"integer","base_type":"integer","attributes":{"uiType":"integer","uiTypeLabel":"Integer","visible_in_ad":"false","element_mapping_provider":"com.glide.flow_design.action.data.FlowDesignVariableMapper"}},{"name":"32cf1d69-3129-44b7-b0a8-fa38d488e9f8.variable2.id","label":"3➛Sheet➛ID","reference":"","reference_display":"","type":"number","base_type":"number","column_name":"","attributes":{}},{"name":"32cf1d69-3129-44b7-b0a8-fa38d488e9f8.variable2","label":"3 - Look up Sheet by ID➛Sheet","reference_display":"Sheet","type":"object","base_type":"object","attributes":{"sourceId":"11229b0e-fa47-4a4f-85b7-d4f88739b9de","uiTypeLabel":"Object","co_type_name":"FD9a210828e5f90110a74092d511d9e149","element_mapping_provider":"com.glide.flow_design.action.data.FlowDesignVariableMapper","sourceType":"step","sourceUiUniqueId":"3dfe5450-34e0-41b7-9724-465c8613923a","uiType":"object","uiUniqueId":"321246a2-db65-4a24-b647-adf5837c2b9f"}},{"name":"32cf1d69-3129-44b7-b0a8-fa38d488e9f8.__dont_treat_as_error__","label":"3 - Look up Sheet by ID➛Don\u0027t Treat as Error","reference_display":"Don\u0027t Treat as Error","type":"boolean","base_type":"boolean","attributes":{"uiTypeLabel":"True/False","element_mapping_provider":"com.glide.flow_design.action.data.FlowDesignVariableMapper","uiType":"boolean","visible_in_ui":"false","action_error_output":"true","uiUniqueId":"815727b0-a08a-47a6-92b8-04d596321364"}},{"name":"32cf1d69-3129-44b7-b0a8-fa38d488e9f8.__action_status__","label":"3 - Look up Sheet by ID➛Action Status","reference_display":"Action Status","type":"object","base_type":"object","attributes":{"uiTypeLabel":"Object","co_type_name":"FDACTIONSTATUS","element_mapping_provider":"com.glide.flow_design.action.data.FlowDesignVariableMapper","uiType":"object","action_error_output":"true","uiUniqueId":"d5f9b22a-c1ff-420a-acf2-a82fffb59aad"}},{"name":"dfa63d47-d81c-4344-89cb-26513d4c7f9d.__dont_treat_as_error__","label":"3 - Log➛Don\u0027t Treat as Error","reference_display":"Don\u0027t Treat as Error","type":"boolean","base_type":"boolean","attributes":{"element_mapping_provider":"com.glide.flow_design.action.data.FlowDesignVariableMapper","uiType":"boolean","visible_in_ui":"false","action_error_output":"true"}},{"name":"dfa63d47-d81c-4344-89cb-26513d4c7f9d.__action_status__","label":"3 - Log➛Action Status","reference_display":"Action Status","type":"object","base_type":"object","attributes":{"co_type_name":"FDACTIONSTATUS","element_mapping_provider":"com.glide.flow_design.action.data.FlowDesignVariableMapper","uiType":"object","action_error_output":"true"}},{"name":"1d82a70f-f714-45be-a2f1-ccc5a22c6665.data","label":"2 - Look up All Attachments Stream➛Data","reference_display":"Data","type":"object","base_type":"object","attributes":{"uiTypeLabel":"Object","co_type_name":"FD8fe48a07909e8510e665b61b3cd5c591","element_mapping_provider":"com.glide.flow_design.action.data.FlowDesignVariableMapper","uiType":"object","uiUniqueId":"6270aad2-e982-454c-8e72-e836fffcdd97"}},{"name":"1d82a70f-f714-45be-a2f1-ccc5a22c6665.ds_parsed_stream","label":"2 - Look up All Attachments Stream➛ds_parsed_stream","reference_display":"ds_parsed_stream","type":"string","base_type":"string","attributes":{"visible_in_fd":"false","uiTypeLabel":"String","element_mapping_provider":"com.glide.flow_design.action.data.FlowDesignVariableMapper","uiType":"string"}},{"name":"1d82a70f-f714-45be-a2f1-ccc5a22c6665.error_code","label":"2 - Look up All Attachments Stream➛error_code","reference_display":"error_code","type":"string","base_type":"string","attributes":{"visible_in_fd":"false","uiTypeLabel":"String","element_mapping_provider":"com.glide.flow_design.action.data.FlowDesignVariableMapper","uiType":"string"}},{"name":"1d82a70f-f714-45be-a2f1-ccc5a22c6665.status_code","label":"2 - Look up All Attachments Stream➛status_code","reference_display":"status_code","type":"string","base_type":"string","attributes":{"visible_in_fd":"false","uiTypeLabel":"String","element_mapping_provider":"com.glide.flow_design.action.data.FlowDesignVariableMapper","uiType":"string"}},{"name":"1d82a70f-f714-45be-a2f1-ccc5a22c6665.error_message","label":"2 - Look up All Attachments Stream➛error_message","reference_display":"error_message","type":"string","base_type":"string","attributes":{"visible_in_fd":"false","uiTypeLabel":"String","element_mapping_provider":"com.glide.flow_design.action.data.FlowDesignVariableMapper","uiType":"string"}},{"name":"1d82a70f-f714-45be-a2f1-ccc5a22c6665.response_headers","label":"2 - Look up All Attachments Stream➛response_headers","reference_display":"response_headers","type":"string","base_type":"string","attributes":{"visible_in_fd":"false","uiTypeLabel":"String","element_mapping_provider":"com.glide.flow_design.action.data.FlowDesignVariableMapper","uiType":"string"}},{"name":"1d82a70f-f714-45be-a2f1-ccc5a22c6665.ds_output_page_variables","label":"2 - Look up All Attachments Stream➛ds_output_page_variables","reference_display":"ds_output_page_variables","type":"string","base_type":"string","attributes":{"visible_in_fd":"false","uiTypeLabel":"String","element_mapping_provider":"com.glide.flow_design.action.data.FlowDesignVariableMapper","uiType":"string"}},{"name":"1d82a70f-f714-45be-a2f1-ccc5a22c6665.item","label":"2 - Look up All Attachments Stream➛item","reference_display":"item","type":"string","base_type":"string","attributes":{"visible_in_fd":"false","uiTypeLabel":"String","element_mapping_provider":"com.glide.flow_design.action.data.FlowDesignVariableMapper","uiType":"string"}},{"name":"1d82a70f-f714-45be-a2f1-ccc5a22c6665.ds_count","label":"2 - Look up All Attachments Stream➛ds_count","reference_display":"ds_count","type":"integer","base_type":"integer","attributes":{"visible_in_fd":"false","uiTypeLabel":"Integer","element_mapping_provider":"com.glide.flow_design.action.data.FlowDesignVariableMapper","uiType":"integer"}},{"name":"1d82a70f-f714-45be-a2f1-ccc5a22c6665.count","label":"2 - Look up All Attachments Stream➛count","reference_display":"count","type":"integer","base_type":"integer","attributes":{"visible_in_fd":"false","uiTypeLabel":"Integer","element_mapping_provider":"com.glide.flow_design.action.data.FlowDesignVariableMapper","uiType":"integer"}},{"name":"1d82a70f-f714-45be-a2f1-ccc5a22c6665.page_count","label":"2 - Look up All Attachments Stream➛Page Count","reference_display":"Page Count","type":"integer","base_type":"integer","attributes":{"uiTypeLabel":"Integer","element_mapping_provider":"com.glide.flow_design.action.data.FlowDesignVariableMapper","uiType":"integer","visible_in_ad":"false"}},{"name":"1d82a70f-f714-45be-a2f1-ccc5a22c6665.item_count","label":"2 - Look up All Attachments Stream➛Item Count","reference_display":"Item Count","type":"integer","base_type":"integer","attributes":{"uiTypeLabel":"Integer","element_mapping_provider":"com.glide.flow_design.action.data.FlowDesignVariableMapper","uiType":"integer","visible_in_ad":"false"}},{"name":"2fd42558-04a6-46c5-93ad-eae3cf7230f0.__dont_treat_as_error__","label":"4 - Log➛Don\u0027t Treat as Error","reference_display":"Don\u0027t Treat as Error","type":"boolean","base_type":"boolean","attributes":{"element_mapping_provider":"com.glide.flow_design.action.data.FlowDesignVariableMapper","uiType":"boolean","visible_in_ui":"false","action_error_output":"true"}},{"name":"2fd42558-04a6-46c5-93ad-eae3cf7230f0.__action_status__","label":"4 - Log➛Action Status","reference_display":"Action Status","type":"object","base_type":"object","attributes":{"co_type_name":"FDACTIONSTATUS","element_mapping_provider":"com.glide.flow_design.action.data.FlowDesignVariableMapper","uiType":"object","action_error_output":"true"}},{"name":"39204bc1-638e-4a1e-ae11-abe4fe74a7b9.ds_parsed_stream","label":"3 - Look up All Sheets Stream➛ds_parsed_stream","reference_display":"ds_parsed_stream","type":"string","base_type":"string","attributes":{"visible_in_fd":"false","uiTypeLabel":"String","element_mapping_provider":"com.glide.flow_design.action.data.FlowDesignVariableMapper","uiType":"string"}},{"name":"39204bc1-638e-4a1e-ae11-abe4fe74a7b9.error_code","label":"3 - Look up All Sheets Stream➛error_code","reference_display":"error_code","type":"string","base_type":"string","attributes":{"visible_in_fd":"false","uiTypeLabel":"String","element_mapping_provider":"com.glide.flow_design.action.data.FlowDesignVariableMapper","uiType":"string"}},{"name":"39204bc1-638e-4a1e-ae11-abe4fe74a7b9.status_code","label":"3 - Look up All Sheets Stream➛status_code","reference_display":"status_code","type":"string","base_type":"string","attributes":{"visible_in_fd":"false","uiTypeLabel":"String","element_mapping_provider":"com.glide.flow_design.action.data.FlowDesignVariableMapper","uiType":"string"}},{"name":"39204bc1-638e-4a1e-ae11-abe4fe74a7b9.error_message","label":"3 - Look up All Sheets Stream➛error_message","reference_display":"error_message","type":"string","base_type":"string","attributes":{"visible_in_fd":"false","uiTypeLabel":"String","element_mapping_provider":"com.glide.flow_design.action.data.FlowDesignVariableMapper","uiType":"string"}},{"name":"39204bc1-638e-4a1e-ae11-abe4fe74a7b9.response_headers","label":"3 - Look up All Sheets Stream➛response_headers","reference_display":"response_headers","type":"string","base_type":"string","attributes":{"visible_in_fd":"false","uiTypeLabel":"String","element_mapping_provider":"com.glide.flow_design.action.data.FlowDesignVariableMapper","uiType":"string"}},{"name":"39204bc1-638e-4a1e-ae11-abe4fe74a7b9.ds_output_page_variables","label":"3 - Look up All Sheets Stream➛ds_output_page_variables","reference_display":"ds_output_page_variables","type":"string","base_type":"string","attributes":{"visible_in_fd":"false","uiTypeLabel":"String","element_mapping_provider":"com.glide.flow_design.action.data.FlowDesignVariableMapper","uiType":"string"}},{"name":"39204bc1-638e-4a1e-ae11-abe4fe74a7b9.item","label":"3 - Look up All Sheets Stream➛item","reference_display":"item","type":"string","base_type":"string","attributes":{"visible_in_fd":"false","uiTypeLabel":"String","element_mapping_provider":"com.glide.flow_design.action.data.FlowDesignVariableMapper","uiType":"string"}},{"name":"39204bc1-638e-4a1e-ae11-abe4fe74a7b9.ds_count","label":"3 - Look up All Sheets Stream➛ds_count","reference_display":"ds_count","type":"integer","base_type":"integer","attributes":{"visible_in_fd":"false","uiTypeLabel":"Integer","element_mapping_provider":"com.glide.flow_design.action.data.FlowDesignVariableMapper","uiType":"integer"}},{"name":"39204bc1-638e-4a1e-ae11-abe4fe74a7b9.count","label":"3 - Look up All Sheets Stream➛count","reference_display":"count","type":"integer","base_type":"integer","attributes":{"visible_in_fd":"false","uiTypeLabel":"Integer","element_mapping_provider":"com.glide.flow_design.action.data.FlowDesignVariableMapper","uiType":"integer"}},{"name":"39204bc1-638e-4a1e-ae11-abe4fe74a7b9.page_count","label":"3 - Look up All Sheets Stream➛Page Count","reference_display":"Page Count","type":"integer","base_type":"integer","attributes":{"uiTypeLabel":"Integer","element_mapping_provider":"com.glide.flow_design.action.data.FlowDesignVariableMapper","uiType":"integer","visible_in_ad":"false"}},{"name":"39204bc1-638e-4a1e-ae11-abe4fe74a7b9.item_count","label":"3 - Look up All Sheets Stream➛Item Count","reference_display":"Item Count","type":"integer","base_type":"integer","attributes":{"uiTypeLabel":"Integer","element_mapping_provider":"com.glide.flow_design.action.data.FlowDesignVariableMapper","uiType":"integer","visible_in_ad":"false"}},{"name":"39204bc1-638e-4a1e-ae11-abe4fe74a7b9.output","label":"3 - Look up All Sheets Stream➛Sheet Details","reference_display":"Sheet Details","type":"object","base_type":"object","attributes":{"uiTypeLabel":"Object","co_type_name":"FDf960c8e456f90110856bf31172dcc74c","element_mapping_provider":"com.glide.flow_design.action.data.FlowDesignVariableMapper","uiType":"object","uiUniqueId":"683cd2e8-9e72-4b7d-b804-9bf36b073b3c"}},{"name":"c30983ca-6ec3-49e0-9570-5f85a71c6621.details.id","label":"2 - Update Sheet➛Details➛ID","reference":"","reference_display":"","type":"number","base_type":"number","column_name":"","attributes":{}},{"name":"91a2794c-35f6-408f-934a-c69ad74844e3.variable2","label":"2 - Look up Sheet by ID➛Sheet","reference_display":"Sheet","type":"object","base_type":"object","attributes":{"sourceId":"11229b0e-fa47-4a4f-85b7-d4f88739b9de","uiTypeLabel":"Object","co_type_name":"FD9a210828e5f90110a74092d511d9e149","element_mapping_provider":"com.glide.flow_design.action.data.FlowDesignVariableMapper","sourceType":"step","sourceUiUniqueId":"3dfe5450-34e0-41b7-9724-465c8613923a","uiType":"object","uiUniqueId":"321246a2-db65-4a24-b647-adf5837c2b9f"}},{"name":"91a2794c-35f6-408f-934a-c69ad74844e3.__dont_treat_as_error__","label":"2 - Look up Sheet by ID➛Don\u0027t Treat as Error","reference_display":"Don\u0027t Treat as Error","type":"boolean","base_type":"boolean","attributes":{"uiTypeLabel":"True/False","element_mapping_provider":"com.glide.flow_design.action.data.FlowDesignVariableMapper","uiType":"boolean","visible_in_ui":"false","action_error_output":"true","uiUniqueId":"815727b0-a08a-47a6-92b8-04d596321364"}},{"name":"91a2794c-35f6-408f-934a-c69ad74844e3.__action_status__","label":"2 - Look up Sheet by ID➛Action Status","reference_display":"Action Status","type":"object","base_type":"object","attributes":{"uiTypeLabel":"Object","co_type_name":"FDACTIONSTATUS","element_mapping_provider":"com.glide.flow_design.action.data.FlowDesignVariableMapper","uiType":"object","action_error_output":"true","uiUniqueId":"d5f9b22a-c1ff-420a-acf2-a82fffb59aad"}},{"name":"a6796aad-a61a-4dae-bc43-6331f997f855.sheet_details.id","label":"1 - Create Sheet➛Sheet Details➛ID","reference":"","reference_display":"","type":"string","base_type":"string","column_name":"","attributes":{}},{"name":"c30983ca-6ec3-49e0-9570-5f85a71c6621.details","label":"2 - Update Sheet➛Details","reference_display":"Details","type":"object","base_type":"object","attributes":{"sourceId":"07bd4510-5d67-4110-bfde-b3d2527c74de","uiTypeLabel":"Object","co_type_name":"FDfe7a00a0993d01100c006c65885f803b","element_mapping_provider":"com.glide.flow_design.action.data.FlowDesignVariableMapper","sourceType":"step","sourceUiUniqueId":"81f68b57-5c53-4ecf-ab2a-4199d6e533de","pwd2droppable":"true","uiType":"object","uiUniqueId":"60c636e3-ce83-443e-b1d5-340a55dbcd4d"}},{"name":"c30983ca-6ec3-49e0-9570-5f85a71c6621.__dont_treat_as_error__","label":"2 - Update Sheet➛Don\u0027t Treat as Error","reference_display":"Don\u0027t Treat as Error","type":"boolean","base_type":"boolean","attributes":{"uiTypeLabel":"True/False","element_mapping_provider":"com.glide.flow_design.action.data.FlowDesignVariableMapper","uiType":"boolean","visible_in_ui":"false","action_error_output":"true","uiUniqueId":"833711f4-5905-4a0e-a6ad-f0b746600e51"}},{"name":"c30983ca-6ec3-49e0-9570-5f85a71c6621.__action_status__","label":"2 - Update Sheet➛Action Status","reference_display":"Action Status","type":"object","base_type":"object","attributes":{"uiTypeLabel":"Object","co_type_name":"FDACTIONSTATUS","element_mapping_provider":"com.glide.flow_design.action.data.FlowDesignVariableMapper","uiType":"object","action_error_output":"true","uiUniqueId":"a20b150e-7e15-4d4b-a338-03f1f198ab21"}},{"name":"a6796aad-a61a-4dae-bc43-6331f997f855.sheet_details","label":"1 - Create Sheet➛Sheet Details","reference_display":"Sheet Details","type":"object","base_type":"object","attributes":{"sourceId":"542253e6-3fce-4b7a-ad6a-875acf5ec2cd","uiTypeLabel":"Object","co_type_name":"FDdf9600ac43f901106407a8f947dad97a","element_mapping_provider":"com.glide.flow_design.action.data.FlowDesignVariableMapper","sourceType":"step","sourceUiUniqueId":"c356de94-4cbd-4291-994d-1318f51f3e3a","pwd2droppable":"true","uiType":"object","uiUniqueId":"5aedc29e-1d09-4641-91a3-9004fd997a6b"}},{"name":"a6796aad-a61a-4dae-bc43-6331f997f855.__dont_treat_as_error__","label":"1 - Create Sheet➛Don\u0027t Treat as Error","reference_display":"Don\u0027t Treat as Error","type":"boolean","base_type":"boolean","attributes":{"uiTypeLabel":"True/False","element_mapping_provider":"com.glide.flow_design.action.data.FlowDesignVariableMapper","uiType":"boolean","visible_in_ui":"false","action_error_output":"true","uiUniqueId":"db63e74d-723e-4c96-9b13-2162c82cf0a2"}},{"name":"a6796aad-a61a-4dae-bc43-6331f997f855.__action_status__","label":"1 - Create Sheet➛Action Status","reference_display":"Action Status","type":"object","base_type":"object","attributes":{"uiTypeLabel":"Object","co_type_name":"FDACTIONSTATUS","element_mapping_provider":"com.glide.flow_design.action.data.FlowDesignVariableMapper","uiType":"object","action_error_output":"true","uiUniqueId":"35ffbc3b-8c85-4837-9a6f-bf4e57500e1e"}},{"name":"4bac4a03-da59-4a97-ab92-f8c7c9a09595.details","label":"1 - Create Row➛Details","reference_display":"Details","type":"array.object","base_type":"array.object","attributes":{"sourceId":"07bd4510-5d67-4110-bfde-b3d2527c74de","pwd2droppable":"true","child_name":"detail","uiUniqueId":"8c8c40e9-0ab0-4c86-a81b-2fa325999ca3","uiTypeLabel":"Array.Object","co_type_name":"FD2909e49913ef01503d6ba28fc6de32e7","child_label":"detail","child_type_label":"Object","element_mapping_provider":"com.glide.flow_design.action.data.FlowDesignVariableMapper","sourceType":"step","sourceUiUniqueId":"06c1cbb5-b6c8-43cf-86f9-4c67a166d483","uiType":"array.object","child_type":"object","child_uiUniqueId":"0a13d417-a550-440b-ad2f-7fb9ea9cd765"}},{"name":"4bac4a03-da59-4a97-ab92-f8c7c9a09595.__dont_treat_as_error__","label":"1 - Create Row➛Don\u0027t Treat as Error","reference_display":"Don\u0027t Treat as Error","type":"boolean","base_type":"boolean","attributes":{"uiTypeLabel":"True/False","element_mapping_provider":"com.glide.flow_design.action.data.FlowDesignVariableMapper","uiType":"boolean","visible_in_ui":"false","action_error_output":"true","uiUniqueId":"bcbc0ceb-401c-4d4a-84c2-1d7e24116afc"}},{"name":"4bac4a03-da59-4a97-ab92-f8c7c9a09595.__action_status__","label":"1 - Create Row➛Action Status","reference_display":"Action Status","type":"object","base_type":"object","attributes":{"uiTypeLabel":"Object","co_type_name":"FDACTIONSTATUS","element_mapping_provider":"com.glide.flow_design.action.data.FlowDesignVariableMapper","uiType":"object","action_error_output":"true","uiUniqueId":"9fb29652-3224-4052-bc9a-a7f9e9164e18"}}]</label_cache>
        <latest_snapshot/>
        <master_snapshot/>
        <name>Testing Smartsheet action</name>
        <natlang/>
        <outputs/>
        <remote_trigger_id/>
        <run_as>system</run_as>
        <run_with_roles/>
        <sc_callable>false</sc_callable>
        <show_draft_actions>false</show_draft_actions>
        <show_triggered_flows>false</show_triggered_flows>
        <status>draft</status>
        <sys_class_name>sys_hub_flow</sys_class_name>
        <sys_created_by>akash.s</sys_created_by>
        <sys_created_on>2022-04-27 14:32:58</sys_created_on>
        <sys_domain>global</sys_domain>
        <sys_domain_path>/</sys_domain_path>
        <sys_id>0e34e072870341103bdd4226dabb350d</sys_id>
        <sys_mod_count>2</sys_mod_count>
        <sys_name>Testing Smartsheet action</sys_name>
        <sys_overrides/>
        <sys_package display_value="Smartsheet Spoke" source="sn_smrtsheet_spoke">f719677374021010fa9bb5ebcba7e550</sys_package>
        <sys_policy/>
        <sys_scope display_value="Smartsheet Spoke">f719677374021010fa9bb5ebcba7e550</sys_scope>
        <sys_update_name>sys_hub_flow_0e34e072870341103bdd4226dabb350d</sys_update_name>
        <sys_updated_by>akash.s</sys_updated_by>
        <sys_updated_on>2022-06-18 09:16:32</sys_updated_on>
        <type>flow</type>
    </sys_hub_flow>
    <sys_translated_text action="DELETE" query="documentkey=0e34e072870341103bdd4226dabb350d"/>
    <sys_variable_value action="DELETE" query="document_key=0e34e072870341103bdd4226dabb350d"/>
    <sys_hub_trigger_instance action="DELETE" query="flow=0e34e072870341103bdd4226dabb350d^sys_idNOT INa9d4719b87cb81103bdd4226dabb355e"/>
    <sys_hub_trigger_instance action="DELETE">
        <comment/>
        <display_text/>
        <flow display_value="Testing Smartsheet action">0e34e072870341103bdd4226dabb350d</flow>
        <name>Daily</name>
        <remote_sys_id/>
        <sys_created_by>akash.s</sys_created_by>
        <sys_created_on>2022-04-29 09:42:09</sys_created_on>
        <sys_id>a9d4719b87cb81103bdd4226dabb355e</sys_id>
        <sys_mod_count>4</sys_mod_count>
        <sys_scope/>
        <sys_updated_by>akash.s</sys_updated_by>
        <sys_updated_on>2022-06-18 09:16:31</sys_updated_on>
        <trigger_definition display_value="Daily">89142dc0c32222002841b63b12d3ae8a</trigger_definition>
        <trigger_inputs/>
        <trigger_outputs/>
        <trigger_type>daily</trigger_type>
    </sys_hub_trigger_instance>
    <sys_variable_value action="DELETE" query="document_key=a9d4719b87cb81103bdd4226dabb355e"/>
    <sys_variable_value action="DELETE">
        <document>sys_hub_trigger_instance</document>
        <document_key>a9d4719b87cb81103bdd4226dabb355e</document_key>
        <order>100</order>
        <sys_class_name>sys_variable_value</sys_class_name>
        <sys_created_by>akash.s</sys_created_by>
        <sys_created_on>2022-04-29 09:42:09</sys_created_on>
        <sys_id>25d4719b87cb81103bdd4226dabb355f</sys_id>
        <sys_mod_count>0</sys_mod_count>
        <sys_updated_by>akash.s</sys_updated_by>
        <sys_updated_on>2022-04-29 09:42:09</sys_updated_on>
        <value>1970-01-01 16:00:00</value>
        <variable display_value="Time">3ad4edc0c32222002841b63b12d3aee5</variable>
    </sys_variable_value>
    <sys_element_mapping action="DELETE" query="table=var__m_sys_hub_trigger_input_89142dc0c32222002841b63b12d3ae8a^id=a9d4719b87cb81103bdd4226dabb355e"/>
    <sys_hub_flow_stage action="DELETE" query="flow=0e34e072870341103bdd4226dabb350d"/>
    <sys_flow_cat_variable_model action="DELETE" query="id=0e34e072870341103bdd4226dabb350d^sys_idNOT IN4e34e072870341103bdd4226dabb350e"/>
    <sys_flow_cat_variable_model action="DELETE">
        <id>0e34e072870341103bdd4226dabb350d</id>
        <name>Testing Smartsheet action</name>
        <sys_created_by>akash.s</sys_created_by>
        <sys_created_on>2022-04-27 14:32:58</sys_created_on>
        <sys_id>4e34e072870341103bdd4226dabb350e</sys_id>
        <sys_mod_count>0</sys_mod_count>
        <sys_scope/>
        <sys_updated_by>akash.s</sys_updated_by>
        <sys_updated_on>2022-04-27 14:32:58</sys_updated_on>
    </sys_flow_cat_variable_model>
    <sys_flow_cat_variable action="DELETE" query="flow_catalog_model=4e34e072870341103bdd4226dabb350e"/>
    <sys_hub_flow_input action="DELETE" query="model=0e34e072870341103bdd4226dabb350d"/>
    <sys_hub_flow_output action="DELETE" query="model=0e34e072870341103bdd4226dabb350d"/>
    <sys_hub_alias_mapping action="DELETE" query="source_id=0e34e072870341103bdd4226dabb350d"/>
    <sys_hub_action_instance action="DELETE" query="flow=0e34e072870341103bdd4226dabb350d^sys_idNOT IN12886a5787001110ab1d0e94dabb359f,2d786a5787001110ab1d0e94dabb3556,86786a5787001110ab1d0e94dabb3599"/>
    <sys_hub_action_instance action="DELETE">
        <action_inputs/>
        <action_inputs/>
        <action_type display_value="Log">5bc1bcc6531003003bf1d9109ec587d4</action_type>
        <action_type_parent/>
        <comment/>
        <compiled_snapshot/>
        <display_text/>
        <flow display_value="Testing Smartsheet action">0e34e072870341103bdd4226dabb350d</flow>
        <order>3</order>
        <parent_ui_id>89bd92a1-a12b-4e0a-b411-08171a089bb2</parent_ui_id>
        <sys_class_name>sys_hub_action_instance</sys_class_name>
        <sys_created_by>akash.s</sys_created_by>
        <sys_created_on>2022-06-18 06:30:49</sys_created_on>
        <sys_id>12886a5787001110ab1d0e94dabb359f</sys_id>
        <sys_mod_count>4</sys_mod_count>
        <sys_scope display_value="Smartsheet Spoke">f719677374021010fa9bb5ebcba7e550</sys_scope>
        <sys_updated_by>akash.s</sys_updated_by>
        <sys_updated_on>2022-06-18 09:16:31</sys_updated_on>
        <ui_id>053bc734-8d27-4c2e-a4fe-09b138046bc7</ui_id>
    </sys_hub_action_instance>
    <sys_variable_value action="DELETE" query="document_key=12886a5787001110ab1d0e94dabb359f"/>
    <sys_element_mapping action="DELETE" query="id=12886a5787001110ab1d0e94dabb359f"/>
    <sys_element_mapping action="DELETE">
        <field>log_message</field>
        <id>12886a5787001110ab1d0e94dabb359f</id>
        <sys_created_by>akash.s</sys_created_by>
        <sys_created_on>2022-06-18 06:30:50</sys_created_on>
        <sys_id>96886a5787001110ab1d0e94dabb35a0</sys_id>
        <sys_mod_count>0</sys_mod_count>
        <sys_updated_by>akash.s</sys_updated_by>
        <sys_updated_on>2022-06-18 06:30:50</sys_updated_on>
        <table>var__m_sys_hub_action_input_5bc1bcc6531003003bf1d9109ec587d4</table>
        <value>{{89bd92a1-a12b-4e0a-b411-08171a089bb2.data}}</value>
    </sys_element_mapping>
    <sys_hub_input_scripts action="DELETE" query="instance=12886a5787001110ab1d0e94dabb359f"/>
    <sys_hub_alias_mapping action="DELETE" query="source_id=12886a5787001110ab1d0e94dabb359f"/>
    <sys_hub_action_instance action="DELETE">
        <action_inputs/>
        <action_type display_value="Look up Attachment by ID">358813838792c5104cbb42e5dabb3574</action_type>
        <action_type_parent/>
        <comment/>
        <compiled_snapshot/>
        <display_text/>
        <flow display_value="Testing Smartsheet action">0e34e072870341103bdd4226dabb350d</flow>
        <order>1</order>
        <parent_ui_id/>
        <sys_class_name>sys_hub_action_instance</sys_class_name>
        <sys_created_by>akash.s</sys_created_by>
        <sys_created_on>2022-06-18 06:30:30</sys_created_on>
        <sys_id>2d786a5787001110ab1d0e94dabb3556</sys_id>
        <sys_mod_count>4</sys_mod_count>
        <sys_scope display_value="Smartsheet Spoke">f719677374021010fa9bb5ebcba7e550</sys_scope>
        <sys_updated_by>akash.s</sys_updated_by>
        <sys_updated_on>2022-06-18 09:16:31</sys_updated_on>
        <ui_id>327326a4-a2db-4474-b2a5-7852aba40b74</ui_id>
    </sys_hub_action_instance>
    <sys_variable_value action="DELETE" query="document_key=2d786a5787001110ab1d0e94dabb3556"/>
    <sys_variable_value action="DELETE">
        <document>sys_hub_action_instance</document>
        <document_key>2d786a5787001110ab1d0e94dabb3556</document_key>
        <order>2</order>
        <sys_class_name>sys_variable_value</sys_class_name>
        <sys_created_by>akash.s</sys_created_by>
        <sys_created_on>2022-06-18 06:30:30</sys_created_on>
        <sys_id>35786a5787001110ab1d0e94dabb355a</sys_id>
        <sys_mod_count>0</sys_mod_count>
        <sys_updated_by>akash.s</sys_updated_by>
        <sys_updated_on>2022-06-18 06:30:30</sys_updated_on>
        <value>5103481195390852</value>
        <variable display_value="Attachment ID">c39813838792c5104cbb42e5dabb357f</variable>
    </sys_variable_value>
    <sys_variable_value action="DELETE">
        <document>sys_hub_action_instance</document>
        <document_key>2d786a5787001110ab1d0e94dabb3556</document_key>
        <order>1</order>
        <sys_class_name>sys_variable_value</sys_class_name>
        <sys_created_by>akash.s</sys_created_by>
        <sys_created_on>2022-06-18 06:30:30</sys_created_on>
        <sys_id>b9786a5787001110ab1d0e94dabb3559</sys_id>
        <sys_mod_count>0</sys_mod_count>
        <sys_updated_by>akash.s</sys_updated_by>
        <sys_updated_on>2022-06-18 06:30:30</sys_updated_on>
        <value>8857737724487556</value>
        <variable display_value="Sheet ID">369813838792c5104cbb42e5dabb3578</variable>
    </sys_variable_value>
    <sys_element_mapping action="DELETE" query="table=var__m_sys_hub_action_input_358813838792c5104cbb42e5dabb3574^id=2d786a5787001110ab1d0e94dabb3556"/>
    <sys_hub_input_scripts action="DELETE" query="instance=2d786a5787001110ab1d0e94dabb3556"/>
    <sys_hub_alias_mapping action="DELETE" query="source_id=2d786a5787001110ab1d0e94dabb3556"/>
    <sys_hub_action_instance action="DELETE">
        <action_inputs/>
        <action_inputs/>
        <action_type display_value="Look up All Columns Stream">c5a80ac7879e85104cbb42e5dabb35b8</action_type>
        <action_type_parent/>
        <comment/>
        <compiled_snapshot/>
        <display_text/>
        <flow display_value="Testing Smartsheet action">0e34e072870341103bdd4226dabb350d</flow>
        <order>2</order>
        <parent_ui_id/>
        <sys_class_name>sys_hub_action_instance</sys_class_name>
        <sys_created_by>akash.s</sys_created_by>
        <sys_created_on>2022-06-18 06:30:32</sys_created_on>
        <sys_id>86786a5787001110ab1d0e94dabb3599</sys_id>
        <sys_mod_count>4</sys_mod_count>
        <sys_scope display_value="Smartsheet Spoke">f719677374021010fa9bb5ebcba7e550</sys_scope>
        <sys_updated_by>akash.s</sys_updated_by>
        <sys_updated_on>2022-06-18 09:16:31</sys_updated_on>
        <ui_id>89bd92a1-a12b-4e0a-b411-08171a089bb2</ui_id>
    </sys_hub_action_instance>
    <sys_variable_value action="DELETE" query="document_key=86786a5787001110ab1d0e94dabb3599"/>
    <sys_variable_value action="DELETE">
        <document>sys_hub_action_instance</document>
        <document_key>86786a5787001110ab1d0e94dabb3599</document_key>
        <order>3</order>
        <sys_class_name>sys_variable_value</sys_class_name>
        <sys_created_by>akash.s</sys_created_by>
        <sys_created_on>2022-06-18 06:30:32</sys_created_on>
        <sys_id>c2786a5787001110ab1d0e94dabb359b</sys_id>
        <sys_mod_count>0</sys_mod_count>
        <sys_updated_by>akash.s</sys_updated_by>
        <sys_updated_on>2022-06-18 06:30:32</sys_updated_on>
        <value>10</value>
        <variable display_value="Page Size">e5b79bef87220d1005cf419d0ebb35dc</variable>
    </sys_variable_value>
    <sys_element_mapping action="DELETE" query="id=86786a5787001110ab1d0e94dabb3599"/>
    <sys_element_mapping action="DELETE">
        <field>id</field>
        <id>86786a5787001110ab1d0e94dabb3599</id>
        <sys_created_by>akash.s</sys_created_by>
        <sys_created_on>2022-06-18 06:30:32</sys_created_on>
        <sys_id>8e786a5787001110ab1d0e94dabb359a</sys_id>
        <sys_mod_count>0</sys_mod_count>
        <sys_updated_by>akash.s</sys_updated_by>
        <sys_updated_on>2022-06-18 06:30:32</sys_updated_on>
        <table>var__m_sys_hub_action_input_c5a80ac7879e85104cbb42e5dabb35b8</table>
        <value>{{327326a4-a2db-4474-b2a5-7852aba40b74.attachment_details.parentId}}</value>
    </sys_element_mapping>
    <sys_element_mapping action="DELETE">
        <field>page_size</field>
        <id>86786a5787001110ab1d0e94dabb3599</id>
        <sys_created_by>akash.s</sys_created_by>
        <sys_created_on>2022-06-18 06:30:32</sys_created_on>
        <sys_id>42786a5787001110ab1d0e94dabb359b</sys_id>
        <sys_mod_count>0</sys_mod_count>
        <sys_updated_by>akash.s</sys_updated_by>
        <sys_updated_on>2022-06-18 06:30:32</sys_updated_on>
        <table>var__m_sys_hub_action_input_c5a80ac7879e85104cbb42e5dabb35b8</table>
        <value/>
    </sys_element_mapping>
    <sys_hub_input_scripts action="DELETE" query="instance=86786a5787001110ab1d0e94dabb3599"/>
    <sys_hub_alias_mapping action="DELETE" query="source_id=86786a5787001110ab1d0e94dabb3599"/>
    <sys_hub_sub_flow_instance action="DELETE" query="flow=0e34e072870341103bdd4226dabb350d"/>
    <sys_hub_flow_logic action="DELETE" query="flow=0e34e072870341103bdd4226dabb350d"/>
    <sys_hub_pill_compound action="DELETE" query="attached_to=0e34e072870341103bdd4226dabb350d"/>
    <sys_hub_flow_variable action="DELETE" query="model=0e34e072870341103bdd4226dabb350d"/>
    <sys_documentation action="DELETE" query="name=var__m_sys_hub_flow_input_0e34e072870341103bdd4226dabb350d"/>
    <sys_choice action="DELETE" query="name=var__m_sys_hub_flow_input_0e34e072870341103bdd4226dabb350d"/>
    <sys_documentation action="DELETE" query="name=var__m_sys_hub_flow_output_0e34e072870341103bdd4226dabb350d"/>
    <sys_choice action="DELETE" query="name=var__m_sys_hub_flow_output_0e34e072870341103bdd4226dabb350d"/>
    <sys_flow_trigger_plan action="DELETE" query="plan_id=0e34e072870341103bdd4226dabb350d"/>
    <sys_flow_subflow_plan action="DELETE" query="plan_id=0e34e072870341103bdd4226dabb350d"/>
    <sys_update_version action="INSERT_OR_UPDATE">
        <action>DELETE</action>
        <application display_value="Smartsheet Spoke">f719677374021010fa9bb5ebcba7e550</application>
        <file_path/>
        <instance_id>f5b4ce77db7b0d9407072f17d496190d</instance_id>
        <instance_name>ajaytokyo2</instance_name>
        <name>sys_hub_flow_0e34e072870341103bdd4226dabb350d</name>
        <payload><![CDATA[<?xml version="1.0" encoding="UTF-8"?><record_update sys_domain="global" table="sys_hub_flow"><sys_hub_flow action="INSERT_OR_UPDATE"><access>public</access><acls/><active>false</active><annotation/><callable_by_client_api>false</callable_by_client_api><category/><compiler_build/><copied_from/><copied_from_name/><description/><internal_name>testing_smartsheet_action</internal_name><label_cache>[{"name":"327326a4-a2db-4474-b2a5-7852aba40b74.attachment_details.parentId","label":"1 - Look up Attachment by ID➛Attachment Details➛Parent ID","reference":"","reference_display":"","type":"number","base_type":"number","column_name":"","attributes":{}},{"name":"327326a4-a2db-4474-b2a5-7852aba40b74.attachment_details","label":"1 - Look up Attachment by ID➛Attachment Details","reference_display":"Attachment Details","type":"object","base_type":"object","attributes":{"sourceId":"07bd4510-5d67-4110-bfde-b3d2527c74de","uiTypeLabel":"Object","co_type_name":"FD20a893834f92c5104c74776f154c715e","element_mapping_provider":"com.glide.flow_design.action.data.FlowDesignVariableMapper","sourceType":"step","sourceUiUniqueId":"2335a02e-2285-4af7-9f10-0800db59c58d","uiType":"object","uiUniqueId":"81b3e452-beb7-417a-985e-be2ff611803d"}},{"name":"327326a4-a2db-4474-b2a5-7852aba40b74.__dont_treat_as_error__","label":"1 - Look up Attachment by ID➛Don\u0027t Treat as Error","reference_display":"Don\u0027t Treat as Error","type":"boolean","base_type":"boolean","attributes":{"uiTypeLabel":"True/False","element_mapping_provider":"com.glide.flow_design.action.data.FlowDesignVariableMapper","uiType":"boolean","visible_in_ui":"false","action_error_output":"true","uiUniqueId":"52fe1d3a-c166-4ccd-9790-e4df76505921"}},{"name":"327326a4-a2db-4474-b2a5-7852aba40b74.__action_status__","label":"1 - Look up Attachment by ID➛Action Status","reference_display":"Action Status","type":"object","base_type":"object","attributes":{"uiTypeLabel":"Object","co_type_name":"FDACTIONSTATUS","element_mapping_provider":"com.glide.flow_design.action.data.FlowDesignVariableMapper","uiType":"object","action_error_output":"true","uiUniqueId":"c23c958a-cbff-4ebe-8fd6-79091ee45a50"}},{"name":"053bc734-8d27-4c2e-a4fe-09b138046bc7.__dont_treat_as_error__","label":"3 - Log➛Don\u0027t Treat as Error","reference_display":"Don\u0027t Treat as Error","type":"boolean","base_type":"boolean","attributes":{"uiType":"boolean","visible_in_ui":"false","action_error_output":"true","element_mapping_provider":"com.glide.flow_design.action.data.FlowDesignVariableMapper"}},{"name":"053bc734-8d27-4c2e-a4fe-09b138046bc7.__action_status__","label":"3 - Log➛Action Status","reference_display":"Action Status","type":"object","base_type":"object","attributes":{"uiType":"object","co_type_name":"FDACTIONSTATUS","action_error_output":"true","element_mapping_provider":"com.glide.flow_design.action.data.FlowDesignVariableMapper"}},{"name":"89bd92a1-a12b-4e0a-b411-08171a089bb2.data","label":"2 - Look up All Columns Stream➛Data","reference_display":"Data","type":"object","base_type":"object","attributes":{"uiType":"object","uiTypeLabel":"Object","co_type_name":"FD03a84ac7fb9e8510213e2e1118de12b2","element_mapping_provider":"com.glide.flow_design.action.data.FlowDesignVariableMapper","uiUniqueId":"6270aad2-e982-454c-8e72-e836fffcdd97"}},{"name":"89bd92a1-a12b-4e0a-b411-08171a089bb2.ds_parsed_stream","label":"2 - Look up All Columns Stream➛ds_parsed_stream","reference_display":"ds_parsed_stream","type":"string","base_type":"string","attributes":{"uiType":"string","visible_in_fd":"false","uiTypeLabel":"String","element_mapping_provider":"com.glide.flow_design.action.data.FlowDesignVariableMapper"}},{"name":"89bd92a1-a12b-4e0a-b411-08171a089bb2.error_code","label":"2 - Look up All Columns Stream➛error_code","reference_display":"error_code","type":"string","base_type":"string","attributes":{"uiType":"string","visible_in_fd":"false","uiTypeLabel":"String","element_mapping_provider":"com.glide.flow_design.action.data.FlowDesignVariableMapper"}},{"name":"89bd92a1-a12b-4e0a-b411-08171a089bb2.status_code","label":"2 - Look up All Columns Stream➛status_code","reference_display":"status_code","type":"string","base_type":"string","attributes":{"uiType":"string","visible_in_fd":"false","uiTypeLabel":"String","element_mapping_provider":"com.glide.flow_design.action.data.FlowDesignVariableMapper"}},{"name":"89bd92a1-a12b-4e0a-b411-08171a089bb2.error_message","label":"2 - Look up All Columns Stream➛error_message","reference_display":"error_message","type":"string","base_type":"string","attributes":{"uiType":"string","visible_in_fd":"false","uiTypeLabel":"String","element_mapping_provider":"com.glide.flow_design.action.data.FlowDesignVariableMapper"}},{"name":"89bd92a1-a12b-4e0a-b411-08171a089bb2.response_headers","label":"2 - Look up All Columns Stream➛response_headers","reference_display":"response_headers","type":"string","base_type":"string","attributes":{"uiType":"string","visible_in_fd":"false","uiTypeLabel":"String","element_mapping_provider":"com.glide.flow_design.action.data.FlowDesignVariableMapper"}},{"name":"89bd92a1-a12b-4e0a-b411-08171a089bb2.ds_output_page_variables","label":"2 - Look up All Columns Stream➛ds_output_page_variables","reference_display":"ds_output_page_variables","type":"string","base_type":"string","attributes":{"uiType":"string","visible_in_fd":"false","uiTypeLabel":"String","element_mapping_provider":"com.glide.flow_design.action.data.FlowDesignVariableMapper"}},{"name":"89bd92a1-a12b-4e0a-b411-08171a089bb2.item","label":"2 - Look up All Columns Stream➛item","reference_display":"item","type":"string","base_type":"string","attributes":{"uiType":"string","visible_in_fd":"false","uiTypeLabel":"String","element_mapping_provider":"com.glide.flow_design.action.data.FlowDesignVariableMapper"}},{"name":"89bd92a1-a12b-4e0a-b411-08171a089bb2.ds_count","label":"2 - Look up All Columns Stream➛ds_count","reference_display":"ds_count","type":"integer","base_type":"integer","attributes":{"uiType":"integer","visible_in_fd":"false","uiTypeLabel":"Integer","element_mapping_provider":"com.glide.flow_design.action.data.FlowDesignVariableMapper"}},{"name":"89bd92a1-a12b-4e0a-b411-08171a089bb2.count","label":"2 - Look up All Columns Stream➛count","reference_display":"count","type":"integer","base_type":"integer","attributes":{"uiType":"integer","visible_in_fd":"false","uiTypeLabel":"Integer","element_mapping_provider":"com.glide.flow_design.action.data.FlowDesignVariableMapper"}},{"name":"89bd92a1-a12b-4e0a-b411-08171a089bb2.page_count","label":"2 - Look up All Columns Stream➛Page Count","reference_display":"Page Count","type":"integer","base_type":"integer","attributes":{"uiType":"integer","uiTypeLabel":"Integer","visible_in_ad":"false","element_mapping_provider":"com.glide.flow_design.action.data.FlowDesignVariableMapper"}},{"name":"89bd92a1-a12b-4e0a-b411-08171a089bb2.item_count","label":"2 - Look up All Columns Stream➛Item Count","reference_display":"Item Count","type":"integer","base_type":"integer","attributes":{"uiType":"integer","uiTypeLabel":"Integer","visible_in_ad":"false","element_mapping_provider":"com.glide.flow_design.action.data.FlowDesignVariableMapper"}},{"name":"32cf1d69-3129-44b7-b0a8-fa38d488e9f8.variable2.id","label":"3➛Sheet➛ID","reference":"","reference_display":"","type":"number","base_type":"number","column_name":"","attributes":{}},{"name":"32cf1d69-3129-44b7-b0a8-fa38d488e9f8.variable2","label":"3 - Look up Sheet by ID➛Sheet","reference_display":"Sheet","type":"object","base_type":"object","attributes":{"sourceId":"11229b0e-fa47-4a4f-85b7-d4f88739b9de","uiTypeLabel":"Object","co_type_name":"FD9a210828e5f90110a74092d511d9e149","element_mapping_provider":"com.glide.flow_design.action.data.FlowDesignVariableMapper","sourceType":"step","sourceUiUniqueId":"3dfe5450-34e0-41b7-9724-465c8613923a","uiType":"object","uiUniqueId":"321246a2-db65-4a24-b647-adf5837c2b9f"}},{"name":"32cf1d69-3129-44b7-b0a8-fa38d488e9f8.__dont_treat_as_error__","label":"3 - Look up Sheet by ID➛Don\u0027t Treat as Error","reference_display":"Don\u0027t Treat as Error","type":"boolean","base_type":"boolean","attributes":{"uiTypeLabel":"True/False","element_mapping_provider":"com.glide.flow_design.action.data.FlowDesignVariableMapper","uiType":"boolean","visible_in_ui":"false","action_error_output":"true","uiUniqueId":"815727b0-a08a-47a6-92b8-04d596321364"}},{"name":"32cf1d69-3129-44b7-b0a8-fa38d488e9f8.__action_status__","label":"3 - Look up Sheet by ID➛Action Status","reference_display":"Action Status","type":"object","base_type":"object","attributes":{"uiTypeLabel":"Object","co_type_name":"FDACTIONSTATUS","element_mapping_provider":"com.glide.flow_design.action.data.FlowDesignVariableMapper","uiType":"object","action_error_output":"true","uiUniqueId":"d5f9b22a-c1ff-420a-acf2-a82fffb59aad"}},{"name":"dfa63d47-d81c-4344-89cb-26513d4c7f9d.__dont_treat_as_error__","label":"3 - Log➛Don\u0027t Treat as Error","reference_display":"Don\u0027t Treat as Error","type":"boolean","base_type":"boolean","attributes":{"element_mapping_provider":"com.glide.flow_design.action.data.FlowDesignVariableMapper","uiType":"boolean","visible_in_ui":"false","action_error_output":"true"}},{"name":"dfa63d47-d81c-4344-89cb-26513d4c7f9d.__action_status__","label":"3 - Log➛Action Status","reference_display":"Action Status","type":"object","base_type":"object","attributes":{"co_type_name":"FDACTIONSTATUS","element_mapping_provider":"com.glide.flow_design.action.data.FlowDesignVariableMapper","uiType":"object","action_error_output":"true"}},{"name":"1d82a70f-f714-45be-a2f1-ccc5a22c6665.data","label":"2 - Look up All Attachments Stream➛Data","reference_display":"Data","type":"object","base_type":"object","attributes":{"uiTypeLabel":"Object","co_type_name":"FD8fe48a07909e8510e665b61b3cd5c591","element_mapping_provider":"com.glide.flow_design.action.data.FlowDesignVariableMapper","uiType":"object","uiUniqueId":"6270aad2-e982-454c-8e72-e836fffcdd97"}},{"name":"1d82a70f-f714-45be-a2f1-ccc5a22c6665.ds_parsed_stream","label":"2 - Look up All Attachments Stream➛ds_parsed_stream","reference_display":"ds_parsed_stream","type":"string","base_type":"string","attributes":{"visible_in_fd":"false","uiTypeLabel":"String","element_mapping_provider":"com.glide.flow_design.action.data.FlowDesignVariableMapper","uiType":"string"}},{"name":"1d82a70f-f714-45be-a2f1-ccc5a22c6665.error_code","label":"2 - Look up All Attachments Stream➛error_code","reference_display":"error_code","type":"string","base_type":"string","attributes":{"visible_in_fd":"false","uiTypeLabel":"String","element_mapping_provider":"com.glide.flow_design.action.data.FlowDesignVariableMapper","uiType":"string"}},{"name":"1d82a70f-f714-45be-a2f1-ccc5a22c6665.status_code","label":"2 - Look up All Attachments Stream➛status_code","reference_display":"status_code","type":"string","base_type":"string","attributes":{"visible_in_fd":"false","uiTypeLabel":"String","element_mapping_provider":"com.glide.flow_design.action.data.FlowDesignVariableMapper","uiType":"string"}},{"name":"1d82a70f-f714-45be-a2f1-ccc5a22c6665.error_message","label":"2 - Look up All Attachments Stream➛error_message","reference_display":"error_message","type":"string","base_type":"string","attributes":{"visible_in_fd":"false","uiTypeLabel":"String","element_mapping_provider":"com.glide.flow_design.action.data.FlowDesignVariableMapper","uiType":"string"}},{"name":"1d82a70f-f714-45be-a2f1-ccc5a22c6665.response_headers","label":"2 - Look up All Attachments Stream➛response_headers","reference_display":"response_headers","type":"string","base_type":"string","attributes":{"visible_in_fd":"false","uiTypeLabel":"String","element_mapping_provider":"com.glide.flow_design.action.data.FlowDesignVariableMapper","uiType":"string"}},{"name":"1d82a70f-f714-45be-a2f1-ccc5a22c6665.ds_output_page_variables","label":"2 - Look up All Attachments Stream➛ds_output_page_variables","reference_display":"ds_output_page_variables","type":"string","base_type":"string","attributes":{"visible_in_fd":"false","uiTypeLabel":"String","element_mapping_provider":"com.glide.flow_design.action.data.FlowDesignVariableMapper","uiType":"string"}},{"name":"1d82a70f-f714-45be-a2f1-ccc5a22c6665.item","label":"2 - Look up All Attachments Stream➛item","reference_display":"item","type":"string","base_type":"string","attributes":{"visible_in_fd":"false","uiTypeLabel":"String","element_mapping_provider":"com.glide.flow_design.action.data.FlowDesignVariableMapper","uiType":"string"}},{"name":"1d82a70f-f714-45be-a2f1-ccc5a22c6665.ds_count","label":"2 - Look up All Attachments Stream➛ds_count","reference_display":"ds_count","type":"integer","base_type":"integer","attributes":{"visible_in_fd":"false","uiTypeLabel":"Integer","element_mapping_provider":"com.glide.flow_design.action.data.FlowDesignVariableMapper","uiType":"integer"}},{"name":"1d82a70f-f714-45be-a2f1-ccc5a22c6665.count","label":"2 - Look up All Attachments Stream➛count","reference_display":"count","type":"integer","base_type":"integer","attributes":{"visible_in_fd":"false","uiTypeLabel":"Integer","element_mapping_provider":"com.glide.flow_design.action.data.FlowDesignVariableMapper","uiType":"integer"}},{"name":"1d82a70f-f714-45be-a2f1-ccc5a22c6665.page_count","label":"2 - Look up All Attachments Stream➛Page Count","reference_display":"Page Count","type":"integer","base_type":"integer","attributes":{"uiTypeLabel":"Integer","element_mapping_provider":"com.glide.flow_design.action.data.FlowDesignVariableMapper","uiType":"integer","visible_in_ad":"false"}},{"name":"1d82a70f-f714-45be-a2f1-ccc5a22c6665.item_count","label":"2 - Look up All Attachments Stream➛Item Count","reference_display":"Item Count","type":"integer","base_type":"integer","attributes":{"uiTypeLabel":"Integer","element_mapping_provider":"com.glide.flow_design.action.data.FlowDesignVariableMapper","uiType":"integer","visible_in_ad":"false"}},{"name":"2fd42558-04a6-46c5-93ad-eae3cf7230f0.__dont_treat_as_error__","label":"4 - Log➛Don\u0027t Treat as Error","reference_display":"Don\u0027t Treat as Error","type":"boolean","base_type":"boolean","attributes":{"element_mapping_provider":"com.glide.flow_design.action.data.FlowDesignVariableMapper","uiType":"boolean","visible_in_ui":"false","action_error_output":"true"}},{"name":"2fd42558-04a6-46c5-93ad-eae3cf7230f0.__action_status__","label":"4 - Log➛Action Status","reference_display":"Action Status","type":"object","base_type":"object","attributes":{"co_type_name":"FDACTIONSTATUS","element_mapping_provider":"com.glide.flow_design.action.data.FlowDesignVariableMapper","uiType":"object","action_error_output":"true"}},{"name":"39204bc1-638e-4a1e-ae11-abe4fe74a7b9.ds_parsed_stream","label":"3 - Look up All Sheets Stream➛ds_parsed_stream","reference_display":"ds_parsed_stream","type":"string","base_type":"string","attributes":{"visible_in_fd":"false","uiTypeLabel":"String","element_mapping_provider":"com.glide.flow_design.action.data.FlowDesignVariableMapper","uiType":"string"}},{"name":"39204bc1-638e-4a1e-ae11-abe4fe74a7b9.error_code","label":"3 - Look up All Sheets Stream➛error_code","reference_display":"error_code","type":"string","base_type":"string","attributes":{"visible_in_fd":"false","uiTypeLabel":"String","element_mapping_provider":"com.glide.flow_design.action.data.FlowDesignVariableMapper","uiType":"string"}},{"name":"39204bc1-638e-4a1e-ae11-abe4fe74a7b9.status_code","label":"3 - Look up All Sheets Stream➛status_code","reference_display":"status_code","type":"string","base_type":"string","attributes":{"visible_in_fd":"false","uiTypeLabel":"String","element_mapping_provider":"com.glide.flow_design.action.data.FlowDesignVariableMapper","uiType":"string"}},{"name":"39204bc1-638e-4a1e-ae11-abe4fe74a7b9.error_message","label":"3 - Look up All Sheets Stream➛error_message","reference_display":"error_message","type":"string","base_type":"string","attributes":{"visible_in_fd":"false","uiTypeLabel":"String","element_mapping_provider":"com.glide.flow_design.action.data.FlowDesignVariableMapper","uiType":"string"}},{"name":"39204bc1-638e-4a1e-ae11-abe4fe74a7b9.response_headers","label":"3 - Look up All Sheets Stream➛response_headers","reference_display":"response_headers","type":"string","base_type":"string","attributes":{"visible_in_fd":"false","uiTypeLabel":"String","element_mapping_provider":"com.glide.flow_design.action.data.FlowDesignVariableMapper","uiType":"string"}},{"name":"39204bc1-638e-4a1e-ae11-abe4fe74a7b9.ds_output_page_variables","label":"3 - Look up All Sheets Stream➛ds_output_page_variables","reference_display":"ds_output_page_variables","type":"string","base_type":"string","attributes":{"visible_in_fd":"false","uiTypeLabel":"String","element_mapping_provider":"com.glide.flow_design.action.data.FlowDesignVariableMapper","uiType":"string"}},{"name":"39204bc1-638e-4a1e-ae11-abe4fe74a7b9.item","label":"3 - Look up All Sheets Stream➛item","reference_display":"item","type":"string","base_type":"string","attributes":{"visible_in_fd":"false","uiTypeLabel":"String","element_mapping_provider":"com.glide.flow_design.action.data.FlowDesignVariableMapper","uiType":"string"}},{"name":"39204bc1-638e-4a1e-ae11-abe4fe74a7b9.ds_count","label":"3 - Look up All Sheets Stream➛ds_count","reference_display":"ds_count","type":"integer","base_type":"integer","attributes":{"visible_in_fd":"false","uiTypeLabel":"Integer","element_mapping_provider":"com.glide.flow_design.action.data.FlowDesignVariableMapper","uiType":"integer"}},{"name":"39204bc1-638e-4a1e-ae11-abe4fe74a7b9.count","label":"3 - Look up All Sheets Stream➛count","reference_display":"count","type":"integer","base_type":"integer","attributes":{"visible_in_fd":"false","uiTypeLabel":"Integer","element_mapping_provider":"com.glide.flow_design.action.data.FlowDesignVariableMapper","uiType":"integer"}},{"name":"39204bc1-638e-4a1e-ae11-abe4fe74a7b9.page_count","label":"3 - Look up All Sheets Stream➛Page Count","reference_display":"Page Count","type":"integer","base_type":"integer","attributes":{"uiTypeLabel":"Integer","element_mapping_provider":"com.glide.flow_design.action.data.FlowDesignVariableMapper","uiType":"integer","visible_in_ad":"false"}},{"name":"39204bc1-638e-4a1e-ae11-abe4fe74a7b9.item_count","label":"3 - Look up All Sheets Stream➛Item Count","reference_display":"Item Count","type":"integer","base_type":"integer","attributes":{"uiTypeLabel":"Integer","element_mapping_provider":"com.glide.flow_design.action.data.FlowDesignVariableMapper","uiType":"integer","visible_in_ad":"false"}},{"name":"39204bc1-638e-4a1e-ae11-abe4fe74a7b9.output","label":"3 - Look up All Sheets Stream➛Sheet Details","reference_display":"Sheet Details","type":"object","base_type":"object","attributes":{"uiTypeLabel":"Object","co_type_name":"FDf960c8e456f90110856bf31172dcc74c","element_mapping_provider":"com.glide.flow_design.action.data.FlowDesignVariableMapper","uiType":"object","uiUniqueId":"683cd2e8-9e72-4b7d-b804-9bf36b073b3c"}},{"name":"c30983ca-6ec3-49e0-9570-5f85a71c6621.details.id","label":"2 - Update Sheet➛Details➛ID","reference":"","reference_display":"","type":"number","base_type":"number","column_name":"","attributes":{}},{"name":"91a2794c-35f6-408f-934a-c69ad74844e3.variable2","label":"2 - Look up Sheet by ID➛Sheet","reference_display":"Sheet","type":"object","base_type":"object","attributes":{"sourceId":"11229b0e-fa47-4a4f-85b7-d4f88739b9de","uiTypeLabel":"Object","co_type_name":"FD9a210828e5f90110a74092d511d9e149","element_mapping_provider":"com.glide.flow_design.action.data.FlowDesignVariableMapper","sourceType":"step","sourceUiUniqueId":"3dfe5450-34e0-41b7-9724-465c8613923a","uiType":"object","uiUniqueId":"321246a2-db65-4a24-b647-adf5837c2b9f"}},{"name":"91a2794c-35f6-408f-934a-c69ad74844e3.__dont_treat_as_error__","label":"2 - Look up Sheet by ID➛Don\u0027t Treat as Error","reference_display":"Don\u0027t Treat as Error","type":"boolean","base_type":"boolean","attributes":{"uiTypeLabel":"True/False","element_mapping_provider":"com.glide.flow_design.action.data.FlowDesignVariableMapper","uiType":"boolean","visible_in_ui":"false","action_error_output":"true","uiUniqueId":"815727b0-a08a-47a6-92b8-04d596321364"}},{"name":"91a2794c-35f6-408f-934a-c69ad74844e3.__action_status__","label":"2 - Look up Sheet by ID➛Action Status","reference_display":"Action Status","type":"object","base_type":"object","attributes":{"uiTypeLabel":"Object","co_type_name":"FDACTIONSTATUS","element_mapping_provider":"com.glide.flow_design.action.data.FlowDesignVariableMapper","uiType":"object","action_error_output":"true","uiUniqueId":"d5f9b22a-c1ff-420a-acf2-a82fffb59aad"}},{"name":"a6796aad-a61a-4dae-bc43-6331f997f855.sheet_details.id","label":"1 - Create Sheet➛Sheet Details➛ID","reference":"","reference_display":"","type":"string","base_type":"string","column_name":"","attributes":{}},{"name":"c30983ca-6ec3-49e0-9570-5f85a71c6621.details","label":"2 - Update Sheet➛Details","reference_display":"Details","type":"object","base_type":"object","attributes":{"sourceId":"07bd4510-5d67-4110-bfde-b3d2527c74de","uiTypeLabel":"Object","co_type_name":"FDfe7a00a0993d01100c006c65885f803b","element_mapping_provider":"com.glide.flow_design.action.data.FlowDesignVariableMapper","sourceType":"step","sourceUiUniqueId":"81f68b57-5c53-4ecf-ab2a-4199d6e533de","pwd2droppable":"true","uiType":"object","uiUniqueId":"60c636e3-ce83-443e-b1d5-340a55dbcd4d"}},{"name":"c30983ca-6ec3-49e0-9570-5f85a71c6621.__dont_treat_as_error__","label":"2 - Update Sheet➛Don\u0027t Treat as Error","reference_display":"Don\u0027t Treat as Error","type":"boolean","base_type":"boolean","attributes":{"uiTypeLabel":"True/False","element_mapping_provider":"com.glide.flow_design.action.data.FlowDesignVariableMapper","uiType":"boolean","visible_in_ui":"false","action_error_output":"true","uiUniqueId":"833711f4-5905-4a0e-a6ad-f0b746600e51"}},{"name":"c30983ca-6ec3-49e0-9570-5f85a71c6621.__action_status__","label":"2 - Update Sheet➛Action Status","reference_display":"Action Status","type":"object","base_type":"object","attributes":{"uiTypeLabel":"Object","co_type_name":"FDACTIONSTATUS","element_mapping_provider":"com.glide.flow_design.action.data.FlowDesignVariableMapper","uiType":"object","action_error_output":"true","uiUniqueId":"a20b150e-7e15-4d4b-a338-03f1f198ab21"}},{"name":"a6796aad-a61a-4dae-bc43-6331f997f855.sheet_details","label":"1 - Create Sheet➛Sheet Details","reference_display":"Sheet Details","type":"object","base_type":"object","attributes":{"sourceId":"542253e6-3fce-4b7a-ad6a-875acf5ec2cd","uiTypeLabel":"Object","co_type_name":"FDdf9600ac43f901106407a8f947dad97a","element_mapping_provider":"com.glide.flow_design.action.data.FlowDesignVariableMapper","sourceType":"step","sourceUiUniqueId":"c356de94-4cbd-4291-994d-1318f51f3e3a","pwd2droppable":"true","uiType":"object","uiUniqueId":"5aedc29e-1d09-4641-91a3-9004fd997a6b"}},{"name":"a6796aad-a61a-4dae-bc43-6331f997f855.__dont_treat_as_error__","label":"1 - Create Sheet➛Don\u0027t Treat as Error","reference_display":"Don\u0027t Treat as Error","type":"boolean","base_type":"boolean","attributes":{"uiTypeLabel":"True/False","element_mapping_provider":"com.glide.flow_design.action.data.FlowDesignVariableMapper","uiType":"boolean","visible_in_ui":"false","action_error_output":"true","uiUniqueId":"db63e74d-723e-4c96-9b13-2162c82cf0a2"}},{"name":"a6796aad-a61a-4dae-bc43-6331f997f855.__action_status__","label":"1 - Create Sheet➛Action Status","reference_display":"Action Status","type":"object","base_type":"object","attributes":{"uiTypeLabel":"Object","co_type_name":"FDACTIONSTATUS","element_mapping_provider":"com.glide.flow_design.action.data.FlowDesignVariableMapper","uiType":"object","action_error_output":"true","uiUniqueId":"35ffbc3b-8c85-4837-9a6f-bf4e57500e1e"}},{"name":"4bac4a03-da59-4a97-ab92-f8c7c9a09595.details","label":"1 - Create Row➛Details","reference_display":"Details","type":"array.object","base_type":"array.object","attributes":{"sourceId":"07bd4510-5d67-4110-bfde-b3d2527c74de","pwd2droppable":"true","child_name":"detail","uiUniqueId":"8c8c40e9-0ab0-4c86-a81b-2fa325999ca3","uiTypeLabel":"Array.Object","co_type_name":"FD2909e49913ef01503d6ba28fc6de32e7","child_label":"detail","child_type_label":"Object","element_mapping_provider":"com.glide.flow_design.action.data.FlowDesignVariableMapper","sourceType":"step","sourceUiUniqueId":"06c1cbb5-b6c8-43cf-86f9-4c67a166d483","uiType":"array.object","child_type":"object","child_uiUniqueId":"0a13d417-a550-440b-ad2f-7fb9ea9cd765"}},{"name":"4bac4a03-da59-4a97-ab92-f8c7c9a09595.__dont_treat_as_error__","label":"1 - Create Row➛Don\u0027t Treat as Error","reference_display":"Don\u0027t Treat as Error","type":"boolean","base_type":"boolean","attributes":{"uiTypeLabel":"True/False","element_mapping_provider":"com.glide.flow_design.action.data.FlowDesignVariableMapper","uiType":"boolean","visible_in_ui":"false","action_error_output":"true","uiUniqueId":"bcbc0ceb-401c-4d4a-84c2-1d7e24116afc"}},{"name":"4bac4a03-da59-4a97-ab92-f8c7c9a09595.__action_status__","label":"1 - Create Row➛Action Status","reference_display":"Action Status","type":"object","base_type":"object","attributes":{"uiTypeLabel":"Object","co_type_name":"FDACTIONSTATUS","element_mapping_provider":"com.glide.flow_design.action.data.FlowDesignVariableMapper","uiType":"object","action_error_output":"true","uiUniqueId":"9fb29652-3224-4052-bc9a-a7f9e9164e18"}}]</label_cache><latest_snapshot/><master_snapshot/><name>Testing Smartsheet action</name><natlang/><outputs/><remote_trigger_id/><run_as>system</run_as><run_with_roles/><sc_callable>false</sc_callable><show_draft_actions>false</show_draft_actions><show_triggered_flows>false</show_triggered_flows><status>draft</status><sys_class_name>sys_hub_flow</sys_class_name><sys_created_by>akash.s</sys_created_by><sys_created_on>2022-04-27 14:32:58</sys_created_on><sys_domain>global</sys_domain><sys_domain_path>/</sys_domain_path><sys_id>0e34e072870341103bdd4226dabb350d</sys_id><sys_mod_count>2</sys_mod_count><sys_name>Testing Smartsheet action</sys_name><sys_overrides/><sys_package display_value="Smartsheet Spoke" source="sn_smrtsheet_spoke">f719677374021010fa9bb5ebcba7e550</sys_package><sys_policy/><sys_scope display_value="Smartsheet Spoke">f719677374021010fa9bb5ebcba7e550</sys_scope><sys_update_name>sys_hub_flow_0e34e072870341103bdd4226dabb350d</sys_update_name><sys_updated_by>akash.s</sys_updated_by><sys_updated_on>2022-06-18 09:16:32</sys_updated_on><type>flow</type></sys_hub_flow><sys_translated_text action="delete_multiple" query="documentkey=0e34e072870341103bdd4226dabb350d"/><sys_variable_value action="delete_multiple" query="document_key=0e34e072870341103bdd4226dabb350d"/><sys_hub_trigger_instance action="delete_multiple" query="flow=0e34e072870341103bdd4226dabb350d^sys_idNOT INa9d4719b87cb81103bdd4226dabb355e"/><sys_hub_trigger_instance action="INSERT_OR_UPDATE"><comment/><display_text/><flow display_value="Testing Smartsheet action">0e34e072870341103bdd4226dabb350d</flow><name>Daily</name><remote_sys_id/><sys_created_by>akash.s</sys_created_by><sys_created_on>2022-04-29 09:42:09</sys_created_on><sys_id>a9d4719b87cb81103bdd4226dabb355e</sys_id><sys_mod_count>4</sys_mod_count><sys_scope/><sys_updated_by>akash.s</sys_updated_by><sys_updated_on>2022-06-18 09:16:31</sys_updated_on><trigger_definition display_value="Daily">89142dc0c32222002841b63b12d3ae8a</trigger_definition><trigger_inputs/><trigger_outputs/><trigger_type>daily</trigger_type></sys_hub_trigger_instance><sys_variable_value action="delete_multiple" query="document_key=a9d4719b87cb81103bdd4226dabb355e"/><sys_variable_value action="INSERT_OR_UPDATE"><document>sys_hub_trigger_instance</document><document_key>a9d4719b87cb81103bdd4226dabb355e</document_key><order>100</order><sys_class_name>sys_variable_value</sys_class_name><sys_created_by>akash.s</sys_created_by><sys_created_on>2022-04-29 09:42:09</sys_created_on><sys_id>25d4719b87cb81103bdd4226dabb355f</sys_id><sys_mod_count>0</sys_mod_count><sys_updated_by>akash.s</sys_updated_by><sys_updated_on>2022-04-29 09:42:09</sys_updated_on><value>1970-01-01 16:00:00</value><variable display_value="Time">3ad4edc0c32222002841b63b12d3aee5</variable></sys_variable_value><sys_element_mapping action="delete_multiple" query="table=var__m_sys_hub_trigger_input_89142dc0c32222002841b63b12d3ae8a^id=a9d4719b87cb81103bdd4226dabb355e"/><sys_hub_flow_stage action="delete_multiple" query="flow=0e34e072870341103bdd4226dabb350d"/><sys_flow_cat_variable_model action="delete_multiple" query="id=0e34e072870341103bdd4226dabb350d^sys_idNOT IN4e34e072870341103bdd4226dabb350e"/><sys_flow_cat_variable_model action="INSERT_OR_UPDATE"><id>0e34e072870341103bdd4226dabb350d</id><name>Testing Smartsheet action</name><sys_created_by>akash.s</sys_created_by><sys_created_on>2022-04-27 14:32:58</sys_created_on><sys_id>4e34e072870341103bdd4226dabb350e</sys_id><sys_mod_count>0</sys_mod_count><sys_scope/><sys_updated_by>akash.s</sys_updated_by><sys_updated_on>2022-04-27 14:32:58</sys_updated_on></sys_flow_cat_variable_model><sys_flow_cat_variable action="delete_multiple" query="flow_catalog_model=4e34e072870341103bdd4226dabb350e"/><sys_hub_flow_input action="delete_multiple" query="model=0e34e072870341103bdd4226dabb350d"/><sys_hub_flow_output action="delete_multiple" query="model=0e34e072870341103bdd4226dabb350d"/><sys_hub_alias_mapping action="delete_multiple" query="source_id=0e34e072870341103bdd4226dabb350d"/><sys_hub_action_instance action="delete_multiple" query="flow=0e34e072870341103bdd4226dabb350d^sys_idNOT IN12886a5787001110ab1d0e94dabb359f,2d786a5787001110ab1d0e94dabb3556,86786a5787001110ab1d0e94dabb3599"/><sys_hub_action_instance action="INSERT_OR_UPDATE"><action_inputs/><action_inputs/><action_type display_value="Log">5bc1bcc6531003003bf1d9109ec587d4</action_type><action_type_parent/><comment/><compiled_snapshot/><display_text/><flow display_value="Testing Smartsheet action">0e34e072870341103bdd4226dabb350d</flow><order>3</order><parent_ui_id>89bd92a1-a12b-4e0a-b411-08171a089bb2</parent_ui_id><sys_class_name>sys_hub_action_instance</sys_class_name><sys_created_by>akash.s</sys_created_by><sys_created_on>2022-06-18 06:30:49</sys_created_on><sys_id>12886a5787001110ab1d0e94dabb359f</sys_id><sys_mod_count>4</sys_mod_count><sys_scope display_value="Smartsheet Spoke">f719677374021010fa9bb5ebcba7e550</sys_scope><sys_updated_by>akash.s</sys_updated_by><sys_updated_on>2022-06-18 09:16:31</sys_updated_on><ui_id>053bc734-8d27-4c2e-a4fe-09b138046bc7</ui_id></sys_hub_action_instance><sys_variable_value action="delete_multiple" query="document_key=12886a5787001110ab1d0e94dabb359f"/><sys_element_mapping action="delete_multiple" query="id=12886a5787001110ab1d0e94dabb359f"/><sys_element_mapping action="INSERT_OR_UPDATE"><field>log_message</field><id>12886a5787001110ab1d0e94dabb359f</id><sys_created_by>akash.s</sys_created_by><sys_created_on>2022-06-18 06:30:50</sys_created_on><sys_id>96886a5787001110ab1d0e94dabb35a0</sys_id><sys_mod_count>0</sys_mod_count><sys_updated_by>akash.s</sys_updated_by><sys_updated_on>2022-06-18 06:30:50</sys_updated_on><table>var__m_sys_hub_action_input_5bc1bcc6531003003bf1d9109ec587d4</table><value>{{89bd92a1-a12b-4e0a-b411-08171a089bb2.data}}</value></sys_element_mapping><sys_hub_input_scripts action="delete_multiple" query="instance=12886a5787001110ab1d0e94dabb359f"/><sys_hub_alias_mapping action="delete_multiple" query="source_id=12886a5787001110ab1d0e94dabb359f"/><sys_hub_action_instance action="INSERT_OR_UPDATE"><action_inputs/><action_type display_value="Look up Attachment by ID">358813838792c5104cbb42e5dabb3574</action_type><action_type_parent/><comment/><compiled_snapshot/><display_text/><flow display_value="Testing Smartsheet action">0e34e072870341103bdd4226dabb350d</flow><order>1</order><parent_ui_id/><sys_class_name>sys_hub_action_instance</sys_class_name><sys_created_by>akash.s</sys_created_by><sys_created_on>2022-06-18 06:30:30</sys_created_on><sys_id>2d786a5787001110ab1d0e94dabb3556</sys_id><sys_mod_count>4</sys_mod_count><sys_scope display_value="Smartsheet Spoke">f719677374021010fa9bb5ebcba7e550</sys_scope><sys_updated_by>akash.s</sys_updated_by><sys_updated_on>2022-06-18 09:16:31</sys_updated_on><ui_id>327326a4-a2db-4474-b2a5-7852aba40b74</ui_id></sys_hub_action_instance><sys_variable_value action="delete_multiple" query="document_key=2d786a5787001110ab1d0e94dabb3556"/><sys_variable_value action="INSERT_OR_UPDATE"><document>sys_hub_action_instance</document><document_key>2d786a5787001110ab1d0e94dabb3556</document_key><order>2</order><sys_class_name>sys_variable_value</sys_class_name><sys_created_by>akash.s</sys_created_by><sys_created_on>2022-06-18 06:30:30</sys_created_on><sys_id>35786a5787001110ab1d0e94dabb355a</sys_id><sys_mod_count>0</sys_mod_count><sys_updated_by>akash.s</sys_updated_by><sys_updated_on>2022-06-18 06:30:30</sys_updated_on><value>5103481195390852</value><variable display_value="Attachment ID">c39813838792c5104cbb42e5dabb357f</variable></sys_variable_value><sys_variable_value action="INSERT_OR_UPDATE"><document>sys_hub_action_instance</document><document_key>2d786a5787001110ab1d0e94dabb3556</document_key><order>1</order><sys_class_name>sys_variable_value</sys_class_name><sys_created_by>akash.s</sys_created_by><sys_created_on>2022-06-18 06:30:30</sys_created_on><sys_id>b9786a5787001110ab1d0e94dabb3559</sys_id><sys_mod_count>0</sys_mod_count><sys_updated_by>akash.s</sys_updated_by><sys_updated_on>2022-06-18 06:30:30</sys_updated_on><value>8857737724487556</value><variable display_value="Sheet ID">369813838792c5104cbb42e5dabb3578</variable></sys_variable_value><sys_element_mapping action="delete_multiple" query="table=var__m_sys_hub_action_input_358813838792c5104cbb42e5dabb3574^id=2d786a5787001110ab1d0e94dabb3556"/><sys_hub_input_scripts action="delete_multiple" query="instance=2d786a5787001110ab1d0e94dabb3556"/><sys_hub_alias_mapping action="delete_multiple" query="source_id=2d786a5787001110ab1d0e94dabb3556"/><sys_hub_action_instance action="INSERT_OR_UPDATE"><action_inputs/><action_inputs/><action_type display_value="Look up All Columns Stream">c5a80ac7879e85104cbb42e5dabb35b8</action_type><action_type_parent/><comment/><compiled_snapshot/><display_text/><flow display_value="Testing Smartsheet action">0e34e072870341103bdd4226dabb350d</flow><order>2</order><parent_ui_id/><sys_class_name>sys_hub_action_instance</sys_class_name><sys_created_by>akash.s</sys_created_by><sys_created_on>2022-06-18 06:30:32</sys_created_on><sys_id>86786a5787001110ab1d0e94dabb3599</sys_id><sys_mod_count>4</sys_mod_count><sys_scope display_value="Smartsheet Spoke">f719677374021010fa9bb5ebcba7e550</sys_scope><sys_updated_by>akash.s</sys_updated_by><sys_updated_on>2022-06-18 09:16:31</sys_updated_on><ui_id>89bd92a1-a12b-4e0a-b411-08171a089bb2</ui_id></sys_hub_action_instance><sys_variable_value action="delete_multiple" query="document_key=86786a5787001110ab1d0e94dabb3599"/><sys_variable_value action="INSERT_OR_UPDATE"><document>sys_hub_action_instance</document><document_key>86786a5787001110ab1d0e94dabb3599</document_key><order>3</order><sys_class_name>sys_variable_value</sys_class_name><sys_created_by>akash.s</sys_created_by><sys_created_on>2022-06-18 06:30:32</sys_created_on><sys_id>c2786a5787001110ab1d0e94dabb359b</sys_id><sys_mod_count>0</sys_mod_count><sys_updated_by>akash.s</sys_updated_by><sys_updated_on>2022-06-18 06:30:32</sys_updated_on><value>10</value><variable display_value="Page Size">e5b79bef87220d1005cf419d0ebb35dc</variable></sys_variable_value><sys_element_mapping action="delete_multiple" query="id=86786a5787001110ab1d0e94dabb3599"/><sys_element_mapping action="INSERT_OR_UPDATE"><field>id</field><id>86786a5787001110ab1d0e94dabb3599</id><sys_created_by>akash.s</sys_created_by><sys_created_on>2022-06-18 06:30:32</sys_created_on><sys_id>8e786a5787001110ab1d0e94dabb359a</sys_id><sys_mod_count>0</sys_mod_count><sys_updated_by>akash.s</sys_updated_by><sys_updated_on>2022-06-18 06:30:32</sys_updated_on><table>var__m_sys_hub_action_input_c5a80ac7879e85104cbb42e5dabb35b8</table><value>{{327326a4-a2db-4474-b2a5-7852aba40b74.attachment_details.parentId}}</value></sys_element_mapping><sys_element_mapping action="INSERT_OR_UPDATE"><field>page_size</field><id>86786a5787001110ab1d0e94dabb3599</id><sys_created_by>akash.s</sys_created_by><sys_created_on>2022-06-18 06:30:32</sys_created_on><sys_id>42786a5787001110ab1d0e94dabb359b</sys_id><sys_mod_count>0</sys_mod_count><sys_updated_by>akash.s</sys_updated_by><sys_updated_on>2022-06-18 06:30:32</sys_updated_on><table>var__m_sys_hub_action_input_c5a80ac7879e85104cbb42e5dabb35b8</table><value/></sys_element_mapping><sys_hub_input_scripts action="delete_multiple" query="instance=86786a5787001110ab1d0e94dabb3599"/><sys_hub_alias_mapping action="delete_multiple" query="source_id=86786a5787001110ab1d0e94dabb3599"/><sys_hub_sub_flow_instance action="delete_multiple" query="flow=0e34e072870341103bdd4226dabb350d"/><sys_hub_flow_logic action="delete_multiple" query="flow=0e34e072870341103bdd4226dabb350d"/><sys_hub_pill_compound action="delete_multiple" query="attached_to=0e34e072870341103bdd4226dabb350d"/><sys_hub_flow_variable action="delete_multiple" query="model=0e34e072870341103bdd4226dabb350d"/><sys_documentation action="delete_multiple" query="name=var__m_sys_hub_flow_input_0e34e072870341103bdd4226dabb350d"/><sys_choice action="delete_multiple" query="name=var__m_sys_hub_flow_input_0e34e072870341103bdd4226dabb350d"/><sys_documentation action="delete_multiple" query="name=var__m_sys_hub_flow_output_0e34e072870341103bdd4226dabb350d"/><sys_choice action="delete_multiple" query="name=var__m_sys_hub_flow_output_0e34e072870341103bdd4226dabb350d"/><sys_flow_trigger_plan action="delete_multiple" query="plan_id=0e34e072870341103bdd4226dabb350d"/><sys_flow_subflow_plan action="delete_multiple" query="plan_id=0e34e072870341103bdd4226dabb350d"/></record_update>]]></payload>
        <payload_hash>1771572838</payload_hash>
        <record_name>Testing Smartsheet action</record_name>
        <reverted_from/>
        <source>255a55ff474c1110395052a5d36d4301</source>
        <source_table>sys_update_set</source_table>
        <state>previous</state>
        <sys_created_by>rahul.tadisetti@snc</sys_created_by>
        <sys_created_on>2022-06-19 14:14:09</sys_created_on>
        <sys_id>9b2cd937478c1110395052a5d36d43d1</sys_id>
        <sys_mod_count>0</sys_mod_count>
        <sys_recorded_at>1817c5058c60000001</sys_recorded_at>
        <sys_updated_by>rahul.tadisetti@snc</sys_updated_by>
        <sys_updated_on>2022-06-19 14:14:09</sys_updated_on>
        <type>Flow</type>
        <update_guid>8a7e479798801110e997664e265d87a0</update_guid>
        <update_guid_history>8a7e479798801110e997664e265d87a0:1771572838,1388aa5757001110d7e1ab8e20e70d6e:1998727158,1a34a8725d034110606ea3e330845db5:-579321204</update_guid_history>
    </sys_update_version>
    <sys_metadata_delete action="INSERT_OR_UPDATE">
        <sys_audit_delete/>
        <sys_class_name>sys_metadata_delete</sys_class_name>
        <sys_created_by>rahul.tadisetti@snc</sys_created_by>
        <sys_created_on>2022-06-19 16:41:15</sys_created_on>
        <sys_db_object display_value="" name="sys_hub_flow">sys_hub_flow</sys_db_object>
        <sys_id>0c7288e0547b42daa0b9b8a5808eba51</sys_id>
        <sys_metadata>0e34e072870341103bdd4226dabb350d</sys_metadata>
        <sys_name>Testing Smartsheet action</sys_name>
        <sys_package display_value="Smartsheet Spoke" source="sn_smrtsheet_spoke">f719677374021010fa9bb5ebcba7e550</sys_package>
        <sys_parent/>
        <sys_policy/>
        <sys_scope display_value="Smartsheet Spoke">f719677374021010fa9bb5ebcba7e550</sys_scope>
        <sys_scope_delete display_value="">133f37b1d8bc4836887f20453fbd5cc9</sys_scope_delete>
        <sys_update_name>sys_hub_flow_0e34e072870341103bdd4226dabb350d</sys_update_name>
        <sys_update_version display_value="sys_hub_flow_0e34e072870341103bdd4226dabb350d">9b2cd937478c1110395052a5d36d43d1</sys_update_version>
    </sys_metadata_delete>
</record_update>
