<?xml version="1.0" encoding="UTF-8"?><record_update table="sys_script_include">
    <sys_script_include action="DELETE">
        <access>package_private</access>
        <active>true</active>
        <api_name>sn_smrtsheet_spoke.SmartsheetWebhookUtils</api_name>
        <caller_access/>
        <client_callable>false</client_callable>
        <description/>
        <name>SmartsheetWebhookUtils</name>
        <script><![CDATA[var SmartsheetWebhookUtils = Class.create();
SmartsheetWebhookUtils.prototype = {
    initialize: function() {},  
	
	decisionTableInputs:function(requestBody){
		var decisionTableInputs = {};
		decisionTableInputs['u_webhook_id'] = requestBody.webhookId;
        decisionTableInputs['u_scope'] = requestBody.scope;
        decisionTableInputs['u_scope_object_id'] = requestBody.scopeObjectId;
		decisionTableInputs['u_events'] = requestBody.events;
		return decisionTableInputs;
	},
	
	subFlowInputs:function(requestBody){
		var subFlowInputs = {};
        subFlowInputs['webhook_id'] = requestBody.webhookId;
		subFlowInputs['scope'] = requestBody.scope;
        subFlowInputs['scope_object_id'] = requestBody.scopeObjectId;
        subFlowInputs['events'] = requestBody.events;
		return subFlowInputs;
	},
	
	normalizeSubflowInputs: function(subflowName, subflowInputs) {
        var gr = new GlideRecord('sys_hub_flow_input');
        gr.addQuery('model_table', 'sys_hub_flow');
        gr.addQuery('model.internal_name', subflowName);
        gr.query();
        var normalizedFlowInputs = {};

        while (gr.next()) {
            var fieldName = gr.getValue('element');
            if (subflowInputs[fieldName]) {
                normalizedFlowInputs[fieldName] = subflowInputs[fieldName];
            }
        }
        return normalizedFlowInputs;
    },
	
    type: 'SmartsheetWebhookUtils'
};]]></script>
        <sys_class_name>sys_script_include</sys_class_name>
        <sys_created_by>akash.sri</sys_created_by>
        <sys_created_on>2022-03-14 10:50:52</sys_created_on>
        <sys_id>611b45608752011038e965773cbb35b1</sys_id>
        <sys_mod_count>6</sys_mod_count>
        <sys_name>SmartsheetWebhookUtils</sys_name>
        <sys_package display_value="Smartsheet Spoke" source="sn_smrtsheet_spoke">f719677374021010fa9bb5ebcba7e550</sys_package>
        <sys_policy>read</sys_policy>
        <sys_scope display_value="Smartsheet Spoke">f719677374021010fa9bb5ebcba7e550</sys_scope>
        <sys_update_name>sys_script_include_611b45608752011038e965773cbb35b1</sys_update_name>
        <sys_updated_by>admin</sys_updated_by>
        <sys_updated_on>2022-06-02 08:50:38</sys_updated_on>
    </sys_script_include>
    <sys_update_version action="INSERT_OR_UPDATE">
        <action>DELETE</action>
        <application display_value="Smartsheet Spoke">f719677374021010fa9bb5ebcba7e550</application>
        <file_path/>
        <instance_id>428a36c905030110effdd6012ef1a058</instance_id>
        <instance_name>glide_db_dump</instance_name>
        <name>sys_script_include_611b45608752011038e965773cbb35b1</name>
        <payload>&lt;?xml version="1.0" encoding="UTF-8"?&gt;&lt;record_update table="sys_script_include"&gt;&lt;sys_script_include action="INSERT_OR_UPDATE"&gt;&lt;access&gt;package_private&lt;/access&gt;&lt;active&gt;true&lt;/active&gt;&lt;api_name&gt;sn_smrtsheet_spoke.SmartsheetWebhookUtils&lt;/api_name&gt;&lt;caller_access/&gt;&lt;client_callable&gt;false&lt;/client_callable&gt;&lt;description/&gt;&lt;name&gt;SmartsheetWebhookUtils&lt;/name&gt;&lt;script&gt;&lt;![CDATA[var SmartsheetWebhookUtils = Class.create();
SmartsheetWebhookUtils.prototype = {
    initialize: function() {},  
	
	decisionTableInputs:function(requestBody){
		var decisionTableInputs = {};
		decisionTableInputs['u_webhook_id'] = requestBody.webhookId;
        decisionTableInputs['u_scope'] = requestBody.scope;
        decisionTableInputs['u_scope_object_id'] = requestBody.scopeObjectId;
		decisionTableInputs['u_events'] = requestBody.events;
		return decisionTableInputs;
	},
	
	subFlowInputs:function(requestBody){
		var subFlowInputs = {};
        subFlowInputs['webhook_id'] = requestBody.webhookId;
		subFlowInputs['scope'] = requestBody.scope;
        subFlowInputs['scope_object_id'] = requestBody.scopeObjectId;
        subFlowInputs['events'] = requestBody.events;
		return subFlowInputs;
	},
	
	normalizeSubflowInputs: function(subflowName, subflowInputs) {
        var gr = new GlideRecord('sys_hub_flow_input');
        gr.addQuery('model_table', 'sys_hub_flow');
        gr.addQuery('model.internal_name', subflowName);
        gr.query();
        var normalizedFlowInputs = {};

        while (gr.next()) {
            var fieldName = gr.getValue('element');
            if (subflowInputs[fieldName]) {
                normalizedFlowInputs[fieldName] = subflowInputs[fieldName];
            }
        }
        return normalizedFlowInputs;
    },
	
    type: 'SmartsheetWebhookUtils'
};]]&gt;&lt;/script&gt;&lt;sys_class_name&gt;sys_script_include&lt;/sys_class_name&gt;&lt;sys_created_by&gt;akash.sri&lt;/sys_created_by&gt;&lt;sys_created_on&gt;2022-03-14 10:50:52&lt;/sys_created_on&gt;&lt;sys_id&gt;611b45608752011038e965773cbb35b1&lt;/sys_id&gt;&lt;sys_mod_count&gt;6&lt;/sys_mod_count&gt;&lt;sys_name&gt;SmartsheetWebhookUtils&lt;/sys_name&gt;&lt;sys_package display_value="Smartsheet Spoke" source="sn_smrtsheet_spoke"&gt;f719677374021010fa9bb5ebcba7e550&lt;/sys_package&gt;&lt;sys_policy&gt;read&lt;/sys_policy&gt;&lt;sys_scope display_value="Smartsheet Spoke"&gt;f719677374021010fa9bb5ebcba7e550&lt;/sys_scope&gt;&lt;sys_update_name&gt;sys_script_include_611b45608752011038e965773cbb35b1&lt;/sys_update_name&gt;&lt;sys_updated_by&gt;admin&lt;/sys_updated_by&gt;&lt;sys_updated_on&gt;2022-06-02 08:50:38&lt;/sys_updated_on&gt;&lt;/sys_script_include&gt;&lt;/record_update&gt;</payload>
        <payload_hash>1586709425</payload_hash>
        <record_name>SmartsheetWebhookUtils</record_name>
        <reverted_from/>
        <source>77c4d1bfa3670110b94d8b3f26fcdab6</source>
        <source_table>sys_update_set</source_table>
        <state>previous</state>
        <sys_created_by>admin</sys_created_by>
        <sys_created_on>2022-06-02 08:50:38</sys_created_on>
        <sys_id>961fe0daa3370110b94d8b3f26fcda92</sys_id>
        <sys_mod_count>0</sys_mod_count>
        <sys_recorded_at>181239c0bf90000001</sys_recorded_at>
        <sys_updated_by>admin</sys_updated_by>
        <sys_updated_on>2022-06-02 08:50:38</sys_updated_on>
        <type>Script Include</type>
        <update_guid>561f20dadc370110dd71a0682673f382</update_guid>
        <update_guid_history>561f20dadc370110dd71a0682673f382:1586709425,19ab965e3b87011051407820ad24cb2f:1119191413,45643592b2470110c2c6547b30672c9b:-2043341541,67d1f1529d470110f1e08b733a9c48ba:-704691397,13880c18aa3e4d10e4dcb72b933fd54a:-55763097,b1c5dd74619e0110154f75d9d484f22a:-784094976,f36b8960ee520110787243ed13a7b70a:699121480</update_guid_history>
    </sys_update_version>
    <sys_metadata_delete action="INSERT_OR_UPDATE">
        <sys_audit_delete/>
        <sys_class_name>sys_metadata_delete</sys_class_name>
        <sys_created_by>admin</sys_created_by>
        <sys_created_on>2022-06-10 05:47:10</sys_created_on>
        <sys_db_object display_value="" name="sys_script_include">sys_script_include</sys_db_object>
        <sys_id>0782cdd2aff14e0082e3201446e40000</sys_id>
        <sys_metadata>611b45608752011038e965773cbb35b1</sys_metadata>
        <sys_mod_count>0</sys_mod_count>
        <sys_name>SmartsheetWebhookUtils</sys_name>
        <sys_package display_value="Smartsheet Spoke" source="sn_smrtsheet_spoke">f719677374021010fa9bb5ebcba7e550</sys_package>
        <sys_parent/>
        <sys_policy>read</sys_policy>
        <sys_scope display_value="Smartsheet Spoke">f719677374021010fa9bb5ebcba7e550</sys_scope>
        <sys_scope_delete display_value="">133f37b1d8bc4836887f20453fbd5cc9</sys_scope_delete>
        <sys_update_name>sys_script_include_611b45608752011038e965773cbb35b1</sys_update_name>
        <sys_update_version display_value="sys_script_include_611b45608752011038e965773cbb35b1">961fe0daa3370110b94d8b3f26fcda92</sys_update_version>
        <sys_updated_by>admin</sys_updated_by>
        <sys_updated_on>2022-06-10 05:47:10</sys_updated_on>
    </sys_metadata_delete>
</record_update>
