<?xml version="1.0" encoding="UTF-8"?><record_update sys_domain="global" table="sys_hub_flow">
    <sys_hub_flow action="DELETE">
        <access>public</access>
        <acls/>
        <active>false</active>
        <annotation/>
        <callable_by_client_api>false</callable_by_client_api>
        <category/>
        <compiler_build/>
        <copied_from/>
        <copied_from_name/>
        <description/>
        <internal_name>update_sheet</internal_name>
        <label_cache>[{"name":"dd7cf19a-7c06-4098-ab73-072870ce0668.__action_status__","label":"1 - Update Sheet➛Action Status","reference_display":"Action Status","type":"object","base_type":"object","attributes":{"uiTypeLabel":"Object","co_type_name":"FDACTIONSTATUS","element_mapping_provider":"com.glide.flow_design.action.data.FlowDesignVariableMapper","uiType":"object","action_error_output":"true","uiUniqueId":"a20b150e-7e15-4d4b-a338-03f1f198ab21"}},{"name":"dd7cf19a-7c06-4098-ab73-072870ce0668.__dont_treat_as_error__","label":"1 - Update Sheet➛Don\u0027t Treat as Error","reference_display":"Don\u0027t Treat as Error","type":"boolean","base_type":"boolean","attributes":{"uiTypeLabel":"True/False","element_mapping_provider":"com.glide.flow_design.action.data.FlowDesignVariableMapper","uiType":"boolean","visible_in_ui":"false","action_error_output":"true","uiUniqueId":"833711f4-5905-4a0e-a6ad-f0b746600e51"}},{"name":"dd7cf19a-7c06-4098-ab73-072870ce0668.status","label":"1 - Update Sheet➛Status","reference_display":"Status","type":"string","base_type":"string","attributes":{"uiTypeLabel":"String","element_mapping_provider":"com.glide.flow_design.action.data.FlowDesignVariableMapper","pwd2droppable":"true","uiType":"string","uiUniqueId":"57f75a3a-3cc4-4264-9e83-cc8ae7820081"}},{"name":"dd7cf19a-7c06-4098-ab73-072870ce0668.errormessage","label":"1 - Update Sheet➛Error Message","reference_display":"Error Message","type":"string","base_type":"string","attributes":{"uiTypeLabel":"String","element_mapping_provider":"com.glide.flow_design.action.data.FlowDesignVariableMapper","pwd2droppable":"true","uiType":"string","uiUniqueId":"68ee7747-29c3-4617-bdc7-10aac45b9141"}},{"name":"dd7cf19a-7c06-4098-ab73-072870ce0668.details","label":"1 - Update Sheet➛Details","reference_display":"Details","type":"object","base_type":"object","attributes":{"sourceId":"07bd4510-5d67-4110-bfde-b3d2527c74de","uiTypeLabel":"Object","co_type_name":"FDfe7a00a0993d01100c006c65885f803b","element_mapping_provider":"com.glide.flow_design.action.data.FlowDesignVariableMapper","sourceType":"step","sourceUiUniqueId":"81f68b57-5c53-4ecf-ab2a-4199d6e533de","pwd2droppable":"true","uiType":"object","uiUniqueId":"60c636e3-ce83-443e-b1d5-340a55dbcd4d"}}]</label_cache>
        <latest_snapshot/>
        <master_snapshot/>
        <name>Update Sheet</name>
        <natlang/>
        <outputs/>
        <remote_trigger_id/>
        <run_as>user</run_as>
        <run_with_roles/>
        <sc_callable>false</sc_callable>
        <show_draft_actions>false</show_draft_actions>
        <show_triggered_flows>false</show_triggered_flows>
        <status>draft</status>
        <sys_class_name>sys_hub_flow</sys_class_name>
        <sys_created_by>akash.sri</sys_created_by>
        <sys_created_on>2022-02-17 09:38:28</sys_created_on>
        <sys_domain>global</sys_domain>
        <sys_domain_path>/</sys_domain_path>
        <sys_id>531b80a0973d01108ac03f0e6253af59</sys_id>
        <sys_mod_count>1</sys_mod_count>
        <sys_name>Update Sheet</sys_name>
        <sys_overrides/>
        <sys_package display_value="Smartsheet Spoke" source="sn_smrtsheet_spoke">f719677374021010fa9bb5ebcba7e550</sys_package>
        <sys_policy/>
        <sys_scope display_value="Smartsheet Spoke">f719677374021010fa9bb5ebcba7e550</sys_scope>
        <sys_update_name>sys_hub_flow_531b80a0973d01108ac03f0e6253af59</sys_update_name>
        <sys_updated_by>akash.sri</sys_updated_by>
        <sys_updated_on>2022-02-17 09:59:10</sys_updated_on>
        <type>flow</type>
    </sys_hub_flow>
    <sys_translated_text action="DELETE" query="documentkey=531b80a0973d01108ac03f0e6253af59"/>
    <sys_variable_value action="DELETE" query="document_key=531b80a0973d01108ac03f0e6253af59"/>
    <sys_hub_trigger_instance action="DELETE" query="flow=531b80a0973d01108ac03f0e6253af59^sys_idNOT INb0df40e4973d01108ac03f0e6253afff"/>
    <sys_hub_trigger_instance action="DELETE">
        <comment/>
        <display_text/>
        <flow display_value="Update Sheet">531b80a0973d01108ac03f0e6253af59</flow>
        <name>Repeat</name>
        <remote_sys_id/>
        <sys_created_by>akash.sri</sys_created_by>
        <sys_created_on>2022-02-17 09:59:03</sys_created_on>
        <sys_id>b0df40e4973d01108ac03f0e6253afff</sys_id>
        <sys_mod_count>1</sys_mod_count>
        <sys_scope/>
        <sys_updated_by>akash.sri</sys_updated_by>
        <sys_updated_on>2022-02-17 09:59:03</sys_updated_on>
        <trigger_definition display_value="Repeat">f63f0d94c32222002841b63b12d3aeed</trigger_definition>
        <trigger_inputs/>
        <trigger_outputs/>
        <trigger_type>repeat</trigger_type>
    </sys_hub_trigger_instance>
    <sys_variable_value action="DELETE" query="document_key=b0df40e4973d01108ac03f0e6253afff"/>
    <sys_variable_value action="DELETE">
        <document>sys_hub_trigger_instance</document>
        <document_key>b0df40e4973d01108ac03f0e6253afff</document_key>
        <order>100</order>
        <sys_class_name>sys_variable_value</sys_class_name>
        <sys_created_by>akash.sri</sys_created_by>
        <sys_created_on>2022-02-17 09:59:04</sys_created_on>
        <sys_id>09df80e4973d01108ac03f0e6253af00</sys_id>
        <sys_mod_count>0</sys_mod_count>
        <sys_updated_by>akash.sri</sys_updated_by>
        <sys_updated_on>2022-02-17 09:59:04</sys_updated_on>
        <value>1970-01-01 00:00:01</value>
        <variable display_value="Repeat">1c5f4d94c32222002841b63b12d3aeb3</variable>
    </sys_variable_value>
    <sys_element_mapping action="DELETE" query="table=var__m_sys_hub_trigger_input_f63f0d94c32222002841b63b12d3aeed^id=b0df40e4973d01108ac03f0e6253afff"/>
    <sys_hub_flow_stage action="DELETE" query="flow=531b80a0973d01108ac03f0e6253af59"/>
    <sys_flow_cat_variable_model action="DELETE" query="id=531b80a0973d01108ac03f0e6253af59^sys_idNOT IN5f1b80a0973d01108ac03f0e6253af59"/>
    <sys_flow_cat_variable_model action="DELETE">
        <id>531b80a0973d01108ac03f0e6253af59</id>
        <name>Update Sheet</name>
        <sys_created_by>akash.sri</sys_created_by>
        <sys_created_on>2022-02-17 09:38:28</sys_created_on>
        <sys_id>5f1b80a0973d01108ac03f0e6253af59</sys_id>
        <sys_mod_count>0</sys_mod_count>
        <sys_scope/>
        <sys_updated_by>akash.sri</sys_updated_by>
        <sys_updated_on>2022-02-17 09:38:28</sys_updated_on>
    </sys_flow_cat_variable_model>
    <sys_flow_cat_variable action="DELETE" query="flow_catalog_model=5f1b80a0973d01108ac03f0e6253af59"/>
    <sys_hub_flow_input action="DELETE" query="model=531b80a0973d01108ac03f0e6253af59"/>
    <sys_hub_flow_output action="DELETE" query="model=531b80a0973d01108ac03f0e6253af59"/>
    <sys_hub_alias_mapping action="DELETE" query="source_id=531b80a0973d01108ac03f0e6253af59"/>
    <sys_hub_action_instance action="DELETE" query="flow=531b80a0973d01108ac03f0e6253af59^sys_idNOT INb9df80e4973d01108ac03f0e6253af6c"/>
    <sys_hub_action_instance action="DELETE">
        <action_inputs/>
        <action_type display_value="Update Sheet">a23a0c60973d01108ac03f0e6253af6a</action_type>
        <action_type_parent/>
        <comment/>
        <compiled_snapshot/>
        <display_text/>
        <flow display_value="Update Sheet">531b80a0973d01108ac03f0e6253af59</flow>
        <order>1</order>
        <parent_ui_id/>
        <sys_class_name>sys_hub_action_instance</sys_class_name>
        <sys_created_by>akash.sri</sys_created_by>
        <sys_created_on>2022-02-17 09:59:07</sys_created_on>
        <sys_id>b9df80e4973d01108ac03f0e6253af6c</sys_id>
        <sys_mod_count>2</sys_mod_count>
        <sys_scope display_value="Smartsheet Spoke">f719677374021010fa9bb5ebcba7e550</sys_scope>
        <sys_updated_by>akash.sri</sys_updated_by>
        <sys_updated_on>2022-02-17 09:59:08</sys_updated_on>
        <ui_id>dd7cf19a-7c06-4098-ab73-072870ce0668</ui_id>
    </sys_hub_action_instance>
    <sys_variable_value action="DELETE" query="document_key=b9df80e4973d01108ac03f0e6253af6c"/>
    <sys_variable_value action="DELETE">
        <document>sys_hub_action_instance</document>
        <document_key>b9df80e4973d01108ac03f0e6253af6c</document_key>
        <order>4</order>
        <sys_class_name>sys_variable_value</sys_class_name>
        <sys_created_by>akash.sri</sys_created_by>
        <sys_created_on>2022-02-17 09:59:09</sys_created_on>
        <sys_id>1adf80e4973d01108ac03f0e6253af95</sys_id>
        <sys_mod_count>0</sys_mod_count>
        <sys_updated_by>akash.sri</sys_updated_by>
        <sys_updated_on>2022-02-17 09:59:09</sys_updated_on>
        <value>{"version":"1.0","serializationFormat":"JSON","complexObjectSchema":{"FlowDesigner:FD307acc60963d0110ce439f3bdf518873":{"criticalPathEnabled":"String","criticalPathEnabled.$field_facets":{"SimpleMapFacet":"{\"uiTypeLabel\":\"Choice\",\"read_only\":\"false\",\"hint\":\"\",\"uiType\":\"choice\",\"default_value\":\"\",\"label\":\"Critical Path Enabled\",\"mandatory\":\"false\",\"order\":\"2\",\"max_length\":\"32\"}","SimpleChoiceFacet":"{\"complex_choice_map_key$\":{},\"choice_map_key$\":{\"True\":\"{\\\"label\\\":\\\"True\\\",\\\"value\\\":\\\"true\\\",\\\"order\\\":1}\",\"False\":\"{\\\"label\\\":\\\"False\\\",\\\"value\\\":\\\"false\\\",\\\"order\\\":0}\"}}"},"displaySummaryTasks":"String","displaySummaryTasks.$field_facets":{"SimpleMapFacet":"{\"uiTypeLabel\":\"Choice\",\"read_only\":\"false\",\"hint\":\"\",\"uiType\":\"choice\",\"default_value\":\"\",\"label\":\"Display Summary Tasks\",\"mandatory\":\"false\",\"order\":\"1\",\"max_length\":\"32\"}","SimpleChoiceFacet":"{\"complex_choice_map_key$\":{},\"choice_map_key$\":{\"True\":\"{\\\"label\\\":\\\"True\\\",\\\"value\\\":\\\"true\\\",\\\"order\\\":1}\",\"False\":\"{\\\"label\\\":\\\"False\\\",\\\"value\\\":\\\"false\\\",\\\"order\\\":0}\"}}"}},"FlowDesigner:FD307acc60963d0110ce439f3bdf518873.$type_facets":{"SimpleMapFacet":"{\"uiTypeLabel\":\"Object\",\"co_type_name\":\"FD307acc60963d0110ce439f3bdf518873\",\"element_mapping_provider\":\"com.glide.flow_design.action.data.FlowDesignVariableMapper\",\"read_only\":\"false\",\"hint\":null,\"uiType\":\"object\",\"default_value\":\"\",\"label\":\"User Settings\",\"mandatory\":\"false\",\"order\":\"4\",\"max_length\":\"65000\",\"uiUniqueId\":\"c7a2b287-0c9d-4729-bd6b-a0ceb7272f6c\"}"}},"complexObject":{"criticalPathEnabled":{"$cv":{"$c":"java.lang.String","$v":""}},"displaySummaryTasks":{"$cv":{"$c":"java.lang.String","$v":"true"}}}}</value>
        <variable display_value="User Settings">d17acc60973d01108ac03f0e6253af90</variable>
    </sys_variable_value>
    <sys_variable_value action="DELETE">
        <document>sys_hub_action_instance</document>
        <document_key>b9df80e4973d01108ac03f0e6253af6c</document_key>
        <order>3</order>
        <sys_class_name>sys_variable_value</sys_class_name>
        <sys_created_by>akash.sri</sys_created_by>
        <sys_created_on>2022-02-17 09:59:09</sys_created_on>
        <sys_id>56df80e4973d01108ac03f0e6253af95</sys_id>
        <sys_mod_count>0</sys_mod_count>
        <sys_updated_by>akash.sri</sys_updated_by>
        <sys_updated_on>2022-02-17 09:59:09</sys_updated_on>
        <value>{"version":"1.0","serializationFormat":"JSON","complexObjectSchema":{"FlowDesigner:FDbc7a0c60fa3d01109514a964db31a36d":{"nonWorkingDays":["Any"],"nonWorkingDays.$field_facets":{"SimpleMapFacet":"{\"default_value\":\"\",\"child_hint\":\"\",\"child_maxsize\":\"\",\"label\":\"Non Working Days\",\"mandatory\":\"false\",\"child_name\":\"timestamp\",\"uiTypeLabel\":\"Array.String\",\"child_label\":\"Timestamp\",\"child_type_label\":\"String\",\"read_only\":\"false\",\"hint\":\"\",\"uiType\":\"array.string\",\"child_defaultValue\":\"\",\"child_type\":\"string\",\"order\":\"2\",\"max_length\":\"0\",\"child_uiUniqueId\":\"67bfe7eb-172b-4b04-9634-97933d181074\"}"},"workingDays":["Any"],"workingDays.$field_facets":{"SimpleMapFacet":"{\"default_value\":\"\",\"child_hint\":\"\",\"child_maxsize\":\"\",\"label\":\"Working Days\",\"mandatory\":\"false\",\"child_name\":\"days\",\"uiTypeLabel\":\"Array.String\",\"child_label\":\"Days\",\"child_type_label\":\"String\",\"read_only\":\"false\",\"hint\":\"\",\"uiType\":\"array.string\",\"child_defaultValue\":\"\",\"child_type\":\"string\",\"order\":\"3\",\"max_length\":\"0\",\"child_uiUniqueId\":\"fd9a9605-145c-4b2e-aa35-fb74825d4a8a\"}"},"lengthOfDay":"Number","lengthOfDay.$field_facets":{"SimpleMapFacet":"{\"uiTypeLabel\":\"Number\",\"read_only\":\"false\",\"hint\":\"\",\"uiType\":\"number\",\"default_value\":\"\",\"label\":\"Length Of Day\",\"mandatory\":\"false\",\"order\":\"1\",\"max_length\":\"0\"}"}},"FlowDesigner:FDbc7a0c60fa3d01109514a964db31a36d.$type_facets":{"SimpleMapFacet":"{\"uiTypeLabel\":\"Object\",\"co_type_name\":\"FDbc7a0c60fa3d01109514a964db31a36d\",\"element_mapping_provider\":\"com.glide.flow_design.action.data.FlowDesignVariableMapper\",\"read_only\":\"false\",\"hint\":null,\"uiType\":\"object\",\"default_value\":\"\",\"label\":\"Project Settings\",\"mandatory\":\"false\",\"order\":\"3\",\"max_length\":\"65000\",\"uiUniqueId\":\"3033f195-35cc-4f7e-9f0c-493a77d5d138\"}"}},"complexObject":{"nonWorkingDays":[""],"workingDays":[""],"lengthOfDay":{"$cv":{"$c":"java.lang.String","$v":""}}}}</value>
        <variable display_value="Project Settings">897acc60973d01108ac03f0e6253af8b</variable>
    </sys_variable_value>
    <sys_variable_value action="DELETE">
        <document>sys_hub_action_instance</document>
        <document_key>b9df80e4973d01108ac03f0e6253af6c</document_key>
        <order>2</order>
        <sys_class_name>sys_variable_value</sys_class_name>
        <sys_created_by>akash.sri</sys_created_by>
        <sys_created_on>2022-02-17 09:59:09</sys_created_on>
        <sys_id>92df80e4973d01108ac03f0e6253af95</sys_id>
        <sys_mod_count>0</sys_mod_count>
        <sys_updated_by>akash.sri</sys_updated_by>
        <sys_updated_on>2022-02-17 09:59:09</sys_updated_on>
        <value>A demo updated</value>
        <variable display_value="Name">c97acc60973d01108ac03f0e6253af7a</variable>
    </sys_variable_value>
    <sys_variable_value action="DELETE">
        <document>sys_hub_action_instance</document>
        <document_key>b9df80e4973d01108ac03f0e6253af6c</document_key>
        <order>1</order>
        <sys_class_name>sys_variable_value</sys_class_name>
        <sys_created_by>akash.sri</sys_created_by>
        <sys_created_on>2022-02-17 09:59:09</sys_created_on>
        <sys_id>dedf80e4973d01108ac03f0e6253af94</sys_id>
        <sys_mod_count>0</sys_mod_count>
        <sys_updated_by>akash.sri</sys_updated_by>
        <sys_updated_on>2022-02-17 09:59:09</sys_updated_on>
        <value>4990588228528004</value>
        <variable display_value="Sheet Id">747acc60973d01108ac03f0e6253af75</variable>
    </sys_variable_value>
    <sys_element_mapping action="DELETE" query="table=var__m_sys_hub_action_input_a23a0c60973d01108ac03f0e6253af6a^id=b9df80e4973d01108ac03f0e6253af6c"/>
    <sys_hub_input_scripts action="DELETE" query="instance=b9df80e4973d01108ac03f0e6253af6c"/>
    <sys_hub_alias_mapping action="DELETE" query="source_id=b9df80e4973d01108ac03f0e6253af6c"/>
    <sys_hub_sub_flow_instance action="DELETE" query="flow=531b80a0973d01108ac03f0e6253af59"/>
    <sys_hub_flow_logic action="DELETE" query="flow=531b80a0973d01108ac03f0e6253af59"/>
    <sys_hub_pill_compound action="DELETE" query="attached_to=531b80a0973d01108ac03f0e6253af59"/>
    <sys_hub_flow_variable action="DELETE" query="model=531b80a0973d01108ac03f0e6253af59"/>
    <sys_documentation action="DELETE" query="name=var__m_sys_hub_flow_input_531b80a0973d01108ac03f0e6253af59"/>
    <sys_choice action="DELETE" query="name=var__m_sys_hub_flow_input_531b80a0973d01108ac03f0e6253af59"/>
    <sys_documentation action="DELETE" query="name=var__m_sys_hub_flow_output_531b80a0973d01108ac03f0e6253af59"/>
    <sys_choice action="DELETE" query="name=var__m_sys_hub_flow_output_531b80a0973d01108ac03f0e6253af59"/>
    <sys_flow_trigger_plan action="DELETE" query="plan_id=531b80a0973d01108ac03f0e6253af59"/>
    <sys_flow_subflow_plan action="DELETE" query="plan_id=531b80a0973d01108ac03f0e6253af59"/>
    <sys_update_version action="INSERT_OR_UPDATE">
        <action>DELETE</action>
        <application display_value="Smartsheet Spoke">f719677374021010fa9bb5ebcba7e550</application>
        <file_path/>
        <instance_id>428a36c905030110effdd6012ef1a058</instance_id>
        <instance_name>glide_db_dump</instance_name>
        <name>sys_hub_flow_531b80a0973d01108ac03f0e6253af59</name>
        <payload><![CDATA[<?xml version="1.0" encoding="UTF-8"?><record_update sys_domain="global" table="sys_hub_flow"><sys_hub_flow action="INSERT_OR_UPDATE"><access>public</access><acls/><active>false</active><annotation/><callable_by_client_api>false</callable_by_client_api><category/><compiler_build/><copied_from/><copied_from_name/><description/><internal_name>update_sheet</internal_name><label_cache>[{"name":"dd7cf19a-7c06-4098-ab73-072870ce0668.__action_status__","label":"1 - Update Sheet➛Action Status","reference_display":"Action Status","type":"object","base_type":"object","attributes":{"uiTypeLabel":"Object","co_type_name":"FDACTIONSTATUS","element_mapping_provider":"com.glide.flow_design.action.data.FlowDesignVariableMapper","uiType":"object","action_error_output":"true","uiUniqueId":"a20b150e-7e15-4d4b-a338-03f1f198ab21"}},{"name":"dd7cf19a-7c06-4098-ab73-072870ce0668.__dont_treat_as_error__","label":"1 - Update Sheet➛Don\u0027t Treat as Error","reference_display":"Don\u0027t Treat as Error","type":"boolean","base_type":"boolean","attributes":{"uiTypeLabel":"True/False","element_mapping_provider":"com.glide.flow_design.action.data.FlowDesignVariableMapper","uiType":"boolean","visible_in_ui":"false","action_error_output":"true","uiUniqueId":"833711f4-5905-4a0e-a6ad-f0b746600e51"}},{"name":"dd7cf19a-7c06-4098-ab73-072870ce0668.status","label":"1 - Update Sheet➛Status","reference_display":"Status","type":"string","base_type":"string","attributes":{"uiTypeLabel":"String","element_mapping_provider":"com.glide.flow_design.action.data.FlowDesignVariableMapper","pwd2droppable":"true","uiType":"string","uiUniqueId":"57f75a3a-3cc4-4264-9e83-cc8ae7820081"}},{"name":"dd7cf19a-7c06-4098-ab73-072870ce0668.errormessage","label":"1 - Update Sheet➛Error Message","reference_display":"Error Message","type":"string","base_type":"string","attributes":{"uiTypeLabel":"String","element_mapping_provider":"com.glide.flow_design.action.data.FlowDesignVariableMapper","pwd2droppable":"true","uiType":"string","uiUniqueId":"68ee7747-29c3-4617-bdc7-10aac45b9141"}},{"name":"dd7cf19a-7c06-4098-ab73-072870ce0668.details","label":"1 - Update Sheet➛Details","reference_display":"Details","type":"object","base_type":"object","attributes":{"sourceId":"07bd4510-5d67-4110-bfde-b3d2527c74de","uiTypeLabel":"Object","co_type_name":"FDfe7a00a0993d01100c006c65885f803b","element_mapping_provider":"com.glide.flow_design.action.data.FlowDesignVariableMapper","sourceType":"step","sourceUiUniqueId":"81f68b57-5c53-4ecf-ab2a-4199d6e533de","pwd2droppable":"true","uiType":"object","uiUniqueId":"60c636e3-ce83-443e-b1d5-340a55dbcd4d"}}]</label_cache><latest_snapshot/><master_snapshot/><name>Update Sheet</name><natlang/><outputs/><remote_trigger_id/><run_as>user</run_as><run_with_roles/><sc_callable>false</sc_callable><show_draft_actions>false</show_draft_actions><show_triggered_flows>false</show_triggered_flows><status>draft</status><sys_class_name>sys_hub_flow</sys_class_name><sys_created_by>akash.sri</sys_created_by><sys_created_on>2022-02-17 09:38:28</sys_created_on><sys_domain>global</sys_domain><sys_domain_path>/</sys_domain_path><sys_id>531b80a0973d01108ac03f0e6253af59</sys_id><sys_mod_count>1</sys_mod_count><sys_name>Update Sheet</sys_name><sys_overrides/><sys_package display_value="Smartsheet Spoke" source="sn_smrtsheet_spoke">f719677374021010fa9bb5ebcba7e550</sys_package><sys_policy/><sys_scope display_value="Smartsheet Spoke">f719677374021010fa9bb5ebcba7e550</sys_scope><sys_update_name>sys_hub_flow_531b80a0973d01108ac03f0e6253af59</sys_update_name><sys_updated_by>akash.sri</sys_updated_by><sys_updated_on>2022-02-17 09:59:10</sys_updated_on><type>flow</type></sys_hub_flow><sys_translated_text action="delete_multiple" query="documentkey=531b80a0973d01108ac03f0e6253af59"/><sys_variable_value action="delete_multiple" query="document_key=531b80a0973d01108ac03f0e6253af59"/><sys_hub_trigger_instance action="delete_multiple" query="flow=531b80a0973d01108ac03f0e6253af59^sys_idNOT INb0df40e4973d01108ac03f0e6253afff"/><sys_hub_trigger_instance action="INSERT_OR_UPDATE"><comment/><display_text/><flow display_value="Update Sheet">531b80a0973d01108ac03f0e6253af59</flow><name>Repeat</name><remote_sys_id/><sys_created_by>akash.sri</sys_created_by><sys_created_on>2022-02-17 09:59:03</sys_created_on><sys_id>b0df40e4973d01108ac03f0e6253afff</sys_id><sys_mod_count>1</sys_mod_count><sys_scope/><sys_updated_by>akash.sri</sys_updated_by><sys_updated_on>2022-02-17 09:59:03</sys_updated_on><trigger_definition display_value="Repeat">f63f0d94c32222002841b63b12d3aeed</trigger_definition><trigger_inputs/><trigger_outputs/><trigger_type>repeat</trigger_type></sys_hub_trigger_instance><sys_variable_value action="delete_multiple" query="document_key=b0df40e4973d01108ac03f0e6253afff"/><sys_variable_value action="INSERT_OR_UPDATE"><document>sys_hub_trigger_instance</document><document_key>b0df40e4973d01108ac03f0e6253afff</document_key><order>100</order><sys_class_name>sys_variable_value</sys_class_name><sys_created_by>akash.sri</sys_created_by><sys_created_on>2022-02-17 09:59:04</sys_created_on><sys_id>09df80e4973d01108ac03f0e6253af00</sys_id><sys_mod_count>0</sys_mod_count><sys_updated_by>akash.sri</sys_updated_by><sys_updated_on>2022-02-17 09:59:04</sys_updated_on><value>1970-01-01 00:00:01</value><variable display_value="Repeat">1c5f4d94c32222002841b63b12d3aeb3</variable></sys_variable_value><sys_element_mapping action="delete_multiple" query="table=var__m_sys_hub_trigger_input_f63f0d94c32222002841b63b12d3aeed^id=b0df40e4973d01108ac03f0e6253afff"/><sys_hub_flow_stage action="delete_multiple" query="flow=531b80a0973d01108ac03f0e6253af59"/><sys_flow_cat_variable_model action="delete_multiple" query="id=531b80a0973d01108ac03f0e6253af59^sys_idNOT IN5f1b80a0973d01108ac03f0e6253af59"/><sys_flow_cat_variable_model action="INSERT_OR_UPDATE"><id>531b80a0973d01108ac03f0e6253af59</id><name>Update Sheet</name><sys_created_by>akash.sri</sys_created_by><sys_created_on>2022-02-17 09:38:28</sys_created_on><sys_id>5f1b80a0973d01108ac03f0e6253af59</sys_id><sys_mod_count>0</sys_mod_count><sys_scope/><sys_updated_by>akash.sri</sys_updated_by><sys_updated_on>2022-02-17 09:38:28</sys_updated_on></sys_flow_cat_variable_model><sys_flow_cat_variable action="delete_multiple" query="flow_catalog_model=5f1b80a0973d01108ac03f0e6253af59"/><sys_hub_flow_input action="delete_multiple" query="model=531b80a0973d01108ac03f0e6253af59"/><sys_hub_flow_output action="delete_multiple" query="model=531b80a0973d01108ac03f0e6253af59"/><sys_hub_alias_mapping action="delete_multiple" query="source_id=531b80a0973d01108ac03f0e6253af59"/><sys_hub_action_instance action="delete_multiple" query="flow=531b80a0973d01108ac03f0e6253af59^sys_idNOT INb9df80e4973d01108ac03f0e6253af6c"/><sys_hub_action_instance action="INSERT_OR_UPDATE"><action_inputs/><action_type display_value="Update Sheet">a23a0c60973d01108ac03f0e6253af6a</action_type><action_type_parent/><comment/><compiled_snapshot/><display_text/><flow display_value="Update Sheet">531b80a0973d01108ac03f0e6253af59</flow><order>1</order><parent_ui_id/><sys_class_name>sys_hub_action_instance</sys_class_name><sys_created_by>akash.sri</sys_created_by><sys_created_on>2022-02-17 09:59:07</sys_created_on><sys_id>b9df80e4973d01108ac03f0e6253af6c</sys_id><sys_mod_count>2</sys_mod_count><sys_scope display_value="Smartsheet Spoke">f719677374021010fa9bb5ebcba7e550</sys_scope><sys_updated_by>akash.sri</sys_updated_by><sys_updated_on>2022-02-17 09:59:08</sys_updated_on><ui_id>dd7cf19a-7c06-4098-ab73-072870ce0668</ui_id></sys_hub_action_instance><sys_variable_value action="delete_multiple" query="document_key=b9df80e4973d01108ac03f0e6253af6c"/><sys_variable_value action="INSERT_OR_UPDATE"><document>sys_hub_action_instance</document><document_key>b9df80e4973d01108ac03f0e6253af6c</document_key><order>4</order><sys_class_name>sys_variable_value</sys_class_name><sys_created_by>akash.sri</sys_created_by><sys_created_on>2022-02-17 09:59:09</sys_created_on><sys_id>1adf80e4973d01108ac03f0e6253af95</sys_id><sys_mod_count>0</sys_mod_count><sys_updated_by>akash.sri</sys_updated_by><sys_updated_on>2022-02-17 09:59:09</sys_updated_on><value>{"version":"1.0","serializationFormat":"JSON","complexObjectSchema":{"FlowDesigner:FD307acc60963d0110ce439f3bdf518873":{"criticalPathEnabled":"String","criticalPathEnabled.$field_facets":{"SimpleMapFacet":"{\"uiTypeLabel\":\"Choice\",\"read_only\":\"false\",\"hint\":\"\",\"uiType\":\"choice\",\"default_value\":\"\",\"label\":\"Critical Path Enabled\",\"mandatory\":\"false\",\"order\":\"2\",\"max_length\":\"32\"}","SimpleChoiceFacet":"{\"complex_choice_map_key$\":{},\"choice_map_key$\":{\"True\":\"{\\\"label\\\":\\\"True\\\",\\\"value\\\":\\\"true\\\",\\\"order\\\":1}\",\"False\":\"{\\\"label\\\":\\\"False\\\",\\\"value\\\":\\\"false\\\",\\\"order\\\":0}\"}}"},"displaySummaryTasks":"String","displaySummaryTasks.$field_facets":{"SimpleMapFacet":"{\"uiTypeLabel\":\"Choice\",\"read_only\":\"false\",\"hint\":\"\",\"uiType\":\"choice\",\"default_value\":\"\",\"label\":\"Display Summary Tasks\",\"mandatory\":\"false\",\"order\":\"1\",\"max_length\":\"32\"}","SimpleChoiceFacet":"{\"complex_choice_map_key$\":{},\"choice_map_key$\":{\"True\":\"{\\\"label\\\":\\\"True\\\",\\\"value\\\":\\\"true\\\",\\\"order\\\":1}\",\"False\":\"{\\\"label\\\":\\\"False\\\",\\\"value\\\":\\\"false\\\",\\\"order\\\":0}\"}}"}},"FlowDesigner:FD307acc60963d0110ce439f3bdf518873.$type_facets":{"SimpleMapFacet":"{\"uiTypeLabel\":\"Object\",\"co_type_name\":\"FD307acc60963d0110ce439f3bdf518873\",\"element_mapping_provider\":\"com.glide.flow_design.action.data.FlowDesignVariableMapper\",\"read_only\":\"false\",\"hint\":null,\"uiType\":\"object\",\"default_value\":\"\",\"label\":\"User Settings\",\"mandatory\":\"false\",\"order\":\"4\",\"max_length\":\"65000\",\"uiUniqueId\":\"c7a2b287-0c9d-4729-bd6b-a0ceb7272f6c\"}"}},"complexObject":{"criticalPathEnabled":{"$cv":{"$c":"java.lang.String","$v":""}},"displaySummaryTasks":{"$cv":{"$c":"java.lang.String","$v":"true"}}}}</value><variable display_value="User Settings">d17acc60973d01108ac03f0e6253af90</variable></sys_variable_value><sys_variable_value action="INSERT_OR_UPDATE"><document>sys_hub_action_instance</document><document_key>b9df80e4973d01108ac03f0e6253af6c</document_key><order>3</order><sys_class_name>sys_variable_value</sys_class_name><sys_created_by>akash.sri</sys_created_by><sys_created_on>2022-02-17 09:59:09</sys_created_on><sys_id>56df80e4973d01108ac03f0e6253af95</sys_id><sys_mod_count>0</sys_mod_count><sys_updated_by>akash.sri</sys_updated_by><sys_updated_on>2022-02-17 09:59:09</sys_updated_on><value>{"version":"1.0","serializationFormat":"JSON","complexObjectSchema":{"FlowDesigner:FDbc7a0c60fa3d01109514a964db31a36d":{"nonWorkingDays":["Any"],"nonWorkingDays.$field_facets":{"SimpleMapFacet":"{\"default_value\":\"\",\"child_hint\":\"\",\"child_maxsize\":\"\",\"label\":\"Non Working Days\",\"mandatory\":\"false\",\"child_name\":\"timestamp\",\"uiTypeLabel\":\"Array.String\",\"child_label\":\"Timestamp\",\"child_type_label\":\"String\",\"read_only\":\"false\",\"hint\":\"\",\"uiType\":\"array.string\",\"child_defaultValue\":\"\",\"child_type\":\"string\",\"order\":\"2\",\"max_length\":\"0\",\"child_uiUniqueId\":\"67bfe7eb-172b-4b04-9634-97933d181074\"}"},"workingDays":["Any"],"workingDays.$field_facets":{"SimpleMapFacet":"{\"default_value\":\"\",\"child_hint\":\"\",\"child_maxsize\":\"\",\"label\":\"Working Days\",\"mandatory\":\"false\",\"child_name\":\"days\",\"uiTypeLabel\":\"Array.String\",\"child_label\":\"Days\",\"child_type_label\":\"String\",\"read_only\":\"false\",\"hint\":\"\",\"uiType\":\"array.string\",\"child_defaultValue\":\"\",\"child_type\":\"string\",\"order\":\"3\",\"max_length\":\"0\",\"child_uiUniqueId\":\"fd9a9605-145c-4b2e-aa35-fb74825d4a8a\"}"},"lengthOfDay":"Number","lengthOfDay.$field_facets":{"SimpleMapFacet":"{\"uiTypeLabel\":\"Number\",\"read_only\":\"false\",\"hint\":\"\",\"uiType\":\"number\",\"default_value\":\"\",\"label\":\"Length Of Day\",\"mandatory\":\"false\",\"order\":\"1\",\"max_length\":\"0\"}"}},"FlowDesigner:FDbc7a0c60fa3d01109514a964db31a36d.$type_facets":{"SimpleMapFacet":"{\"uiTypeLabel\":\"Object\",\"co_type_name\":\"FDbc7a0c60fa3d01109514a964db31a36d\",\"element_mapping_provider\":\"com.glide.flow_design.action.data.FlowDesignVariableMapper\",\"read_only\":\"false\",\"hint\":null,\"uiType\":\"object\",\"default_value\":\"\",\"label\":\"Project Settings\",\"mandatory\":\"false\",\"order\":\"3\",\"max_length\":\"65000\",\"uiUniqueId\":\"3033f195-35cc-4f7e-9f0c-493a77d5d138\"}"}},"complexObject":{"nonWorkingDays":[""],"workingDays":[""],"lengthOfDay":{"$cv":{"$c":"java.lang.String","$v":""}}}}</value><variable display_value="Project Settings">897acc60973d01108ac03f0e6253af8b</variable></sys_variable_value><sys_variable_value action="INSERT_OR_UPDATE"><document>sys_hub_action_instance</document><document_key>b9df80e4973d01108ac03f0e6253af6c</document_key><order>2</order><sys_class_name>sys_variable_value</sys_class_name><sys_created_by>akash.sri</sys_created_by><sys_created_on>2022-02-17 09:59:09</sys_created_on><sys_id>92df80e4973d01108ac03f0e6253af95</sys_id><sys_mod_count>0</sys_mod_count><sys_updated_by>akash.sri</sys_updated_by><sys_updated_on>2022-02-17 09:59:09</sys_updated_on><value>A demo updated</value><variable display_value="Name">c97acc60973d01108ac03f0e6253af7a</variable></sys_variable_value><sys_variable_value action="INSERT_OR_UPDATE"><document>sys_hub_action_instance</document><document_key>b9df80e4973d01108ac03f0e6253af6c</document_key><order>1</order><sys_class_name>sys_variable_value</sys_class_name><sys_created_by>akash.sri</sys_created_by><sys_created_on>2022-02-17 09:59:09</sys_created_on><sys_id>dedf80e4973d01108ac03f0e6253af94</sys_id><sys_mod_count>0</sys_mod_count><sys_updated_by>akash.sri</sys_updated_by><sys_updated_on>2022-02-17 09:59:09</sys_updated_on><value>4990588228528004</value><variable display_value="Sheet Id">747acc60973d01108ac03f0e6253af75</variable></sys_variable_value><sys_element_mapping action="delete_multiple" query="table=var__m_sys_hub_action_input_a23a0c60973d01108ac03f0e6253af6a^id=b9df80e4973d01108ac03f0e6253af6c"/><sys_hub_input_scripts action="delete_multiple" query="instance=b9df80e4973d01108ac03f0e6253af6c"/><sys_hub_alias_mapping action="delete_multiple" query="source_id=b9df80e4973d01108ac03f0e6253af6c"/><sys_hub_sub_flow_instance action="delete_multiple" query="flow=531b80a0973d01108ac03f0e6253af59"/><sys_hub_flow_logic action="delete_multiple" query="flow=531b80a0973d01108ac03f0e6253af59"/><sys_hub_pill_compound action="delete_multiple" query="attached_to=531b80a0973d01108ac03f0e6253af59"/><sys_hub_flow_variable action="delete_multiple" query="model=531b80a0973d01108ac03f0e6253af59"/><sys_documentation action="delete_multiple" query="name=var__m_sys_hub_flow_input_531b80a0973d01108ac03f0e6253af59"/><sys_choice action="delete_multiple" query="name=var__m_sys_hub_flow_input_531b80a0973d01108ac03f0e6253af59"/><sys_documentation action="delete_multiple" query="name=var__m_sys_hub_flow_output_531b80a0973d01108ac03f0e6253af59"/><sys_choice action="delete_multiple" query="name=var__m_sys_hub_flow_output_531b80a0973d01108ac03f0e6253af59"/><sys_flow_trigger_plan action="delete_multiple" query="plan_id=531b80a0973d01108ac03f0e6253af59"/><sys_flow_subflow_plan action="delete_multiple" query="plan_id=531b80a0973d01108ac03f0e6253af59"/></record_update>]]></payload>
        <payload_hash>22184266</payload_hash>
        <record_name>Update Sheet</record_name>
        <reverted_from/>
        <source>820218f7a3630110b94d8b3f26fcdac6</source>
        <source_table>sys_update_set</source_table>
        <state>previous</state>
        <sys_created_by>admin</sys_created_by>
        <sys_created_on>2022-05-25 12:55:44</sys_created_on>
        <sys_id>3a7a1037a3a30110b94d8b3f26fcda47</sys_id>
        <sys_mod_count>0</sys_mod_count>
        <sys_recorded_at>180fb49928d0000001</sys_recorded_at>
        <sys_updated_by>admin</sys_updated_by>
        <sys_updated_on>2022-05-25 12:55:44</sys_updated_on>
        <type>Flow</type>
        <update_guid>f2df80e40b3d0110456b8efe309c39fe</update_guid>
        <update_guid_history>f2df80e40b3d0110456b8efe309c39fe:22184266,571b48a0233d0110496a9fb6105e80b4:-453865199</update_guid_history>
    </sys_update_version>
    <sys_metadata_delete action="INSERT_OR_UPDATE">
        <sys_audit_delete/>
        <sys_class_name>sys_metadata_delete</sys_class_name>
        <sys_created_by>admin</sys_created_by>
        <sys_created_on>2022-06-02 09:06:47</sys_created_on>
        <sys_db_object display_value="" name="sys_hub_flow">sys_hub_flow</sys_db_object>
        <sys_id>69171505267246169d63dfdb3ca84ba4</sys_id>
        <sys_metadata>531b80a0973d01108ac03f0e6253af59</sys_metadata>
        <sys_mod_count>0</sys_mod_count>
        <sys_name>Update Sheet</sys_name>
        <sys_package display_value="Smartsheet Spoke" source="sn_smrtsheet_spoke">f719677374021010fa9bb5ebcba7e550</sys_package>
        <sys_parent/>
        <sys_policy/>
        <sys_scope display_value="Smartsheet Spoke">f719677374021010fa9bb5ebcba7e550</sys_scope>
        <sys_scope_delete display_value="">133f37b1d8bc4836887f20453fbd5cc9</sys_scope_delete>
        <sys_update_name>sys_hub_flow_531b80a0973d01108ac03f0e6253af59</sys_update_name>
        <sys_update_version display_value="sys_hub_flow_531b80a0973d01108ac03f0e6253af59">3a7a1037a3a30110b94d8b3f26fcda47</sys_update_version>
        <sys_updated_by>admin</sys_updated_by>
        <sys_updated_on>2022-06-02 09:06:47</sys_updated_on>
    </sys_metadata_delete>
</record_update>
