<?xml version="1.0" encoding="UTF-8"?><record_update table="sys_db_object">
    <sys_db_object action="DELETE">
        <access>public</access>
        <actions_access>false</actions_access>
        <alter_access>false</alter_access>
        <caller_access/>
        <client_scripts_access>false</client_scripts_access>
        <configuration_access>false</configuration_access>
        <create_access>false</create_access>
        <create_access_controls>true</create_access_controls>
        <delete_access>false</delete_access>
        <extension_model/>
        <is_extendable>false</is_extendable>
        <label>SmartSheet Webhook Subflow Table</label>
        <live_feed_enabled>false</live_feed_enabled>
        <name>sn_smrtsheet_spoke_smartsheet_webhook_subflow_table</name>
        <number_ref/>
        <provider_class/>
        <read_access>true</read_access>
        <scriptable_table>false</scriptable_table>
        <super_class/>
        <sys_class_code/>
        <sys_class_name>sys_db_object</sys_class_name>
        <sys_class_path/>
        <sys_created_by>akash.sri</sys_created_by>
        <sys_created_on>2022-03-04 12:51:24</sys_created_on>
        <sys_id>6bf60e51978a01508ac03f0e6253af27</sys_id>
        <sys_mod_count>0</sys_mod_count>
        <sys_name>SmartSheet Webhook Subflow Table</sys_name>
        <sys_package display_value="Smartsheet Spoke" source="sn_smrtsheet_spoke">f719677374021010fa9bb5ebcba7e550</sys_package>
        <sys_policy/>
        <sys_scope display_value="Smartsheet Spoke">f719677374021010fa9bb5ebcba7e550</sys_scope>
        <sys_update_name>sys_db_object_6bf60e51978a01508ac03f0e6253af27</sys_update_name>
        <sys_updated_by>akash.sri</sys_updated_by>
        <sys_updated_on>2022-03-04 12:51:24</sys_updated_on>
        <update_access>false</update_access>
        <user_role display_value="sn_smrtsheet_spoke.smartsheet_webhook_subflow_table_user" name="sn_smrtsheet_spoke.smartsheet_webhook_subflow_table_user">7f170e51978a01508ac03f0e6253af2b</user_role>
        <ws_access>true</ws_access>
    </sys_db_object>
    <sys_update_version action="INSERT_OR_UPDATE">
        <action>DELETE</action>
        <application display_value="Smartsheet Spoke">f719677374021010fa9bb5ebcba7e550</application>
        <file_path/>
        <instance_id>428a36c905030110effdd6012ef1a058</instance_id>
        <instance_name>glide_db_dump</instance_name>
        <name>sys_db_object_6bf60e51978a01508ac03f0e6253af27</name>
        <payload><![CDATA[<?xml version="1.0" encoding="UTF-8"?><record_update table="sys_db_object"><sys_db_object action="INSERT_OR_UPDATE"><access>public</access><actions_access>false</actions_access><alter_access>false</alter_access><caller_access/><client_scripts_access>false</client_scripts_access><configuration_access>false</configuration_access><create_access>false</create_access><create_access_controls>true</create_access_controls><delete_access>false</delete_access><extension_model/><is_extendable>false</is_extendable><label>SmartSheet Webhook Subflow Table</label><live_feed_enabled>false</live_feed_enabled><name>sn_smrtsheet_spoke_smartsheet_webhook_subflow_table</name><number_ref/><provider_class/><read_access>true</read_access><scriptable_table>false</scriptable_table><super_class/><sys_class_code/><sys_class_name>sys_db_object</sys_class_name><sys_class_path/><sys_created_by>akash.sri</sys_created_by><sys_created_on>2022-03-04 12:51:24</sys_created_on><sys_id>6bf60e51978a01508ac03f0e6253af27</sys_id><sys_mod_count>0</sys_mod_count><sys_name>SmartSheet Webhook Subflow Table</sys_name><sys_package display_value="Smartsheet Spoke" source="sn_smrtsheet_spoke">f719677374021010fa9bb5ebcba7e550</sys_package><sys_policy/><sys_scope display_value="Smartsheet Spoke">f719677374021010fa9bb5ebcba7e550</sys_scope><sys_update_name>sys_db_object_6bf60e51978a01508ac03f0e6253af27</sys_update_name><sys_updated_by>akash.sri</sys_updated_by><sys_updated_on>2022-03-04 12:51:24</sys_updated_on><update_access>false</update_access><user_role display_value="sn_smrtsheet_spoke.smartsheet_webhook_subflow_table_user" name="sn_smrtsheet_spoke.smartsheet_webhook_subflow_table_user">7f170e51978a01508ac03f0e6253af2b</user_role><ws_access>true</ws_access></sys_db_object></record_update>]]></payload>
        <payload_hash>-1577732469</payload_hash>
        <record_name>SmartSheet Webhook Subflow Table</record_name>
        <reverted_from/>
        <source>820218f7a3630110b94d8b3f26fcdac6</source>
        <source_table>sys_update_set</source_table>
        <state>previous</state>
        <sys_created_by>admin</sys_created_by>
        <sys_created_on>2022-05-25 12:20:32</sys_created_on>
        <sys_id>cb62d03ba3630110b94d8b3f26fcdac5</sys_id>
        <sys_mod_count>0</sys_mod_count>
        <sys_recorded_at>180fb2957030000001</sys_recorded_at>
        <sys_updated_by>admin</sys_updated_by>
        <sys_updated_on>2022-05-25 12:20:32</sys_updated_on>
        <type>Table</type>
        <update_guid>14270a91f38a015048294b79b513d4f6</update_guid>
        <update_guid_history>14270a91f38a015048294b79b513d4f6:-1577732469</update_guid_history>
    </sys_update_version>
    <sys_metadata_delete action="INSERT_OR_UPDATE">
        <sys_audit_delete/>
        <sys_class_name>sys_metadata_delete</sys_class_name>
        <sys_created_by>admin</sys_created_by>
        <sys_created_on>2022-06-02 09:51:47</sys_created_on>
        <sys_db_object display_value="" name="sys_db_object">sys_db_object</sys_db_object>
        <sys_id>3534bfecd6444251a0850ee9bf944d61</sys_id>
        <sys_metadata>6bf60e51978a01508ac03f0e6253af27</sys_metadata>
        <sys_mod_count>0</sys_mod_count>
        <sys_name>SmartSheet Webhook Subflow Table</sys_name>
        <sys_package display_value="Smartsheet Spoke" source="sn_smrtsheet_spoke">f719677374021010fa9bb5ebcba7e550</sys_package>
        <sys_parent/>
        <sys_policy/>
        <sys_scope display_value="Smartsheet Spoke">f719677374021010fa9bb5ebcba7e550</sys_scope>
        <sys_scope_delete display_value="">133f37b1d8bc4836887f20453fbd5cc9</sys_scope_delete>
        <sys_update_name>sys_db_object_6bf60e51978a01508ac03f0e6253af27</sys_update_name>
        <sys_update_version display_value="sys_db_object_6bf60e51978a01508ac03f0e6253af27">cb62d03ba3630110b94d8b3f26fcdac5</sys_update_version>
        <sys_updated_by>admin</sys_updated_by>
        <sys_updated_on>2022-06-02 09:51:47</sys_updated_on>
    </sys_metadata_delete>
</record_update>
