<?xml version="1.0" encoding="UTF-8"?><record_update sys_domain="global" table="sys_app_module">
    <sys_app_module action="DELETE">
        <active>true</active>
        <application display_value="SmartSheet Webhook Subflow Table">f7170a91978a01508ac03f0e6253afa4</application>
        <assessment/>
        <device_type/>
        <filter/>
        <hint/>
        <homepage/>
        <image/>
        <link_type>LIST</link_type>
        <map_page/>
        <mobile_title>SmartSheet Webhook Subflow Tables</mobile_title>
        <mobile_view_name>Mobile</mobile_view_name>
        <name>sn_smrtsheet_spoke_smartsheet_webhook_subflow_table</name>
        <order/>
        <override_menu_roles>false</override_menu_roles>
        <query/>
        <report/>
        <roles>sn_smrtsheet_spoke.smartsheet_webhook_subflow_table_user</roles>
        <sys_class_name>sys_app_module</sys_class_name>
        <sys_created_by>akash.sri</sys_created_by>
        <sys_created_on>2022-03-04 12:51:24</sys_created_on>
        <sys_domain>global</sys_domain>
        <sys_domain_path>/</sys_domain_path>
        <sys_id>77170a91978a01508ac03f0e6253afa8</sys_id>
        <sys_mod_count>0</sys_mod_count>
        <sys_name>SmartSheet Webhook Subflow Tables</sys_name>
        <sys_overrides/>
        <sys_package display_value="Smartsheet Spoke" source="sn_smrtsheet_spoke">f719677374021010fa9bb5ebcba7e550</sys_package>
        <sys_policy/>
        <sys_scope display_value="Smartsheet Spoke">f719677374021010fa9bb5ebcba7e550</sys_scope>
        <sys_update_name>sys_app_module_77170a91978a01508ac03f0e6253afa8</sys_update_name>
        <sys_updated_by>akash.sri</sys_updated_by>
        <sys_updated_on>2022-03-04 12:51:24</sys_updated_on>
        <timeline_page/>
        <title>SmartSheet Webhook Subflow Tables</title>
        <uncancelable>false</uncancelable>
        <view_name/>
        <window_name/>
    </sys_app_module>
    <sys_update_version action="INSERT_OR_UPDATE">
        <action>DELETE</action>
        <application display_value="Smartsheet Spoke">f719677374021010fa9bb5ebcba7e550</application>
        <file_path/>
        <instance_id>428a36c905030110effdd6012ef1a058</instance_id>
        <instance_name>glide_db_dump</instance_name>
        <name>sys_app_module_77170a91978a01508ac03f0e6253afa8</name>
        <payload><![CDATA[<?xml version="1.0" encoding="UTF-8"?><record_update sys_domain="global" table="sys_app_module"><sys_app_module action="INSERT_OR_UPDATE"><active>true</active><application display_value="SmartSheet Webhook Subflow Table">f7170a91978a01508ac03f0e6253afa4</application><assessment/><device_type/><filter/><hint/><homepage/><image/><link_type>LIST</link_type><map_page/><mobile_title>SmartSheet Webhook Subflow Tables</mobile_title><mobile_view_name>Mobile</mobile_view_name><name>sn_smrtsheet_spoke_smartsheet_webhook_subflow_table</name><order/><override_menu_roles>false</override_menu_roles><query/><report/><roles>sn_smrtsheet_spoke.smartsheet_webhook_subflow_table_user</roles><sys_class_name>sys_app_module</sys_class_name><sys_created_by>akash.sri</sys_created_by><sys_created_on>2022-03-04 12:51:24</sys_created_on><sys_domain>global</sys_domain><sys_domain_path>/</sys_domain_path><sys_id>77170a91978a01508ac03f0e6253afa8</sys_id><sys_mod_count>0</sys_mod_count><sys_name>SmartSheet Webhook Subflow Tables</sys_name><sys_overrides/><sys_package display_value="Smartsheet Spoke" source="sn_smrtsheet_spoke">f719677374021010fa9bb5ebcba7e550</sys_package><sys_policy/><sys_scope display_value="Smartsheet Spoke">f719677374021010fa9bb5ebcba7e550</sys_scope><sys_update_name>sys_app_module_77170a91978a01508ac03f0e6253afa8</sys_update_name><sys_updated_by>akash.sri</sys_updated_by><sys_updated_on>2022-03-04 12:51:24</sys_updated_on><timeline_page/><title>SmartSheet Webhook Subflow Tables</title><uncancelable>false</uncancelable><view_name/><window_name/></sys_app_module></record_update>]]></payload>
        <payload_hash>-1090501058</payload_hash>
        <record_name>SmartSheet Webhook Subflow Tables</record_name>
        <reverted_from/>
        <source>820218f7a3630110b94d8b3f26fcdac6</source>
        <source_table>sys_update_set</source_table>
        <state>previous</state>
        <sys_created_by>admin</sys_created_by>
        <sys_created_on>2022-05-25 12:20:55</sys_created_on>
        <sys_id>7882d43ba3630110b94d8b3f26fcda59</sys_id>
        <sys_mod_count>0</sys_mod_count>
        <sys_recorded_at>180fb29b2940000001</sys_recorded_at>
        <sys_updated_by>admin</sys_updated_by>
        <sys_updated_on>2022-05-25 12:20:55</sys_updated_on>
        <type>Module</type>
        <update_guid>33170a91668a01504eeae015551f17ab</update_guid>
        <update_guid_history>33170a91668a01504eeae015551f17ab:-1090501058</update_guid_history>
    </sys_update_version>
    <sys_metadata_delete action="INSERT_OR_UPDATE">
        <sys_audit_delete display_value="SmartSheet Webhook Subflow Tables">ae1df4d6a3770110b94d8b3f26fcda4c</sys_audit_delete>
        <sys_class_name>sys_metadata_delete</sys_class_name>
        <sys_created_by>admin</sys_created_by>
        <sys_created_on>2022-06-02 09:51:48</sys_created_on>
        <sys_db_object display_value="" name="sys_app_module">sys_app_module</sys_db_object>
        <sys_id>961ad217b3954fca96158293ba980891</sys_id>
        <sys_metadata>77170a91978a01508ac03f0e6253afa8</sys_metadata>
        <sys_mod_count>0</sys_mod_count>
        <sys_name>SmartSheet Webhook Subflow Tables</sys_name>
        <sys_package display_value="Smartsheet Spoke" source="sn_smrtsheet_spoke">f719677374021010fa9bb5ebcba7e550</sys_package>
        <sys_parent/>
        <sys_policy/>
        <sys_scope display_value="Smartsheet Spoke">f719677374021010fa9bb5ebcba7e550</sys_scope>
        <sys_scope_delete display_value="">133f37b1d8bc4836887f20453fbd5cc9</sys_scope_delete>
        <sys_update_name>sys_app_module_77170a91978a01508ac03f0e6253afa8</sys_update_name>
        <sys_update_version display_value="sys_app_module_77170a91978a01508ac03f0e6253afa8">7882d43ba3630110b94d8b3f26fcda59</sys_update_version>
        <sys_updated_by>admin</sys_updated_by>
        <sys_updated_on>2022-06-02 09:51:48</sys_updated_on>
    </sys_metadata_delete>
</record_update>
