<?xml version="1.0" encoding="UTF-8"?><record_update sys_domain="global" table="sys_app_module">
    <sys_app_module action="DELETE">
        <active>true</active>
        <application display_value="SmartSheet Webhooks">8987d6f6874e0110740c99783cbb351b</application>
        <assessment/>
        <device_type/>
        <filter/>
        <hint/>
        <homepage/>
        <image/>
        <link_type>LIST</link_type>
        <map_page/>
        <mobile_title>SmartSheet Webhooks</mobile_title>
        <mobile_view_name>Mobile</mobile_view_name>
        <name>sn_smrtsheet_spoke_smartsheet_webhooks</name>
        <order/>
        <override_menu_roles>false</override_menu_roles>
        <query/>
        <report/>
        <roles>sn_smrtsheet_spoke.smartsheet_webhooks_user</roles>
        <sys_class_name>sys_app_module</sys_class_name>
        <sys_created_by>akash.sri</sys_created_by>
        <sys_created_on>2022-03-09 05:53:55</sys_created_on>
        <sys_domain>global</sys_domain>
        <sys_domain_path>/</sys_domain_path>
        <sys_id>0987d6f6874e0110740c99783cbb351f</sys_id>
        <sys_mod_count>0</sys_mod_count>
        <sys_name>SmartSheet Webhooks</sys_name>
        <sys_overrides/>
        <sys_package display_value="Smartsheet Spoke" source="sn_smrtsheet_spoke">f719677374021010fa9bb5ebcba7e550</sys_package>
        <sys_policy/>
        <sys_scope display_value="Smartsheet Spoke">f719677374021010fa9bb5ebcba7e550</sys_scope>
        <sys_update_name>sys_app_module_0987d6f6874e0110740c99783cbb351f</sys_update_name>
        <sys_updated_by>akash.sri</sys_updated_by>
        <sys_updated_on>2022-03-09 05:53:55</sys_updated_on>
        <timeline_page/>
        <title>SmartSheet Webhooks</title>
        <uncancelable>false</uncancelable>
        <view_name/>
        <window_name/>
    </sys_app_module>
    <sys_update_version action="INSERT_OR_UPDATE">
        <action>DELETE</action>
        <application display_value="Smartsheet Spoke">f719677374021010fa9bb5ebcba7e550</application>
        <file_path/>
        <instance_id>428a36c905030110effdd6012ef1a058</instance_id>
        <instance_name>glide_db_dump</instance_name>
        <name>sys_app_module_0987d6f6874e0110740c99783cbb351f</name>
        <payload><![CDATA[<?xml version="1.0" encoding="UTF-8"?><record_update sys_domain="global" table="sys_app_module"><sys_app_module action="INSERT_OR_UPDATE"><active>true</active><application display_value="SmartSheet Webhooks">8987d6f6874e0110740c99783cbb351b</application><assessment/><device_type/><filter/><hint/><homepage/><image/><link_type>LIST</link_type><map_page/><mobile_title>SmartSheet Webhooks</mobile_title><mobile_view_name>Mobile</mobile_view_name><name>sn_smrtsheet_spoke_smartsheet_webhooks</name><order/><override_menu_roles>false</override_menu_roles><query/><report/><roles>sn_smrtsheet_spoke.smartsheet_webhooks_user</roles><sys_class_name>sys_app_module</sys_class_name><sys_created_by>akash.sri</sys_created_by><sys_created_on>2022-03-09 05:53:55</sys_created_on><sys_domain>global</sys_domain><sys_domain_path>/</sys_domain_path><sys_id>0987d6f6874e0110740c99783cbb351f</sys_id><sys_mod_count>0</sys_mod_count><sys_name>SmartSheet Webhooks</sys_name><sys_overrides/><sys_package display_value="Smartsheet Spoke" source="sn_smrtsheet_spoke">f719677374021010fa9bb5ebcba7e550</sys_package><sys_policy/><sys_scope display_value="Smartsheet Spoke">f719677374021010fa9bb5ebcba7e550</sys_scope><sys_update_name>sys_app_module_0987d6f6874e0110740c99783cbb351f</sys_update_name><sys_updated_by>akash.sri</sys_updated_by><sys_updated_on>2022-03-09 05:53:55</sys_updated_on><timeline_page/><title>SmartSheet Webhooks</title><uncancelable>false</uncancelable><view_name/><window_name/></sys_app_module></record_update>]]></payload>
        <payload_hash>60962136</payload_hash>
        <record_name>SmartSheet Webhooks</record_name>
        <reverted_from/>
        <source>820218f7a3630110b94d8b3f26fcdac6</source>
        <source_table>sys_update_set</source_table>
        <state>previous</state>
        <sys_created_by>admin</sys_created_by>
        <sys_created_on>2022-05-25 12:20:55</sys_created_on>
        <sys_id>b482d43ba3630110b94d8b3f26fcda53</sys_id>
        <sys_mod_count>0</sys_mod_count>
        <sys_recorded_at>180fb29b17a0000001</sys_recorded_at>
        <sys_updated_by>admin</sys_updated_by>
        <sys_updated_on>2022-05-25 12:20:55</sys_updated_on>
        <type>Module</type>
        <update_guid>8187d6f6ba4e01100841086657bd8d3b</update_guid>
        <update_guid_history>8187d6f6ba4e01100841086657bd8d3b:60962136</update_guid_history>
    </sys_update_version>
    <sys_metadata_delete action="INSERT_OR_UPDATE">
        <sys_audit_delete display_value="SmartSheet Webhooks">df3df8d6a3770110b94d8b3f26fcda4c</sys_audit_delete>
        <sys_class_name>sys_metadata_delete</sys_class_name>
        <sys_created_by>admin</sys_created_by>
        <sys_created_on>2022-06-02 09:52:24</sys_created_on>
        <sys_db_object display_value="" name="sys_app_module">sys_app_module</sys_db_object>
        <sys_id>0087f90a07b4441880013407ad634004</sys_id>
        <sys_metadata>0987d6f6874e0110740c99783cbb351f</sys_metadata>
        <sys_mod_count>0</sys_mod_count>
        <sys_name>SmartSheet Webhooks</sys_name>
        <sys_package display_value="Smartsheet Spoke" source="sn_smrtsheet_spoke">f719677374021010fa9bb5ebcba7e550</sys_package>
        <sys_parent/>
        <sys_policy/>
        <sys_scope display_value="Smartsheet Spoke">f719677374021010fa9bb5ebcba7e550</sys_scope>
        <sys_scope_delete display_value="">133f37b1d8bc4836887f20453fbd5cc9</sys_scope_delete>
        <sys_update_name>sys_app_module_0987d6f6874e0110740c99783cbb351f</sys_update_name>
        <sys_update_version display_value="sys_app_module_0987d6f6874e0110740c99783cbb351f">b482d43ba3630110b94d8b3f26fcda53</sys_update_version>
        <sys_updated_by>admin</sys_updated_by>
        <sys_updated_on>2022-06-02 09:52:24</sys_updated_on>
    </sys_metadata_delete>
</record_update>
