<?xml version="1.0" encoding="UTF-8"?><record_update table="sys_security_acl_role">
    <sys_security_acl_role action="DELETE">
        <sys_class_name>sys_security_acl_role</sys_class_name>
        <sys_created_by>akash.sri</sys_created_by>
        <sys_created_on>2022-03-09 05:53:56</sys_created_on>
        <sys_id>9587d6f6874e0110740c99783cbb3562</sys_id>
        <sys_mod_count>0</sys_mod_count>
        <sys_name>sn_smrtsheet_spoke_smartsheet_webhooks.sn_smrtsheet_spoke.smartsheet_webhooks_user</sys_name>
        <sys_package display_value="Smartsheet Spoke" source="sn_smrtsheet_spoke">f719677374021010fa9bb5ebcba7e550</sys_package>
        <sys_policy/>
        <sys_scope display_value="Smartsheet Spoke">f719677374021010fa9bb5ebcba7e550</sys_scope>
        <sys_security_acl display_value="sn_smrtsheet_spoke_smartsheet_webhooks">1187d6f6874e0110740c99783cbb355f</sys_security_acl>
        <sys_update_name>sys_security_acl_role_9587d6f6874e0110740c99783cbb3562</sys_update_name>
        <sys_updated_by>akash.sri</sys_updated_by>
        <sys_updated_on>2022-03-09 05:53:56</sys_updated_on>
        <sys_user_role display_value="sn_smrtsheet_spoke.smartsheet_webhooks_user" name="sn_smrtsheet_spoke.smartsheet_webhooks_user">208796f6874e0110740c99783cbb3560</sys_user_role>
        <transaction_id/>
    </sys_security_acl_role>
    <sys_update_version action="INSERT_OR_UPDATE">
        <action>DELETE</action>
        <application display_value="Smartsheet Spoke">f719677374021010fa9bb5ebcba7e550</application>
        <file_path/>
        <instance_id>428a36c905030110effdd6012ef1a058</instance_id>
        <instance_name>glide_db_dump</instance_name>
        <name>sys_security_acl_role_9587d6f6874e0110740c99783cbb3562</name>
        <payload><![CDATA[<?xml version="1.0" encoding="UTF-8"?><record_update table="sys_security_acl_role"><sys_security_acl_role action="INSERT_OR_UPDATE"><sys_class_name>sys_security_acl_role</sys_class_name><sys_created_by>akash.sri</sys_created_by><sys_created_on>2022-03-09 05:53:56</sys_created_on><sys_id>9587d6f6874e0110740c99783cbb3562</sys_id><sys_mod_count>0</sys_mod_count><sys_name>sn_smrtsheet_spoke_smartsheet_webhooks.sn_smrtsheet_spoke.smartsheet_webhooks_user</sys_name><sys_package display_value="Smartsheet Spoke" source="sn_smrtsheet_spoke">f719677374021010fa9bb5ebcba7e550</sys_package><sys_policy/><sys_scope display_value="Smartsheet Spoke">f719677374021010fa9bb5ebcba7e550</sys_scope><sys_security_acl display_value="sn_smrtsheet_spoke_smartsheet_webhooks">1187d6f6874e0110740c99783cbb355f</sys_security_acl><sys_update_name>sys_security_acl_role_9587d6f6874e0110740c99783cbb3562</sys_update_name><sys_updated_by>akash.sri</sys_updated_by><sys_updated_on>2022-03-09 05:53:56</sys_updated_on><sys_user_role display_value="sn_smrtsheet_spoke.smartsheet_webhooks_user" name="sn_smrtsheet_spoke.smartsheet_webhooks_user">208796f6874e0110740c99783cbb3560</sys_user_role><transaction_id/></sys_security_acl_role></record_update>]]></payload>
        <payload_hash>-1137717230</payload_hash>
        <record_name>sn_smrtsheet_spoke_smartsheet_webhooks.sn_smrtsheet_spoke.smartsheet_webhooks_user</record_name>
        <reverted_from/>
        <source>820218f7a3630110b94d8b3f26fcdac6</source>
        <source_table>sys_update_set</source_table>
        <state>previous</state>
        <sys_created_by>admin</sys_created_by>
        <sys_created_on>2022-05-25 12:55:48</sys_created_on>
        <sys_id>7f7a5037a3a30110b94d8b3f26fcda2e</sys_id>
        <sys_mod_count>0</sys_mod_count>
        <sys_recorded_at>180fb49a3db0000001</sys_recorded_at>
        <sys_updated_by>admin</sys_updated_by>
        <sys_updated_on>2022-05-25 12:55:48</sys_updated_on>
        <type>Access Roles</type>
        <update_guid>5d87d6f68d4e011046c50f513bff0364</update_guid>
        <update_guid_history>5d87d6f68d4e011046c50f513bff0364:-1137717230</update_guid_history>
    </sys_update_version>
    <sys_metadata_delete action="INSERT_OR_UPDATE">
        <sys_audit_delete display_value="sn_smrtsheet_spoke_smartsheet_webhooks.sn_smrtsheet_spoke.smartsheet_webhooks_us">033df8d6a3770110b94d8b3f26fcda41</sys_audit_delete>
        <sys_class_name>sys_metadata_delete</sys_class_name>
        <sys_created_by>admin</sys_created_by>
        <sys_created_on>2022-06-02 09:52:24</sys_created_on>
        <sys_db_object display_value="" name="sys_security_acl_role">sys_security_acl_role</sys_db_object>
        <sys_id>0309a841923d4344b22d7a53ed990349</sys_id>
        <sys_metadata>9587d6f6874e0110740c99783cbb3562</sys_metadata>
        <sys_mod_count>0</sys_mod_count>
        <sys_name>sn_smrtsheet_spoke_smartsheet_webhooks.sn_smrtsheet_spoke.smartsheet_webhooks_user</sys_name>
        <sys_package display_value="Smartsheet Spoke" source="sn_smrtsheet_spoke">f719677374021010fa9bb5ebcba7e550</sys_package>
        <sys_parent display_value="">1187d6f6874e0110740c99783cbb355f</sys_parent>
        <sys_policy/>
        <sys_scope display_value="Smartsheet Spoke">f719677374021010fa9bb5ebcba7e550</sys_scope>
        <sys_scope_delete display_value="">133f37b1d8bc4836887f20453fbd5cc9</sys_scope_delete>
        <sys_update_name>sys_security_acl_role_9587d6f6874e0110740c99783cbb3562</sys_update_name>
        <sys_update_version display_value="sys_security_acl_role_9587d6f6874e0110740c99783cbb3562">7f7a5037a3a30110b94d8b3f26fcda2e</sys_update_version>
        <sys_updated_by>admin</sys_updated_by>
        <sys_updated_on>2022-06-02 09:52:24</sys_updated_on>
    </sys_metadata_delete>
</record_update>
