<?xml version="1.0" encoding="UTF-8"?><record_update sys_domain="global" table="sys_hub_flow">
    <sys_hub_flow action="DELETE">
        <access>public</access>
        <acls/>
        <active>false</active>
        <annotation/>
        <callable_by_client_api>false</callable_by_client_api>
        <category/>
        <compiler_build/>
        <copied_from/>
        <copied_from_name/>
        <description/>
        <internal_name>lookup_all_sheets</internal_name>
        <label_cache>[]</label_cache>
        <latest_snapshot/>
        <master_snapshot/>
        <name>Look up All Sheets</name>
        <natlang/>
        <outputs/>
        <remote_trigger_id/>
        <run_as>user</run_as>
        <run_with_roles/>
        <sc_callable>false</sc_callable>
        <show_draft_actions>false</show_draft_actions>
        <show_triggered_flows>false</show_triggered_flows>
        <status>draft</status>
        <sys_class_name>sys_hub_flow</sys_class_name>
        <sys_created_by>akash.sri</sys_created_by>
        <sys_created_on>2022-02-17 08:48:06</sys_created_on>
        <sys_domain>global</sys_domain>
        <sys_domain_path>/</sys_domain_path>
        <sys_id>659f7f9497f901108ac03f0e6253af62</sys_id>
        <sys_mod_count>1</sys_mod_count>
        <sys_name>Look up All Sheets</sys_name>
        <sys_overrides/>
        <sys_package display_value="Smartsheet Spoke" source="sn_smrtsheet_spoke">f719677374021010fa9bb5ebcba7e550</sys_package>
        <sys_policy/>
        <sys_scope display_value="Smartsheet Spoke">f719677374021010fa9bb5ebcba7e550</sys_scope>
        <sys_update_name>sys_hub_flow_659f7f9497f901108ac03f0e6253af62</sys_update_name>
        <sys_updated_by>akash.sri</sys_updated_by>
        <sys_updated_on>2022-02-17 09:00:07</sys_updated_on>
        <type>flow</type>
    </sys_hub_flow>
    <sys_translated_text action="DELETE" query="documentkey=659f7f9497f901108ac03f0e6253af62"/>
    <sys_variable_value action="DELETE" query="document_key=659f7f9497f901108ac03f0e6253af62"/>
    <sys_hub_trigger_instance action="DELETE" query="flow=659f7f9497f901108ac03f0e6253af62^sys_idNOT IN4952cc6897f901108ac03f0e6253af17"/>
    <sys_hub_trigger_instance action="DELETE">
        <comment/>
        <display_text/>
        <flow display_value="Look up All Sheets">659f7f9497f901108ac03f0e6253af62</flow>
        <name>Repeat</name>
        <remote_sys_id/>
        <sys_created_by>akash.sri</sys_created_by>
        <sys_created_on>2022-02-17 09:00:05</sys_created_on>
        <sys_id>4952cc6897f901108ac03f0e6253af17</sys_id>
        <sys_mod_count>1</sys_mod_count>
        <sys_scope/>
        <sys_updated_by>akash.sri</sys_updated_by>
        <sys_updated_on>2022-02-17 09:00:05</sys_updated_on>
        <trigger_definition display_value="Repeat">f63f0d94c32222002841b63b12d3aeed</trigger_definition>
        <trigger_inputs/>
        <trigger_outputs/>
        <trigger_type>repeat</trigger_type>
    </sys_hub_trigger_instance>
    <sys_variable_value action="DELETE" query="document_key=4952cc6897f901108ac03f0e6253af17"/>
    <sys_variable_value action="DELETE">
        <document>sys_hub_trigger_instance</document>
        <document_key>4952cc6897f901108ac03f0e6253af17</document_key>
        <order>100</order>
        <sys_class_name>sys_variable_value</sys_class_name>
        <sys_created_by>akash.sri</sys_created_by>
        <sys_created_on>2022-02-17 09:00:05</sys_created_on>
        <sys_id>0d52cc6897f901108ac03f0e6253af18</sys_id>
        <sys_mod_count>0</sys_mod_count>
        <sys_updated_by>akash.sri</sys_updated_by>
        <sys_updated_on>2022-02-17 09:00:05</sys_updated_on>
        <value>1970-01-01 00:00:01</value>
        <variable display_value="Repeat">1c5f4d94c32222002841b63b12d3aeb3</variable>
    </sys_variable_value>
    <sys_element_mapping action="DELETE" query="table=var__m_sys_hub_trigger_input_f63f0d94c32222002841b63b12d3aeed^id=4952cc6897f901108ac03f0e6253af17"/>
    <sys_hub_flow_stage action="DELETE" query="flow=659f7f9497f901108ac03f0e6253af62"/>
    <sys_flow_cat_variable_model action="DELETE" query="id=659f7f9497f901108ac03f0e6253af62^sys_idNOT IN619f7f9497f901108ac03f0e6253af63"/>
    <sys_flow_cat_variable_model action="DELETE">
        <id>659f7f9497f901108ac03f0e6253af62</id>
        <name>Lookup All Sheets</name>
        <sys_created_by>akash.sri</sys_created_by>
        <sys_created_on>2022-02-17 08:48:06</sys_created_on>
        <sys_id>619f7f9497f901108ac03f0e6253af63</sys_id>
        <sys_mod_count>0</sys_mod_count>
        <sys_scope/>
        <sys_updated_by>akash.sri</sys_updated_by>
        <sys_updated_on>2022-02-17 08:48:06</sys_updated_on>
    </sys_flow_cat_variable_model>
    <sys_flow_cat_variable action="DELETE" query="flow_catalog_model=619f7f9497f901108ac03f0e6253af63"/>
    <sys_hub_flow_input action="DELETE" query="model=659f7f9497f901108ac03f0e6253af62"/>
    <sys_hub_flow_output action="DELETE" query="model=659f7f9497f901108ac03f0e6253af62"/>
    <sys_hub_alias_mapping action="DELETE" query="source_id=659f7f9497f901108ac03f0e6253af62"/>
    <sys_hub_action_instance action="DELETE" query="flow=659f7f9497f901108ac03f0e6253af62"/>
    <sys_hub_sub_flow_instance action="DELETE" query="flow=659f7f9497f901108ac03f0e6253af62"/>
    <sys_hub_flow_logic action="DELETE" query="flow=659f7f9497f901108ac03f0e6253af62"/>
    <sys_hub_pill_compound action="DELETE" query="attached_to=659f7f9497f901108ac03f0e6253af62"/>
    <sys_hub_flow_variable action="DELETE" query="model=659f7f9497f901108ac03f0e6253af62"/>
    <sys_documentation action="DELETE" query="name=var__m_sys_hub_flow_input_659f7f9497f901108ac03f0e6253af62"/>
    <sys_choice action="DELETE" query="name=var__m_sys_hub_flow_input_659f7f9497f901108ac03f0e6253af62"/>
    <sys_documentation action="DELETE" query="name=var__m_sys_hub_flow_output_659f7f9497f901108ac03f0e6253af62"/>
    <sys_choice action="DELETE" query="name=var__m_sys_hub_flow_output_659f7f9497f901108ac03f0e6253af62"/>
    <sys_flow_trigger_plan action="DELETE" query="plan_id=659f7f9497f901108ac03f0e6253af62"/>
    <sys_flow_subflow_plan action="DELETE" query="plan_id=659f7f9497f901108ac03f0e6253af62"/>
    <sys_update_version action="INSERT_OR_UPDATE">
        <action>DELETE</action>
        <application display_value="Smartsheet Spoke">f719677374021010fa9bb5ebcba7e550</application>
        <file_path/>
        <instance_id>428a36c905030110effdd6012ef1a058</instance_id>
        <instance_name>glide_db_dump</instance_name>
        <name>sys_hub_flow_659f7f9497f901108ac03f0e6253af62</name>
        <payload><![CDATA[<?xml version="1.0" encoding="UTF-8"?><record_update sys_domain="global" table="sys_hub_flow"><sys_hub_flow action="INSERT_OR_UPDATE"><access>public</access><acls/><active>false</active><annotation/><callable_by_client_api>false</callable_by_client_api><category/><compiler_build/><copied_from/><copied_from_name/><description/><internal_name>lookup_all_sheets</internal_name><label_cache>[]</label_cache><latest_snapshot/><master_snapshot/><name>Look up All Sheets</name><natlang/><outputs/><remote_trigger_id/><run_as>user</run_as><run_with_roles/><sc_callable>false</sc_callable><show_draft_actions>false</show_draft_actions><show_triggered_flows>false</show_triggered_flows><status>draft</status><sys_class_name>sys_hub_flow</sys_class_name><sys_created_by>akash.sri</sys_created_by><sys_created_on>2022-02-17 08:48:06</sys_created_on><sys_domain>global</sys_domain><sys_domain_path>/</sys_domain_path><sys_id>659f7f9497f901108ac03f0e6253af62</sys_id><sys_mod_count>1</sys_mod_count><sys_name>Look up All Sheets</sys_name><sys_overrides/><sys_package display_value="Smartsheet Spoke" source="sn_smrtsheet_spoke">f719677374021010fa9bb5ebcba7e550</sys_package><sys_policy/><sys_scope display_value="Smartsheet Spoke">f719677374021010fa9bb5ebcba7e550</sys_scope><sys_update_name>sys_hub_flow_659f7f9497f901108ac03f0e6253af62</sys_update_name><sys_updated_by>akash.sri</sys_updated_by><sys_updated_on>2022-02-17 09:00:07</sys_updated_on><type>flow</type></sys_hub_flow><sys_translated_text action="delete_multiple" query="documentkey=659f7f9497f901108ac03f0e6253af62"/><sys_variable_value action="delete_multiple" query="document_key=659f7f9497f901108ac03f0e6253af62"/><sys_hub_trigger_instance action="delete_multiple" query="flow=659f7f9497f901108ac03f0e6253af62^sys_idNOT IN4952cc6897f901108ac03f0e6253af17"/><sys_hub_trigger_instance action="INSERT_OR_UPDATE"><comment/><display_text/><flow display_value="Look up All Sheets">659f7f9497f901108ac03f0e6253af62</flow><name>Repeat</name><remote_sys_id/><sys_created_by>akash.sri</sys_created_by><sys_created_on>2022-02-17 09:00:05</sys_created_on><sys_id>4952cc6897f901108ac03f0e6253af17</sys_id><sys_mod_count>1</sys_mod_count><sys_scope/><sys_updated_by>akash.sri</sys_updated_by><sys_updated_on>2022-02-17 09:00:05</sys_updated_on><trigger_definition display_value="Repeat">f63f0d94c32222002841b63b12d3aeed</trigger_definition><trigger_inputs/><trigger_outputs/><trigger_type>repeat</trigger_type></sys_hub_trigger_instance><sys_variable_value action="delete_multiple" query="document_key=4952cc6897f901108ac03f0e6253af17"/><sys_variable_value action="INSERT_OR_UPDATE"><document>sys_hub_trigger_instance</document><document_key>4952cc6897f901108ac03f0e6253af17</document_key><order>100</order><sys_class_name>sys_variable_value</sys_class_name><sys_created_by>akash.sri</sys_created_by><sys_created_on>2022-02-17 09:00:05</sys_created_on><sys_id>0d52cc6897f901108ac03f0e6253af18</sys_id><sys_mod_count>0</sys_mod_count><sys_updated_by>akash.sri</sys_updated_by><sys_updated_on>2022-02-17 09:00:05</sys_updated_on><value>1970-01-01 00:00:01</value><variable display_value="Repeat">1c5f4d94c32222002841b63b12d3aeb3</variable></sys_variable_value><sys_element_mapping action="delete_multiple" query="table=var__m_sys_hub_trigger_input_f63f0d94c32222002841b63b12d3aeed^id=4952cc6897f901108ac03f0e6253af17"/><sys_hub_flow_stage action="delete_multiple" query="flow=659f7f9497f901108ac03f0e6253af62"/><sys_flow_cat_variable_model action="delete_multiple" query="id=659f7f9497f901108ac03f0e6253af62^sys_idNOT IN619f7f9497f901108ac03f0e6253af63"/><sys_flow_cat_variable_model action="INSERT_OR_UPDATE"><id>659f7f9497f901108ac03f0e6253af62</id><name>Lookup All Sheets</name><sys_created_by>akash.sri</sys_created_by><sys_created_on>2022-02-17 08:48:06</sys_created_on><sys_id>619f7f9497f901108ac03f0e6253af63</sys_id><sys_mod_count>0</sys_mod_count><sys_scope/><sys_updated_by>akash.sri</sys_updated_by><sys_updated_on>2022-02-17 08:48:06</sys_updated_on></sys_flow_cat_variable_model><sys_flow_cat_variable action="delete_multiple" query="flow_catalog_model=619f7f9497f901108ac03f0e6253af63"/><sys_hub_flow_input action="delete_multiple" query="model=659f7f9497f901108ac03f0e6253af62"/><sys_hub_flow_output action="delete_multiple" query="model=659f7f9497f901108ac03f0e6253af62"/><sys_hub_alias_mapping action="delete_multiple" query="source_id=659f7f9497f901108ac03f0e6253af62"/><sys_hub_action_instance action="delete_multiple" query="flow=659f7f9497f901108ac03f0e6253af62"/><sys_hub_sub_flow_instance action="delete_multiple" query="flow=659f7f9497f901108ac03f0e6253af62"/><sys_hub_flow_logic action="delete_multiple" query="flow=659f7f9497f901108ac03f0e6253af62"/><sys_hub_pill_compound action="delete_multiple" query="attached_to=659f7f9497f901108ac03f0e6253af62"/><sys_hub_flow_variable action="delete_multiple" query="model=659f7f9497f901108ac03f0e6253af62"/><sys_documentation action="delete_multiple" query="name=var__m_sys_hub_flow_input_659f7f9497f901108ac03f0e6253af62"/><sys_choice action="delete_multiple" query="name=var__m_sys_hub_flow_input_659f7f9497f901108ac03f0e6253af62"/><sys_documentation action="delete_multiple" query="name=var__m_sys_hub_flow_output_659f7f9497f901108ac03f0e6253af62"/><sys_choice action="delete_multiple" query="name=var__m_sys_hub_flow_output_659f7f9497f901108ac03f0e6253af62"/><sys_flow_trigger_plan action="delete_multiple" query="plan_id=659f7f9497f901108ac03f0e6253af62"/><sys_flow_subflow_plan action="delete_multiple" query="plan_id=659f7f9497f901108ac03f0e6253af62"/></record_update>]]></payload>
        <payload_hash>483123427</payload_hash>
        <record_name>Look up All Sheets</record_name>
        <reverted_from/>
        <source>820218f7a3630110b94d8b3f26fcdac6</source>
        <source_table>sys_update_set</source_table>
        <state>previous</state>
        <sys_created_by>admin</sys_created_by>
        <sys_created_on>2022-05-25 12:55:44</sys_created_on>
        <sys_id>f67a1037a3a30110b94d8b3f26fcda6e</sys_id>
        <sys_mod_count>0</sys_mod_count>
        <sys_recorded_at>180fb4994400000001</sys_recorded_at>
        <sys_updated_by>admin</sys_updated_by>
        <sys_updated_on>2022-05-25 12:55:44</sys_updated_on>
        <type>Flow</type>
        <update_guid>f152cc68f3f90110db6063f0c552a641</update_guid>
        <update_guid_history>f152cc68f3f90110db6063f0c552a641:483123427,b59fbf94eaf9011019bf3b1df37b9f54:1171257310</update_guid_history>
    </sys_update_version>
    <sys_metadata_delete action="INSERT_OR_UPDATE">
        <sys_audit_delete/>
        <sys_class_name>sys_metadata_delete</sys_class_name>
        <sys_created_by>admin</sys_created_by>
        <sys_created_on>2022-06-02 09:06:49</sys_created_on>
        <sys_db_object display_value="" name="sys_hub_flow">sys_hub_flow</sys_db_object>
        <sys_id>138236340e8c4541be5c10bce0e8bbb9</sys_id>
        <sys_metadata>659f7f9497f901108ac03f0e6253af62</sys_metadata>
        <sys_mod_count>0</sys_mod_count>
        <sys_name>Look up All Sheets</sys_name>
        <sys_package display_value="Smartsheet Spoke" source="sn_smrtsheet_spoke">f719677374021010fa9bb5ebcba7e550</sys_package>
        <sys_parent/>
        <sys_policy/>
        <sys_scope display_value="Smartsheet Spoke">f719677374021010fa9bb5ebcba7e550</sys_scope>
        <sys_scope_delete display_value="">133f37b1d8bc4836887f20453fbd5cc9</sys_scope_delete>
        <sys_update_name>sys_hub_flow_659f7f9497f901108ac03f0e6253af62</sys_update_name>
        <sys_update_version display_value="sys_hub_flow_659f7f9497f901108ac03f0e6253af62">f67a1037a3a30110b94d8b3f26fcda6e</sys_update_version>
        <sys_updated_by>admin</sys_updated_by>
        <sys_updated_on>2022-06-02 09:06:49</sys_updated_on>
    </sys_metadata_delete>
</record_update>
