<?xml version="1.0" encoding="UTF-8"?><record_update table="sys_db_object">
    <sys_db_object action="DELETE">
        <access>public</access>
        <actions_access>true</actions_access>
        <alter_access>true</alter_access>
        <caller_access/>
        <client_scripts_access>true</client_scripts_access>
        <configuration_access>true</configuration_access>
        <create_access>false</create_access>
        <create_access_controls>true</create_access_controls>
        <delete_access>false</delete_access>
        <extension_model/>
        <is_extendable>false</is_extendable>
        <label>SmartSheet Sheets by date</label>
        <live_feed_enabled>false</live_feed_enabled>
        <name>sn_smrtsheet_spoke_smartsheet_sheets_by_date</name>
        <number_ref/>
        <provider_class/>
        <read_access>true</read_access>
        <scriptable_table>false</scriptable_table>
        <super_class/>
        <sys_class_code/>
        <sys_class_name>sys_db_object</sys_class_name>
        <sys_class_path/>
        <sys_created_by>akash</sys_created_by>
        <sys_created_on>2022-03-23 08:13:57</sys_created_on>
        <sys_id>30bdba1387dac5104cbb42e5dabb3518</sys_id>
        <sys_mod_count>1</sys_mod_count>
        <sys_name>SmartSheet Sheets by date</sys_name>
        <sys_package display_value="Smartsheet Spoke" source="sn_smrtsheet_spoke">f719677374021010fa9bb5ebcba7e550</sys_package>
        <sys_policy/>
        <sys_scope display_value="Smartsheet Spoke">f719677374021010fa9bb5ebcba7e550</sys_scope>
        <sys_update_name>sys_db_object_30bdba1387dac5104cbb42e5dabb3518</sys_update_name>
        <sys_updated_by>akash</sys_updated_by>
        <sys_updated_on>2022-03-24 11:34:19</sys_updated_on>
        <update_access>false</update_access>
        <user_role display_value="sn_smrtsheet_spoke.smartsheet_sheets_by_date_user" name="sn_smrtsheet_spoke.smartsheet_sheets_by_date_user">a4ddbe1387dac5104cbb42e5dabb355a</user_role>
        <ws_access>true</ws_access>
    </sys_db_object>
    <sys_update_version action="INSERT_OR_UPDATE">
        <action>DELETE</action>
        <application display_value="Smartsheet Spoke">f719677374021010fa9bb5ebcba7e550</application>
        <file_path/>
        <instance_id>428a36c905030110effdd6012ef1a058</instance_id>
        <instance_name>glide_db_dump</instance_name>
        <name>sys_db_object_30bdba1387dac5104cbb42e5dabb3518</name>
        <payload><![CDATA[<?xml version="1.0" encoding="UTF-8"?><record_update table="sys_db_object"><sys_db_object action="INSERT_OR_UPDATE"><access>public</access><actions_access>true</actions_access><alter_access>true</alter_access><caller_access/><client_scripts_access>true</client_scripts_access><configuration_access>true</configuration_access><create_access>false</create_access><create_access_controls>true</create_access_controls><delete_access>false</delete_access><extension_model/><is_extendable>false</is_extendable><label>SmartSheet Sheets by date</label><live_feed_enabled>false</live_feed_enabled><name>sn_smrtsheet_spoke_smartsheet_sheets_by_date</name><number_ref/><provider_class/><read_access>true</read_access><scriptable_table>false</scriptable_table><super_class/><sys_class_code/><sys_class_name>sys_db_object</sys_class_name><sys_class_path/><sys_created_by>akash</sys_created_by><sys_created_on>2022-03-23 08:13:57</sys_created_on><sys_id>30bdba1387dac5104cbb42e5dabb3518</sys_id><sys_mod_count>1</sys_mod_count><sys_name>SmartSheet Sheets by date</sys_name><sys_package display_value="Smartsheet Spoke" source="sn_smrtsheet_spoke">f719677374021010fa9bb5ebcba7e550</sys_package><sys_policy/><sys_scope display_value="Smartsheet Spoke">f719677374021010fa9bb5ebcba7e550</sys_scope><sys_update_name>sys_db_object_30bdba1387dac5104cbb42e5dabb3518</sys_update_name><sys_updated_by>akash</sys_updated_by><sys_updated_on>2022-03-24 11:34:19</sys_updated_on><update_access>false</update_access><user_role display_value="sn_smrtsheet_spoke.smartsheet_sheets_by_date_user" name="sn_smrtsheet_spoke.smartsheet_sheets_by_date_user">a4ddbe1387dac5104cbb42e5dabb355a</user_role><ws_access>true</ws_access></sys_db_object></record_update>]]></payload>
        <payload_hash>1926637712</payload_hash>
        <record_name>SmartSheet Sheets by date</record_name>
        <reverted_from/>
        <source>820218f7a3630110b94d8b3f26fcdac6</source>
        <source_table>sys_update_set</source_table>
        <state>previous</state>
        <sys_created_by>admin</sys_created_by>
        <sys_created_on>2022-05-25 12:20:31</sys_created_on>
        <sys_id>0362d03ba3630110b94d8b3f26fcdabb</sys_id>
        <sys_mod_count>0</sys_mod_count>
        <sys_recorded_at>180fb2955a30000001</sys_recorded_at>
        <sys_updated_by>admin</sys_updated_by>
        <sys_updated_on>2022-05-25 12:20:31</sys_updated_on>
        <type>Table</type>
        <update_guid>f545f0f7c29a0910cb9f94597bcbb5e2</update_guid>
        <update_guid_history>f545f0f7c29a0910cb9f94597bcbb5e2:1926637712,11ddfe130bdac510112ccf0a780d98d2:817523544</update_guid_history>
    </sys_update_version>
    <sys_metadata_delete action="INSERT_OR_UPDATE">
        <sys_audit_delete/>
        <sys_class_name>sys_metadata_delete</sys_class_name>
        <sys_created_by>admin</sys_created_by>
        <sys_created_on>2022-06-02 09:48:32</sys_created_on>
        <sys_db_object display_value="" name="sys_db_object">sys_db_object</sys_db_object>
        <sys_id>020fe1857b8e410ca37bbca746ad54c4</sys_id>
        <sys_metadata>30bdba1387dac5104cbb42e5dabb3518</sys_metadata>
        <sys_mod_count>0</sys_mod_count>
        <sys_name>SmartSheet Sheets by date</sys_name>
        <sys_package display_value="Smartsheet Spoke" source="sn_smrtsheet_spoke">f719677374021010fa9bb5ebcba7e550</sys_package>
        <sys_parent/>
        <sys_policy/>
        <sys_scope display_value="Smartsheet Spoke">f719677374021010fa9bb5ebcba7e550</sys_scope>
        <sys_scope_delete display_value="">133f37b1d8bc4836887f20453fbd5cc9</sys_scope_delete>
        <sys_update_name>sys_db_object_30bdba1387dac5104cbb42e5dabb3518</sys_update_name>
        <sys_update_version display_value="sys_db_object_30bdba1387dac5104cbb42e5dabb3518">0362d03ba3630110b94d8b3f26fcdabb</sys_update_version>
        <sys_updated_by>admin</sys_updated_by>
        <sys_updated_on>2022-06-02 09:48:32</sys_updated_on>
    </sys_metadata_delete>
</record_update>
