<?xml version="1.0" encoding="UTF-8"?><record_update table="sys_security_acl_role">
    <sys_security_acl_role action="DELETE">
        <sys_class_name>sys_security_acl_role</sys_class_name>
        <sys_created_by>akash.sri</sys_created_by>
        <sys_created_on>2022-03-04 12:51:25</sys_created_on>
        <sys_id>00270a91978a01508ac03f0e6253afb7</sys_id>
        <sys_mod_count>0</sys_mod_count>
        <sys_name>sn_smrtsheet_spoke_smartsheet_webhook_subflow_table.sn_smrtsheet_spoke.smartsheet_webhook_subflow_table_user</sys_name>
        <sys_package display_value="Smartsheet Spoke" source="sn_smrtsheet_spoke">f719677374021010fa9bb5ebcba7e550</sys_package>
        <sys_policy/>
        <sys_scope display_value="Smartsheet Spoke">f719677374021010fa9bb5ebcba7e550</sys_scope>
        <sys_security_acl display_value="sn_smrtsheet_spoke_smartsheet_webhook_subflow_table">77170a91978a01508ac03f0e6253afb2</sys_security_acl>
        <sys_update_name>sys_security_acl_role_00270a91978a01508ac03f0e6253afb7</sys_update_name>
        <sys_updated_by>akash.sri</sys_updated_by>
        <sys_updated_on>2022-03-04 12:51:25</sys_updated_on>
        <sys_user_role display_value="sn_smrtsheet_spoke.smartsheet_webhook_subflow_table_user" name="sn_smrtsheet_spoke.smartsheet_webhook_subflow_table_user">7f170e51978a01508ac03f0e6253af2b</sys_user_role>
        <transaction_id/>
    </sys_security_acl_role>
    <sys_update_version action="INSERT_OR_UPDATE">
        <action>DELETE</action>
        <application display_value="Smartsheet Spoke">f719677374021010fa9bb5ebcba7e550</application>
        <file_path/>
        <instance_id>428a36c905030110effdd6012ef1a058</instance_id>
        <instance_name>glide_db_dump</instance_name>
        <name>sys_security_acl_role_00270a91978a01508ac03f0e6253afb7</name>
        <payload><![CDATA[<?xml version="1.0" encoding="UTF-8"?><record_update table="sys_security_acl_role"><sys_security_acl_role action="INSERT_OR_UPDATE"><sys_class_name>sys_security_acl_role</sys_class_name><sys_created_by>akash.sri</sys_created_by><sys_created_on>2022-03-04 12:51:25</sys_created_on><sys_id>00270a91978a01508ac03f0e6253afb7</sys_id><sys_mod_count>0</sys_mod_count><sys_name>sn_smrtsheet_spoke_smartsheet_webhook_subflow_table.sn_smrtsheet_spoke.smartsheet_webhook_subflow_table_user</sys_name><sys_package display_value="Smartsheet Spoke" source="sn_smrtsheet_spoke">f719677374021010fa9bb5ebcba7e550</sys_package><sys_policy/><sys_scope display_value="Smartsheet Spoke">f719677374021010fa9bb5ebcba7e550</sys_scope><sys_security_acl display_value="sn_smrtsheet_spoke_smartsheet_webhook_subflow_table">77170a91978a01508ac03f0e6253afb2</sys_security_acl><sys_update_name>sys_security_acl_role_00270a91978a01508ac03f0e6253afb7</sys_update_name><sys_updated_by>akash.sri</sys_updated_by><sys_updated_on>2022-03-04 12:51:25</sys_updated_on><sys_user_role display_value="sn_smrtsheet_spoke.smartsheet_webhook_subflow_table_user" name="sn_smrtsheet_spoke.smartsheet_webhook_subflow_table_user">7f170e51978a01508ac03f0e6253af2b</sys_user_role><transaction_id/></sys_security_acl_role></record_update>]]></payload>
        <payload_hash>-1715219398</payload_hash>
        <record_name>sn_smrtsheet_spoke_smartsheet_webhook_subflow_table.sn_smrtsheet_spoke.smartsheet_webhook_subflow_ta</record_name>
        <reverted_from/>
        <source>820218f7a3630110b94d8b3f26fcdac6</source>
        <source_table>sys_update_set</source_table>
        <state>previous</state>
        <sys_created_by>admin</sys_created_by>
        <sys_created_on>2022-05-25 12:55:47</sys_created_on>
        <sys_id>e37a5037a3a30110b94d8b3f26fcda05</sys_id>
        <sys_mod_count>0</sys_mod_count>
        <sys_recorded_at>180fb499fb70000001</sys_recorded_at>
        <sys_updated_by>admin</sys_updated_by>
        <sys_updated_on>2022-05-25 12:55:47</sys_updated_on>
        <type>Access Roles</type>
        <update_guid>84270a91858a01502a4f69a8320874ba</update_guid>
        <update_guid_history>84270a91858a01502a4f69a8320874ba:-1715219398</update_guid_history>
    </sys_update_version>
    <sys_metadata_delete action="INSERT_OR_UPDATE">
        <sys_audit_delete display_value="sn_smrtsheet_spoke_smartsheet_webhook_subflow_table.sn_smrtsheet_spoke.smartshee">1a1df4d6a3770110b94d8b3f26fcda19</sys_audit_delete>
        <sys_class_name>sys_metadata_delete</sys_class_name>
        <sys_created_by>admin</sys_created_by>
        <sys_created_on>2022-06-02 09:51:48</sys_created_on>
        <sys_db_object display_value="" name="sys_security_acl_role">sys_security_acl_role</sys_db_object>
        <sys_id>255932d939ff4e9c8c32667d7f571d84</sys_id>
        <sys_metadata>00270a91978a01508ac03f0e6253afb7</sys_metadata>
        <sys_mod_count>0</sys_mod_count>
        <sys_name>sn_smrtsheet_spoke_smartsheet_webhook_subflow_table.sn_smrtsheet_spoke.smartsheet_webhook_subflow_table_user</sys_name>
        <sys_package display_value="Smartsheet Spoke" source="sn_smrtsheet_spoke">f719677374021010fa9bb5ebcba7e550</sys_package>
        <sys_parent display_value="">77170a91978a01508ac03f0e6253afb2</sys_parent>
        <sys_policy/>
        <sys_scope display_value="Smartsheet Spoke">f719677374021010fa9bb5ebcba7e550</sys_scope>
        <sys_scope_delete display_value="">133f37b1d8bc4836887f20453fbd5cc9</sys_scope_delete>
        <sys_update_name>sys_security_acl_role_00270a91978a01508ac03f0e6253afb7</sys_update_name>
        <sys_update_version display_value="sys_security_acl_role_00270a91978a01508ac03f0e6253afb7">e37a5037a3a30110b94d8b3f26fcda05</sys_update_version>
        <sys_updated_by>admin</sys_updated_by>
        <sys_updated_on>2022-06-02 09:51:48</sys_updated_on>
    </sys_metadata_delete>
</record_update>
