<?xml version="1.0" encoding="UTF-8"?><record_update sys_domain="global" table="sys_app_module">
    <sys_app_module action="DELETE">
        <active>true</active>
        <application display_value="SmartSheet Webhooks">8987d6f6874e0110740c99783cbb351b</application>
        <assessment/>
        <device_type/>
        <filter/>
        <hint/>
        <homepage/>
        <image/>
        <link_type>LIST</link_type>
        <map_page/>
        <mobile_title>Webhooks Answer Table</mobile_title>
        <mobile_view_name>Mobile</mobile_view_name>
        <name>sn_smrtsheet_spoke_smartsheet_webhook_subflow_table</name>
        <order/>
        <override_menu_roles>false</override_menu_roles>
        <query/>
        <report/>
        <roles/>
        <sys_class_name>sys_app_module</sys_class_name>
        <sys_created_by>akash</sys_created_by>
        <sys_created_on>2022-03-31 07:50:03</sys_created_on>
        <sys_domain>global</sys_domain>
        <sys_domain_path>/</sys_domain_path>
        <sys_id>d7b440068722411072fbbaa8dabb35f0</sys_id>
        <sys_mod_count>0</sys_mod_count>
        <sys_name>Webhooks Subflow Answer Table</sys_name>
        <sys_overrides/>
        <sys_package display_value="Smartsheet Spoke" source="sn_smrtsheet_spoke">f719677374021010fa9bb5ebcba7e550</sys_package>
        <sys_policy/>
        <sys_scope display_value="Smartsheet Spoke">f719677374021010fa9bb5ebcba7e550</sys_scope>
        <sys_update_name>sys_app_module_d7b440068722411072fbbaa8dabb35f0</sys_update_name>
        <sys_updated_by>akash</sys_updated_by>
        <sys_updated_on>2022-03-31 07:50:03</sys_updated_on>
        <timeline_page/>
        <title>Webhooks Subflow Answer Table</title>
        <uncancelable>false</uncancelable>
        <view_name/>
        <window_name/>
    </sys_app_module>
    <sys_update_version action="INSERT_OR_UPDATE">
        <action>DELETE</action>
        <application display_value="Smartsheet Spoke">f719677374021010fa9bb5ebcba7e550</application>
        <file_path/>
        <instance_id>428a36c905030110effdd6012ef1a058</instance_id>
        <instance_name>glide_db_dump</instance_name>
        <name>sys_app_module_d7b440068722411072fbbaa8dabb35f0</name>
        <payload><![CDATA[<?xml version="1.0" encoding="UTF-8"?><record_update sys_domain="global" table="sys_app_module"><sys_app_module action="INSERT_OR_UPDATE"><active>true</active><application display_value="SmartSheet Webhooks">8987d6f6874e0110740c99783cbb351b</application><assessment/><device_type/><filter/><hint/><homepage/><image/><link_type>LIST</link_type><map_page/><mobile_title>Webhooks Answer Table</mobile_title><mobile_view_name>Mobile</mobile_view_name><name>sn_smrtsheet_spoke_smartsheet_webhook_subflow_table</name><order/><override_menu_roles>false</override_menu_roles><query/><report/><roles/><sys_class_name>sys_app_module</sys_class_name><sys_created_by>akash</sys_created_by><sys_created_on>2022-03-31 07:50:03</sys_created_on><sys_domain>global</sys_domain><sys_domain_path>/</sys_domain_path><sys_id>d7b440068722411072fbbaa8dabb35f0</sys_id><sys_mod_count>0</sys_mod_count><sys_name>Webhooks Subflow Answer Table</sys_name><sys_overrides/><sys_package display_value="Smartsheet Spoke" source="sn_smrtsheet_spoke">f719677374021010fa9bb5ebcba7e550</sys_package><sys_policy/><sys_scope display_value="Smartsheet Spoke">f719677374021010fa9bb5ebcba7e550</sys_scope><sys_update_name>sys_app_module_d7b440068722411072fbbaa8dabb35f0</sys_update_name><sys_updated_by>akash</sys_updated_by><sys_updated_on>2022-03-31 07:50:03</sys_updated_on><timeline_page/><title>Webhooks Subflow Answer Table</title><uncancelable>false</uncancelable><view_name/><window_name/></sys_app_module></record_update>]]></payload>
        <payload_hash>405534281</payload_hash>
        <record_name>Webhooks Subflow Answer Table</record_name>
        <reverted_from/>
        <source>820218f7a3630110b94d8b3f26fcdac6</source>
        <source_table>sys_update_set</source_table>
        <state>previous</state>
        <sys_created_by>admin</sys_created_by>
        <sys_created_on>2022-05-25 12:20:56</sys_created_on>
        <sys_id>b082d43ba3630110b94d8b3f26fcda65</sys_id>
        <sys_mod_count>0</sys_mod_count>
        <sys_recorded_at>180fb29b45c0000001</sys_recorded_at>
        <sys_updated_by>admin</sys_updated_by>
        <sys_updated_on>2022-05-25 12:20:56</sys_updated_on>
        <type>Module</type>
        <update_guid>201580064f224110f45cede0d9dba8dc</update_guid>
        <update_guid_history>201580064f224110f45cede0d9dba8dc:405534281</update_guid_history>
    </sys_update_version>
    <sys_metadata_delete action="INSERT_OR_UPDATE">
        <sys_audit_delete display_value="Webhooks Subflow Answer Table">ea1df4d6a3770110b94d8b3f26fcda54</sys_audit_delete>
        <sys_class_name>sys_metadata_delete</sys_class_name>
        <sys_created_by>admin</sys_created_by>
        <sys_created_on>2022-06-02 09:51:49</sys_created_on>
        <sys_db_object display_value="" name="sys_app_module">sys_app_module</sys_db_object>
        <sys_id>36a94afb863d474281c0c4e4e4f8c8f9</sys_id>
        <sys_metadata>d7b440068722411072fbbaa8dabb35f0</sys_metadata>
        <sys_mod_count>0</sys_mod_count>
        <sys_name>Webhooks Subflow Answer Table</sys_name>
        <sys_package display_value="Smartsheet Spoke" source="sn_smrtsheet_spoke">f719677374021010fa9bb5ebcba7e550</sys_package>
        <sys_parent/>
        <sys_policy/>
        <sys_scope display_value="Smartsheet Spoke">f719677374021010fa9bb5ebcba7e550</sys_scope>
        <sys_scope_delete display_value="">133f37b1d8bc4836887f20453fbd5cc9</sys_scope_delete>
        <sys_update_name>sys_app_module_d7b440068722411072fbbaa8dabb35f0</sys_update_name>
        <sys_update_version display_value="sys_app_module_d7b440068722411072fbbaa8dabb35f0">b082d43ba3630110b94d8b3f26fcda65</sys_update_version>
        <sys_updated_by>admin</sys_updated_by>
        <sys_updated_on>2022-06-02 09:51:49</sys_updated_on>
    </sys_metadata_delete>
</record_update>
