<?xml version="1.0" encoding="UTF-8"?><record_update sys_domain="global" table="sys_hub_flow">
    <sys_hub_flow action="DELETE">
        <access>public</access>
        <acls/>
        <active>false</active>
        <annotation/>
        <callable_by_client_api>false</callable_by_client_api>
        <category/>
        <compiler_build/>
        <copied_from/>
        <copied_from_name/>
        <description/>
        <internal_name>testing_actions</internal_name>
        <label_cache>[]</label_cache>
        <latest_snapshot/>
        <master_snapshot/>
        <name>Testing Actions</name>
        <natlang/>
        <outputs/>
        <remote_trigger_id/>
        <run_as>system</run_as>
        <run_with_roles/>
        <sc_callable>false</sc_callable>
        <show_draft_actions>false</show_draft_actions>
        <show_triggered_flows>false</show_triggered_flows>
        <status>draft</status>
        <sys_class_name>sys_hub_flow</sys_class_name>
        <sys_created_by>akash.s</sys_created_by>
        <sys_created_on>2022-06-17 07:08:34</sys_created_on>
        <sys_domain>global</sys_domain>
        <sys_domain_path>/</sys_domain_path>
        <sys_id>2597a54b878411503bdd4226dabb35db</sys_id>
        <sys_mod_count>0</sys_mod_count>
        <sys_name>Testing Actions</sys_name>
        <sys_overrides/>
        <sys_package display_value="Smartsheet Spoke" source="sn_smrtsheet_spoke">f719677374021010fa9bb5ebcba7e550</sys_package>
        <sys_policy/>
        <sys_scope display_value="Smartsheet Spoke">f719677374021010fa9bb5ebcba7e550</sys_scope>
        <sys_update_name>sys_hub_flow_2597a54b878411503bdd4226dabb35db</sys_update_name>
        <sys_updated_by>akash.s</sys_updated_by>
        <sys_updated_on>2022-06-17 07:08:34</sys_updated_on>
        <type>flow</type>
    </sys_hub_flow>
    <sys_translated_text action="DELETE" query="documentkey=2597a54b878411503bdd4226dabb35db"/>
    <sys_variable_value action="DELETE" query="document_key=2597a54b878411503bdd4226dabb35db"/>
    <sys_hub_trigger_instance action="DELETE" query="flow=2597a54b878411503bdd4226dabb35db"/>
    <sys_hub_flow_stage action="DELETE" query="flow=2597a54b878411503bdd4226dabb35db"/>
    <sys_flow_cat_variable_model action="DELETE" query="id=2597a54b878411503bdd4226dabb35db^sys_idNOT IN7d97a54b878411503bdd4226dabb35dd"/>
    <sys_flow_cat_variable_model action="DELETE">
        <id>2597a54b878411503bdd4226dabb35db</id>
        <name>Testing Actions</name>
        <sys_created_by>akash.s</sys_created_by>
        <sys_created_on>2022-06-17 07:08:34</sys_created_on>
        <sys_id>7d97a54b878411503bdd4226dabb35dd</sys_id>
        <sys_mod_count>0</sys_mod_count>
        <sys_scope/>
        <sys_updated_by>akash.s</sys_updated_by>
        <sys_updated_on>2022-06-17 07:08:34</sys_updated_on>
    </sys_flow_cat_variable_model>
    <sys_flow_cat_variable action="DELETE" query="flow_catalog_model=7d97a54b878411503bdd4226dabb35dd"/>
    <sys_hub_flow_input action="DELETE" query="model=2597a54b878411503bdd4226dabb35db"/>
    <sys_hub_flow_output action="DELETE" query="model=2597a54b878411503bdd4226dabb35db"/>
    <sys_hub_alias_mapping action="DELETE" query="source_id=2597a54b878411503bdd4226dabb35db"/>
    <sys_hub_action_instance action="DELETE" query="flow=2597a54b878411503bdd4226dabb35db"/>
    <sys_hub_sub_flow_instance action="DELETE" query="flow=2597a54b878411503bdd4226dabb35db"/>
    <sys_hub_flow_logic action="DELETE" query="flow=2597a54b878411503bdd4226dabb35db"/>
    <sys_hub_pill_compound action="DELETE" query="attached_to=2597a54b878411503bdd4226dabb35db"/>
    <sys_hub_flow_variable action="DELETE" query="model=2597a54b878411503bdd4226dabb35db"/>
    <sys_documentation action="DELETE" query="name=var__m_sys_hub_flow_input_2597a54b878411503bdd4226dabb35db"/>
    <sys_choice action="DELETE" query="name=var__m_sys_hub_flow_input_2597a54b878411503bdd4226dabb35db"/>
    <sys_documentation action="DELETE" query="name=var__m_sys_hub_flow_output_2597a54b878411503bdd4226dabb35db"/>
    <sys_choice action="DELETE" query="name=var__m_sys_hub_flow_output_2597a54b878411503bdd4226dabb35db"/>
    <sys_flow_trigger_plan action="DELETE" query="plan_id=2597a54b878411503bdd4226dabb35db"/>
    <sys_flow_subflow_plan action="DELETE" query="plan_id=2597a54b878411503bdd4226dabb35db"/>
    <sys_update_version action="INSERT_OR_UPDATE">
        <action>DELETE</action>
        <application display_value="Smartsheet Spoke">f719677374021010fa9bb5ebcba7e550</application>
        <file_path/>
        <instance_id>f5b4ce77db7b0d9407072f17d496190d</instance_id>
        <instance_name>ajaytokyo2</instance_name>
        <name>sys_hub_flow_2597a54b878411503bdd4226dabb35db</name>
        <payload><![CDATA[<?xml version="1.0" encoding="UTF-8"?><record_update sys_domain="global" table="sys_hub_flow"><sys_hub_flow action="INSERT_OR_UPDATE"><access>public</access><acls/><active>false</active><annotation/><callable_by_client_api>false</callable_by_client_api><category/><compiler_build/><copied_from/><copied_from_name/><description/><internal_name>testing_actions</internal_name><label_cache>[]</label_cache><latest_snapshot/><master_snapshot/><name>Testing Actions</name><natlang/><outputs/><remote_trigger_id/><run_as>system</run_as><run_with_roles/><sc_callable>false</sc_callable><show_draft_actions>false</show_draft_actions><show_triggered_flows>false</show_triggered_flows><status>draft</status><sys_class_name>sys_hub_flow</sys_class_name><sys_created_by>akash.s</sys_created_by><sys_created_on>2022-06-17 07:08:34</sys_created_on><sys_domain>global</sys_domain><sys_domain_path>/</sys_domain_path><sys_id>2597a54b878411503bdd4226dabb35db</sys_id><sys_mod_count>0</sys_mod_count><sys_name>Testing Actions</sys_name><sys_overrides/><sys_package display_value="Smartsheet Spoke" source="sn_smrtsheet_spoke">f719677374021010fa9bb5ebcba7e550</sys_package><sys_policy/><sys_scope display_value="Smartsheet Spoke">f719677374021010fa9bb5ebcba7e550</sys_scope><sys_update_name>sys_hub_flow_2597a54b878411503bdd4226dabb35db</sys_update_name><sys_updated_by>akash.s</sys_updated_by><sys_updated_on>2022-06-17 07:08:34</sys_updated_on><type>flow</type></sys_hub_flow><sys_translated_text action="delete_multiple" query="documentkey=2597a54b878411503bdd4226dabb35db"/><sys_variable_value action="delete_multiple" query="document_key=2597a54b878411503bdd4226dabb35db"/><sys_hub_trigger_instance action="delete_multiple" query="flow=2597a54b878411503bdd4226dabb35db"/><sys_hub_flow_stage action="delete_multiple" query="flow=2597a54b878411503bdd4226dabb35db"/><sys_flow_cat_variable_model action="delete_multiple" query="id=2597a54b878411503bdd4226dabb35db^sys_idNOT IN7d97a54b878411503bdd4226dabb35dd"/><sys_flow_cat_variable_model action="INSERT_OR_UPDATE"><id>2597a54b878411503bdd4226dabb35db</id><name>Testing Actions</name><sys_created_by>akash.s</sys_created_by><sys_created_on>2022-06-17 07:08:34</sys_created_on><sys_id>7d97a54b878411503bdd4226dabb35dd</sys_id><sys_mod_count>0</sys_mod_count><sys_scope/><sys_updated_by>akash.s</sys_updated_by><sys_updated_on>2022-06-17 07:08:34</sys_updated_on></sys_flow_cat_variable_model><sys_flow_cat_variable action="delete_multiple" query="flow_catalog_model=7d97a54b878411503bdd4226dabb35dd"/><sys_hub_flow_input action="delete_multiple" query="model=2597a54b878411503bdd4226dabb35db"/><sys_hub_flow_output action="delete_multiple" query="model=2597a54b878411503bdd4226dabb35db"/><sys_hub_alias_mapping action="delete_multiple" query="source_id=2597a54b878411503bdd4226dabb35db"/><sys_hub_action_instance action="delete_multiple" query="flow=2597a54b878411503bdd4226dabb35db"/><sys_hub_sub_flow_instance action="delete_multiple" query="flow=2597a54b878411503bdd4226dabb35db"/><sys_hub_flow_logic action="delete_multiple" query="flow=2597a54b878411503bdd4226dabb35db"/><sys_hub_pill_compound action="delete_multiple" query="attached_to=2597a54b878411503bdd4226dabb35db"/><sys_hub_flow_variable action="delete_multiple" query="model=2597a54b878411503bdd4226dabb35db"/><sys_documentation action="delete_multiple" query="name=var__m_sys_hub_flow_input_2597a54b878411503bdd4226dabb35db"/><sys_choice action="delete_multiple" query="name=var__m_sys_hub_flow_input_2597a54b878411503bdd4226dabb35db"/><sys_documentation action="delete_multiple" query="name=var__m_sys_hub_flow_output_2597a54b878411503bdd4226dabb35db"/><sys_choice action="delete_multiple" query="name=var__m_sys_hub_flow_output_2597a54b878411503bdd4226dabb35db"/><sys_flow_trigger_plan action="delete_multiple" query="plan_id=2597a54b878411503bdd4226dabb35db"/><sys_flow_subflow_plan action="delete_multiple" query="plan_id=2597a54b878411503bdd4226dabb35db"/></record_update>]]></payload>
        <payload_hash>1897398398</payload_hash>
        <record_name>Testing Actions</record_name>
        <reverted_from/>
        <source>1ee716c347c45110395052a5d36d4364</source>
        <source_table>sys_update_set</source_table>
        <state>previous</state>
        <sys_created_by>mayank.sharma</sys_created_by>
        <sys_created_on>2022-06-17 10:39:52</sys_created_on>
        <sys_id>34f756c347c45110395052a5d36d4388</sys_id>
        <sys_mod_count>0</sys_mod_count>
        <sys_recorded_at>181713f728e0000001</sys_recorded_at>
        <sys_updated_by>mayank.sharma</sys_updated_by>
        <sys_updated_on>2022-06-17 10:39:52</sys_updated_on>
        <type>Flow</type>
        <update_guid>4a97e54b668411505085dabbaf50ac24</update_guid>
        <update_guid_history>4a97e54b668411505085dabbaf50ac24:1897398398</update_guid_history>
    </sys_update_version>
    <sys_metadata_delete action="INSERT_OR_UPDATE">
        <sys_audit_delete/>
        <sys_class_name>sys_metadata_delete</sys_class_name>
        <sys_created_by>rahul.tadisetti@snc</sys_created_by>
        <sys_created_on>2022-06-19 16:41:16</sys_created_on>
        <sys_db_object display_value="" name="sys_hub_flow">sys_hub_flow</sys_db_object>
        <sys_id>4e48ce0e8b2942f99b56738779d40fe1</sys_id>
        <sys_metadata>2597a54b878411503bdd4226dabb35db</sys_metadata>
        <sys_name>Testing Actions</sys_name>
        <sys_package display_value="Smartsheet Spoke" source="sn_smrtsheet_spoke">f719677374021010fa9bb5ebcba7e550</sys_package>
        <sys_parent/>
        <sys_policy/>
        <sys_scope display_value="Smartsheet Spoke">f719677374021010fa9bb5ebcba7e550</sys_scope>
        <sys_scope_delete display_value="">133f37b1d8bc4836887f20453fbd5cc9</sys_scope_delete>
        <sys_update_name>sys_hub_flow_2597a54b878411503bdd4226dabb35db</sys_update_name>
        <sys_update_version display_value="sys_hub_flow_2597a54b878411503bdd4226dabb35db">34f756c347c45110395052a5d36d4388</sys_update_version>
    </sys_metadata_delete>
</record_update>
