<?xml version="1.0" encoding="UTF-8"?><record_update table="sys_security_acl_role">
    <sys_security_acl_role action="DELETE">
        <sys_class_name>sys_security_acl_role</sys_class_name>
        <sys_created_by>akash.sri</sys_created_by>
        <sys_created_on>2022-02-28 11:54:58</sys_created_on>
        <sys_id>4ad3ddc497860d108ac03f0e6253af8a</sys_id>
        <sys_mod_count>0</sys_mod_count>
        <sys_name>sn_smrtsheet_spoke_smartsheets_webhook_registry.sn_smrtsheet_spoke.smartsheets_webhook_registry_user</sys_name>
        <sys_package display_value="Smartsheet Spoke" source="sn_smrtsheet_spoke">f719677374021010fa9bb5ebcba7e550</sys_package>
        <sys_policy/>
        <sys_scope display_value="Smartsheet Spoke">f719677374021010fa9bb5ebcba7e550</sys_scope>
        <sys_security_acl display_value="sn_smrtsheet_spoke_smartsheets_webhook_registry">cad3ddc497860d108ac03f0e6253af85</sys_security_acl>
        <sys_update_name>sys_security_acl_role_4ad3ddc497860d108ac03f0e6253af8a</sys_update_name>
        <sys_updated_by>akash.sri</sys_updated_by>
        <sys_updated_on>2022-02-28 11:54:58</sys_updated_on>
        <sys_user_role display_value="sn_smrtsheet_spoke.smartsheets_webhook_registry_user" name="sn_smrtsheet_spoke.smartsheets_webhook_registry_user">a9d399c497860d108ac03f0e6253af6f</sys_user_role>
        <transaction_id/>
    </sys_security_acl_role>
    <sys_update_version action="INSERT_OR_UPDATE">
        <action>DELETE</action>
        <application display_value="Smartsheet Spoke">f719677374021010fa9bb5ebcba7e550</application>
        <file_path/>
        <instance_id>428a36c905030110effdd6012ef1a058</instance_id>
        <instance_name>glide_db_dump</instance_name>
        <name>sys_security_acl_role_4ad3ddc497860d108ac03f0e6253af8a</name>
        <payload><![CDATA[<?xml version="1.0" encoding="UTF-8"?><record_update table="sys_security_acl_role"><sys_security_acl_role action="INSERT_OR_UPDATE"><sys_class_name>sys_security_acl_role</sys_class_name><sys_created_by>akash.sri</sys_created_by><sys_created_on>2022-02-28 11:54:58</sys_created_on><sys_id>4ad3ddc497860d108ac03f0e6253af8a</sys_id><sys_mod_count>0</sys_mod_count><sys_name>sn_smrtsheet_spoke_smartsheets_webhook_registry.sn_smrtsheet_spoke.smartsheets_webhook_registry_user</sys_name><sys_package display_value="Smartsheet Spoke" source="sn_smrtsheet_spoke">f719677374021010fa9bb5ebcba7e550</sys_package><sys_policy/><sys_scope display_value="Smartsheet Spoke">f719677374021010fa9bb5ebcba7e550</sys_scope><sys_security_acl display_value="sn_smrtsheet_spoke_smartsheets_webhook_registry">cad3ddc497860d108ac03f0e6253af85</sys_security_acl><sys_update_name>sys_security_acl_role_4ad3ddc497860d108ac03f0e6253af8a</sys_update_name><sys_updated_by>akash.sri</sys_updated_by><sys_updated_on>2022-02-28 11:54:58</sys_updated_on><sys_user_role display_value="sn_smrtsheet_spoke.smartsheets_webhook_registry_user" name="sn_smrtsheet_spoke.smartsheets_webhook_registry_user">a9d399c497860d108ac03f0e6253af6f</sys_user_role><transaction_id/></sys_security_acl_role></record_update>]]></payload>
        <payload_hash>645323391</payload_hash>
        <record_name>sn_smrtsheet_spoke_smartsheets_webhook_registry.sn_smrtsheet_spoke.smartsheets_webhook_registry_user</record_name>
        <reverted_from/>
        <source>820218f7a3630110b94d8b3f26fcdac6</source>
        <source_table>sys_update_set</source_table>
        <state>previous</state>
        <sys_created_by>admin</sys_created_by>
        <sys_created_on>2022-05-25 12:55:48</sys_created_on>
        <sys_id>fb7a5037a3a30110b94d8b3f26fcda17</sys_id>
        <sys_mod_count>0</sys_mod_count>
        <sys_recorded_at>180fb49a1830000001</sys_recorded_at>
        <sys_updated_by>admin</sys_updated_by>
        <sys_updated_on>2022-05-25 12:55:48</sys_updated_on>
        <type>Access Roles</type>
        <update_guid>02d3ddc495860d10e3f2993157c8978e</update_guid>
        <update_guid_history>02d3ddc495860d10e3f2993157c8978e:645323391</update_guid_history>
    </sys_update_version>
    <sys_metadata_delete action="INSERT_OR_UPDATE">
        <sys_audit_delete display_value="sn_smrtsheet_spoke_smartsheets_webhook_registry.sn_smrtsheet_spoke.smartsheets_w">a0dd341aa3770110b94d8b3f26fcdae2</sys_audit_delete>
        <sys_class_name>sys_metadata_delete</sys_class_name>
        <sys_created_by>admin</sys_created_by>
        <sys_created_on>2022-06-02 09:54:57</sys_created_on>
        <sys_db_object display_value="" name="sys_security_acl_role">sys_security_acl_role</sys_db_object>
        <sys_id>bdb7ffa2c20c44b09be1e7c729775e64</sys_id>
        <sys_metadata>4ad3ddc497860d108ac03f0e6253af8a</sys_metadata>
        <sys_mod_count>0</sys_mod_count>
        <sys_name>sn_smrtsheet_spoke_smartsheets_webhook_registry.sn_smrtsheet_spoke.smartsheets_webhook_registry_user</sys_name>
        <sys_package display_value="Smartsheet Spoke" source="sn_smrtsheet_spoke">f719677374021010fa9bb5ebcba7e550</sys_package>
        <sys_parent display_value="sn_smrtsheet_spoke_smartsheets_webhook_registry">cad3ddc497860d108ac03f0e6253af85</sys_parent>
        <sys_policy/>
        <sys_scope display_value="Smartsheet Spoke">f719677374021010fa9bb5ebcba7e550</sys_scope>
        <sys_scope_delete display_value="">133f37b1d8bc4836887f20453fbd5cc9</sys_scope_delete>
        <sys_update_name>sys_security_acl_role_4ad3ddc497860d108ac03f0e6253af8a</sys_update_name>
        <sys_update_version display_value="sys_security_acl_role_4ad3ddc497860d108ac03f0e6253af8a">fb7a5037a3a30110b94d8b3f26fcda17</sys_update_version>
        <sys_updated_by>admin</sys_updated_by>
        <sys_updated_on>2022-06-02 09:54:57</sys_updated_on>
    </sys_metadata_delete>
</record_update>
