<?xml version="1.0" encoding="UTF-8"?><record_update table="sys_security_acl_role">
    <sys_security_acl_role action="DELETE">
        <sys_class_name>sys_security_acl_role</sys_class_name>
        <sys_created_by>akash.sri</sys_created_by>
        <sys_created_on>2022-02-28 11:54:58</sys_created_on>
        <sys_id>8ed3ddc497860d108ac03f0e6253af9f</sys_id>
        <sys_mod_count>0</sys_mod_count>
        <sys_name>sn_smrtsheet_spoke_smartsheets_webhook_registry.sn_smrtsheet_spoke.smartsheets_webhook_registry_user</sys_name>
        <sys_package display_value="Smartsheet Spoke" source="sn_smrtsheet_spoke">f719677374021010fa9bb5ebcba7e550</sys_package>
        <sys_policy/>
        <sys_scope display_value="Smartsheet Spoke">f719677374021010fa9bb5ebcba7e550</sys_scope>
        <sys_security_acl display_value="sn_smrtsheet_spoke_smartsheets_webhook_registry">0ad3ddc497860d108ac03f0e6253af9c</sys_security_acl>
        <sys_update_name>sys_security_acl_role_8ed3ddc497860d108ac03f0e6253af9f</sys_update_name>
        <sys_updated_by>akash.sri</sys_updated_by>
        <sys_updated_on>2022-02-28 11:54:58</sys_updated_on>
        <sys_user_role display_value="sn_smrtsheet_spoke.smartsheets_webhook_registry_user" name="sn_smrtsheet_spoke.smartsheets_webhook_registry_user">a9d399c497860d108ac03f0e6253af6f</sys_user_role>
        <transaction_id/>
    </sys_security_acl_role>
    <sys_update_version action="INSERT_OR_UPDATE">
        <action>DELETE</action>
        <application display_value="Smartsheet Spoke">f719677374021010fa9bb5ebcba7e550</application>
        <file_path/>
        <instance_id>428a36c905030110effdd6012ef1a058</instance_id>
        <instance_name>glide_db_dump</instance_name>
        <name>sys_security_acl_role_8ed3ddc497860d108ac03f0e6253af9f</name>
        <payload><![CDATA[<?xml version="1.0" encoding="UTF-8"?><record_update table="sys_security_acl_role"><sys_security_acl_role action="INSERT_OR_UPDATE"><sys_class_name>sys_security_acl_role</sys_class_name><sys_created_by>akash.sri</sys_created_by><sys_created_on>2022-02-28 11:54:58</sys_created_on><sys_id>8ed3ddc497860d108ac03f0e6253af9f</sys_id><sys_mod_count>0</sys_mod_count><sys_name>sn_smrtsheet_spoke_smartsheets_webhook_registry.sn_smrtsheet_spoke.smartsheets_webhook_registry_user</sys_name><sys_package display_value="Smartsheet Spoke" source="sn_smrtsheet_spoke">f719677374021010fa9bb5ebcba7e550</sys_package><sys_policy/><sys_scope display_value="Smartsheet Spoke">f719677374021010fa9bb5ebcba7e550</sys_scope><sys_security_acl display_value="sn_smrtsheet_spoke_smartsheets_webhook_registry">0ad3ddc497860d108ac03f0e6253af9c</sys_security_acl><sys_update_name>sys_security_acl_role_8ed3ddc497860d108ac03f0e6253af9f</sys_update_name><sys_updated_by>akash.sri</sys_updated_by><sys_updated_on>2022-02-28 11:54:58</sys_updated_on><sys_user_role display_value="sn_smrtsheet_spoke.smartsheets_webhook_registry_user" name="sn_smrtsheet_spoke.smartsheets_webhook_registry_user">a9d399c497860d108ac03f0e6253af6f</sys_user_role><transaction_id/></sys_security_acl_role></record_update>]]></payload>
        <payload_hash>-1842687649</payload_hash>
        <record_name>sn_smrtsheet_spoke_smartsheets_webhook_registry.sn_smrtsheet_spoke.smartsheets_webhook_registry_user</record_name>
        <reverted_from/>
        <source>820218f7a3630110b94d8b3f26fcdac6</source>
        <source_table>sys_update_set</source_table>
        <state>previous</state>
        <sys_created_by>admin</sys_created_by>
        <sys_created_on>2022-05-25 12:55:48</sys_created_on>
        <sys_id>bf7a5037a3a30110b94d8b3f26fcda27</sys_id>
        <sys_mod_count>0</sys_mod_count>
        <sys_recorded_at>180fb49a3250000001</sys_recorded_at>
        <sys_updated_by>admin</sys_updated_by>
        <sys_updated_on>2022-05-25 12:55:48</sys_updated_on>
        <type>Access Roles</type>
        <update_guid>46d3ddc4f4860d1019c176022285bba2</update_guid>
        <update_guid_history>46d3ddc4f4860d1019c176022285bba2:-1842687649</update_guid_history>
    </sys_update_version>
    <sys_metadata_delete action="INSERT_OR_UPDATE">
        <sys_audit_delete display_value="sn_smrtsheet_spoke_smartsheets_webhook_registry.sn_smrtsheet_spoke.smartsheets_w">4dfd741aa3770110b94d8b3f26fcda6e</sys_audit_delete>
        <sys_class_name>sys_metadata_delete</sys_class_name>
        <sys_created_by>admin</sys_created_by>
        <sys_created_on>2022-06-02 09:55:32</sys_created_on>
        <sys_db_object display_value="" name="sys_security_acl_role">sys_security_acl_role</sys_db_object>
        <sys_id>08915424edc8455080622b4f96588b21</sys_id>
        <sys_metadata>8ed3ddc497860d108ac03f0e6253af9f</sys_metadata>
        <sys_mod_count>0</sys_mod_count>
        <sys_name>sn_smrtsheet_spoke_smartsheets_webhook_registry.sn_smrtsheet_spoke.smartsheets_webhook_registry_user</sys_name>
        <sys_package display_value="Smartsheet Spoke" source="sn_smrtsheet_spoke">f719677374021010fa9bb5ebcba7e550</sys_package>
        <sys_parent display_value="sn_smrtsheet_spoke_smartsheets_webhook_registry">0ad3ddc497860d108ac03f0e6253af9c</sys_parent>
        <sys_policy/>
        <sys_scope display_value="Smartsheet Spoke">f719677374021010fa9bb5ebcba7e550</sys_scope>
        <sys_scope_delete display_value="">133f37b1d8bc4836887f20453fbd5cc9</sys_scope_delete>
        <sys_update_name>sys_security_acl_role_8ed3ddc497860d108ac03f0e6253af9f</sys_update_name>
        <sys_update_version display_value="sys_security_acl_role_8ed3ddc497860d108ac03f0e6253af9f">bf7a5037a3a30110b94d8b3f26fcda27</sys_update_version>
        <sys_updated_by>admin</sys_updated_by>
        <sys_updated_on>2022-06-02 09:55:32</sys_updated_on>
    </sys_metadata_delete>
</record_update>
