<?xml version="1.0" encoding="UTF-8"?><record_update sys_domain="global" table="sys_app_module">
    <sys_app_module action="DELETE">
        <active>true</active>
        <application display_value="Smartsheet Outbound Flow">e3fce5e387c20110740c99783cbb3533</application>
        <assessment/>
        <device_type/>
        <filter/>
        <hint/>
        <homepage/>
        <image/>
        <link_type>LIST</link_type>
        <map_page/>
        <mobile_title>Sheets Retrieved</mobile_title>
        <mobile_view_name>Mobile</mobile_view_name>
        <name>sn_smrtsheet_spoke_smartsheet_sheets_created_by_date_outboundflow</name>
        <order/>
        <override_menu_roles>false</override_menu_roles>
        <query/>
        <report/>
        <roles>sn_smrtsheet_spoke.smartsheet_admin</roles>
        <sys_class_name>sys_app_module</sys_class_name>
        <sys_created_by>akash</sys_created_by>
        <sys_created_on>2022-03-31 07:56:05</sys_created_on>
        <sys_domain>global</sys_domain>
        <sys_domain_path>/</sys_domain_path>
        <sys_id>bc4604468722411072fbbaa8dabb353f</sys_id>
        <sys_mod_count>2</sys_mod_count>
        <sys_name>Sheets</sys_name>
        <sys_overrides/>
        <sys_package display_value="Smartsheet Spoke" source="sn_smrtsheet_spoke">f719677374021010fa9bb5ebcba7e550</sys_package>
        <sys_policy/>
        <sys_scope display_value="Smartsheet Spoke">f719677374021010fa9bb5ebcba7e550</sys_scope>
        <sys_update_name>sys_app_module_bc4604468722411072fbbaa8dabb353f</sys_update_name>
        <sys_updated_by>akash</sys_updated_by>
        <sys_updated_on>2022-04-26 10:52:27</sys_updated_on>
        <timeline_page/>
        <title>Sheets</title>
        <uncancelable>false</uncancelable>
        <view_name/>
        <window_name/>
    </sys_app_module>
    <sys_update_version action="INSERT_OR_UPDATE">
        <action>DELETE</action>
        <application display_value="Smartsheet Spoke">f719677374021010fa9bb5ebcba7e550</application>
        <file_path/>
        <instance_id>428a36c905030110effdd6012ef1a058</instance_id>
        <instance_name>glide_db_dump</instance_name>
        <name>sys_app_module_bc4604468722411072fbbaa8dabb353f</name>
        <payload><![CDATA[<?xml version="1.0" encoding="UTF-8"?><record_update sys_domain="global" table="sys_app_module"><sys_app_module action="INSERT_OR_UPDATE"><active>true</active><application display_value="Smartsheet Outbound Flow">e3fce5e387c20110740c99783cbb3533</application><assessment/><device_type/><filter/><hint/><homepage/><image/><link_type>LIST</link_type><map_page/><mobile_title>Sheets Retrieved</mobile_title><mobile_view_name>Mobile</mobile_view_name><name>sn_smrtsheet_spoke_smartsheet_sheets_created_by_date_outboundflow</name><order/><override_menu_roles>false</override_menu_roles><query/><report/><roles>sn_smrtsheet_spoke.smartsheet_admin</roles><sys_class_name>sys_app_module</sys_class_name><sys_created_by>akash</sys_created_by><sys_created_on>2022-03-31 07:56:05</sys_created_on><sys_domain>global</sys_domain><sys_domain_path>/</sys_domain_path><sys_id>bc4604468722411072fbbaa8dabb353f</sys_id><sys_mod_count>2</sys_mod_count><sys_name>Sheets</sys_name><sys_overrides/><sys_package display_value="Smartsheet Spoke" source="sn_smrtsheet_spoke">f719677374021010fa9bb5ebcba7e550</sys_package><sys_policy/><sys_scope display_value="Smartsheet Spoke">f719677374021010fa9bb5ebcba7e550</sys_scope><sys_update_name>sys_app_module_bc4604468722411072fbbaa8dabb353f</sys_update_name><sys_updated_by>akash</sys_updated_by><sys_updated_on>2022-04-26 10:52:27</sys_updated_on><timeline_page/><title>Sheets</title><uncancelable>false</uncancelable><view_name/><window_name/></sys_app_module></record_update>]]></payload>
        <payload_hash>-1107308472</payload_hash>
        <record_name>Sheets</record_name>
        <reverted_from/>
        <source>328af37ba3a70110b94d8b3f26fcda57</source>
        <source_table>sys_update_set</source_table>
        <state>previous</state>
        <sys_created_by>admin</sys_created_by>
        <sys_created_on>2022-05-26 05:15:34</sys_created_on>
        <sys_id>b7ba7b7ba3a70110b94d8b3f26fcda23</sys_id>
        <sys_mod_count>0</sys_mod_count>
        <sys_recorded_at>180fecaa2360000001</sys_recorded_at>
        <sys_updated_by>admin</sys_updated_by>
        <sys_updated_on>2022-05-26 05:15:34</sys_updated_on>
        <type>Module</type>
        <update_guid>4628665a27c7011021c87796254178fd</update_guid>
        <update_guid_history>4628665a27c7011021c87796254178fd:-1107308472,c208665ad6c701105b3c868fcb48929d:-1715029735,c176884612224110e55af94698ea4533:1900662425</update_guid_history>
    </sys_update_version>
    <sys_metadata_delete action="INSERT_OR_UPDATE">
        <sys_audit_delete display_value="Sheets">927c7c96a3770110b94d8b3f26fcdafb</sys_audit_delete>
        <sys_class_name>sys_metadata_delete</sys_class_name>
        <sys_created_by>admin</sys_created_by>
        <sys_created_on>2022-06-02 09:49:04</sys_created_on>
        <sys_db_object display_value="" name="sys_app_module">sys_app_module</sys_db_object>
        <sys_id>a698ef9c73294cfc98956f856736af90</sys_id>
        <sys_metadata>bc4604468722411072fbbaa8dabb353f</sys_metadata>
        <sys_mod_count>0</sys_mod_count>
        <sys_name>Sheets</sys_name>
        <sys_package display_value="Smartsheet Spoke" source="sn_smrtsheet_spoke">f719677374021010fa9bb5ebcba7e550</sys_package>
        <sys_parent/>
        <sys_policy/>
        <sys_scope display_value="Smartsheet Spoke">f719677374021010fa9bb5ebcba7e550</sys_scope>
        <sys_scope_delete display_value="">133f37b1d8bc4836887f20453fbd5cc9</sys_scope_delete>
        <sys_update_name>sys_app_module_bc4604468722411072fbbaa8dabb353f</sys_update_name>
        <sys_update_version display_value="sys_app_module_bc4604468722411072fbbaa8dabb353f">b7ba7b7ba3a70110b94d8b3f26fcda23</sys_update_version>
        <sys_updated_by>admin</sys_updated_by>
        <sys_updated_on>2022-06-02 09:49:04</sys_updated_on>
    </sys_metadata_delete>
</record_update>
