<?xml version="1.0" encoding="UTF-8"?><record_update sys_domain="global" table="sys_hub_flow">
    <sys_hub_flow action="DELETE">
        <access>public</access>
        <acls/>
        <active>false</active>
        <annotation/>
        <callable_by_client_api>false</callable_by_client_api>
        <category/>
        <compiler_build/>
        <copied_from/>
        <copied_from_name/>
        <description/>
        <internal_name>look_up_sheets_by_date</internal_name>
        <label_cache>[{"name":"416da3c9-2ac4-4faa-a61c-5b142a63f1a5.Record.u_last_successfully_executed","label":"1 - Look Up Record➛SmartSheet Sheets by date Record➛Last Successfully Executed","reference":"","reference_display":"Last Successfully Executed","type":"glide_date_time","base_type":"glide_date_time","parent_table_name":"sn_smrtsheet_spoke_smartsheet_sheets_by_date","column_name":"u_last_successfully_executed"},{"name":"b01d7bc7-9ee6-4a68-aa07-5cddd2654c99.ds_parsed_stream","label":"2 - Look up All Sheets Stream➛ds_parsed_stream","reference_display":"ds_parsed_stream","type":"string","base_type":"string","attributes":{"uiType":"string","visible_in_fd":"false","uiTypeLabel":"String","element_mapping_provider":"com.glide.flow_design.action.data.FlowDesignVariableMapper"}},{"name":"b01d7bc7-9ee6-4a68-aa07-5cddd2654c99.error_code","label":"2 - Look up All Sheets Stream➛error_code","reference_display":"error_code","type":"string","base_type":"string","attributes":{"uiType":"string","visible_in_fd":"false","uiTypeLabel":"String","element_mapping_provider":"com.glide.flow_design.action.data.FlowDesignVariableMapper"}},{"name":"b01d7bc7-9ee6-4a68-aa07-5cddd2654c99.status_code","label":"2 - Look up All Sheets Stream➛status_code","reference_display":"status_code","type":"string","base_type":"string","attributes":{"uiType":"string","visible_in_fd":"false","uiTypeLabel":"String","element_mapping_provider":"com.glide.flow_design.action.data.FlowDesignVariableMapper"}},{"name":"b01d7bc7-9ee6-4a68-aa07-5cddd2654c99.error_message","label":"2 - Look up All Sheets Stream➛error_message","reference_display":"error_message","type":"string","base_type":"string","attributes":{"uiType":"string","visible_in_fd":"false","uiTypeLabel":"String","element_mapping_provider":"com.glide.flow_design.action.data.FlowDesignVariableMapper"}},{"name":"b01d7bc7-9ee6-4a68-aa07-5cddd2654c99.response_headers","label":"2 - Look up All Sheets Stream➛response_headers","reference_display":"response_headers","type":"string","base_type":"string","attributes":{"uiType":"string","visible_in_fd":"false","uiTypeLabel":"String","element_mapping_provider":"com.glide.flow_design.action.data.FlowDesignVariableMapper"}},{"name":"b01d7bc7-9ee6-4a68-aa07-5cddd2654c99.ds_output_page_variables","label":"2 - Look up All Sheets Stream➛ds_output_page_variables","reference_display":"ds_output_page_variables","type":"string","base_type":"string","attributes":{"uiType":"string","visible_in_fd":"false","uiTypeLabel":"String","element_mapping_provider":"com.glide.flow_design.action.data.FlowDesignVariableMapper"}},{"name":"b01d7bc7-9ee6-4a68-aa07-5cddd2654c99.item","label":"2 - Look up All Sheets Stream➛item","reference_display":"item","type":"string","base_type":"string","attributes":{"uiType":"string","visible_in_fd":"false","uiTypeLabel":"String","element_mapping_provider":"com.glide.flow_design.action.data.FlowDesignVariableMapper"}},{"name":"b01d7bc7-9ee6-4a68-aa07-5cddd2654c99.ds_count","label":"2 - Look up All Sheets Stream➛ds_count","reference_display":"ds_count","type":"integer","base_type":"integer","attributes":{"uiType":"integer","visible_in_fd":"false","uiTypeLabel":"Integer","element_mapping_provider":"com.glide.flow_design.action.data.FlowDesignVariableMapper"}},{"name":"b01d7bc7-9ee6-4a68-aa07-5cddd2654c99.count","label":"2 - Look up All Sheets Stream➛count","reference_display":"count","type":"integer","base_type":"integer","attributes":{"uiType":"integer","visible_in_fd":"false","uiTypeLabel":"Integer","element_mapping_provider":"com.glide.flow_design.action.data.FlowDesignVariableMapper"}},{"name":"b01d7bc7-9ee6-4a68-aa07-5cddd2654c99.page_count","label":"2 - Look up All Sheets Stream➛Page Count","reference_display":"Page Count","type":"integer","base_type":"integer","attributes":{"uiType":"integer","uiTypeLabel":"Integer","visible_in_ad":"false","element_mapping_provider":"com.glide.flow_design.action.data.FlowDesignVariableMapper"}},{"name":"b01d7bc7-9ee6-4a68-aa07-5cddd2654c99.item_count","label":"2 - Look up All Sheets Stream➛Item Count","reference_display":"Item Count","type":"integer","base_type":"integer","attributes":{"uiType":"integer","uiTypeLabel":"Integer","visible_in_ad":"false","element_mapping_provider":"com.glide.flow_design.action.data.FlowDesignVariableMapper"}},{"name":"b01d7bc7-9ee6-4a68-aa07-5cddd2654c99.output","label":"2 - Look up All Sheets Stream➛Sheet Details","reference_display":"Sheet Details","type":"object","base_type":"object","attributes":{"uiType":"object","uiTypeLabel":"Object","co_type_name":"FDf960c8e456f90110856bf31172dcc74c","element_mapping_provider":"com.glide.flow_design.action.data.FlowDesignVariableMapper","uiUniqueId":"683cd2e8-9e72-4b7d-b804-9bf36b073b3c"}},{"name":"9246afbf-64d2-4c7c-a1ff-709c7880b47e.ds_parsed_stream","label":"3➛ds_parsed_stream","reference_display":"ds_parsed_stream","type":"string","base_type":"string","attributes":{"visible_in_fd":"false","uiTypeLabel":"String","element_mapping_provider":"com.glide.flow_design.action.data.FlowDesignVariableMapper","uiType":"string"}},{"name":"9246afbf-64d2-4c7c-a1ff-709c7880b47e.error_code","label":"3➛error_code","reference_display":"error_code","type":"string","base_type":"string","attributes":{"visible_in_fd":"false","uiTypeLabel":"String","element_mapping_provider":"com.glide.flow_design.action.data.FlowDesignVariableMapper","uiType":"string"}},{"name":"9246afbf-64d2-4c7c-a1ff-709c7880b47e.status_code","label":"3➛status_code","reference_display":"status_code","type":"string","base_type":"string","attributes":{"visible_in_fd":"false","uiTypeLabel":"String","element_mapping_provider":"com.glide.flow_design.action.data.FlowDesignVariableMapper","uiType":"string"}},{"name":"9246afbf-64d2-4c7c-a1ff-709c7880b47e.error_message","label":"3➛error_message","reference_display":"error_message","type":"string","base_type":"string","attributes":{"visible_in_fd":"false","uiTypeLabel":"String","element_mapping_provider":"com.glide.flow_design.action.data.FlowDesignVariableMapper","uiType":"string"}},{"name":"9246afbf-64d2-4c7c-a1ff-709c7880b47e.response_headers","label":"3➛response_headers","reference_display":"response_headers","type":"string","base_type":"string","attributes":{"visible_in_fd":"false","uiTypeLabel":"String","element_mapping_provider":"com.glide.flow_design.action.data.FlowDesignVariableMapper","uiType":"string"}},{"name":"9246afbf-64d2-4c7c-a1ff-709c7880b47e.ds_output_page_variables","label":"3➛ds_output_page_variables","reference_display":"ds_output_page_variables","type":"string","base_type":"string","attributes":{"visible_in_fd":"false","uiTypeLabel":"String","element_mapping_provider":"com.glide.flow_design.action.data.FlowDesignVariableMapper","uiType":"string"}},{"name":"9246afbf-64d2-4c7c-a1ff-709c7880b47e.item","label":"3➛item","reference_display":"item","type":"string","base_type":"string","attributes":{"visible_in_fd":"false","uiTypeLabel":"String","element_mapping_provider":"com.glide.flow_design.action.data.FlowDesignVariableMapper","uiType":"string"}},{"name":"9246afbf-64d2-4c7c-a1ff-709c7880b47e.ds_count","label":"3➛ds_count","reference_display":"ds_count","type":"integer","base_type":"integer","attributes":{"visible_in_fd":"false","uiTypeLabel":"Integer","element_mapping_provider":"com.glide.flow_design.action.data.FlowDesignVariableMapper","uiType":"integer"}},{"name":"9246afbf-64d2-4c7c-a1ff-709c7880b47e.count","label":"3➛count","reference_display":"count","type":"integer","base_type":"integer","attributes":{"visible_in_fd":"false","uiTypeLabel":"Integer","element_mapping_provider":"com.glide.flow_design.action.data.FlowDesignVariableMapper","uiType":"integer"}},{"name":"9246afbf-64d2-4c7c-a1ff-709c7880b47e.page_count","label":"3➛Page Count","reference_display":"Page Count","type":"integer","base_type":"integer","attributes":{"uiTypeLabel":"Integer","element_mapping_provider":"com.glide.flow_design.action.data.FlowDesignVariableMapper","uiType":"integer","visible_in_ad":"false"}},{"name":"9246afbf-64d2-4c7c-a1ff-709c7880b47e.item_count","label":"3➛Item Count","reference_display":"Item Count","type":"integer","base_type":"integer","attributes":{"uiTypeLabel":"Integer","element_mapping_provider":"com.glide.flow_design.action.data.FlowDesignVariableMapper","uiType":"integer","visible_in_ad":"false"}},{"name":"9246afbf-64d2-4c7c-a1ff-709c7880b47e.output","label":"3➛Sheet Details","reference_display":"Sheet Details","type":"object","base_type":"object","attributes":{"uiTypeLabel":"Object","co_type_name":"FDf960c8e456f90110856bf31172dcc74c","element_mapping_provider":"com.glide.flow_design.action.data.FlowDesignVariableMapper","uiType":"object","uiUniqueId":"683cd2e8-9e72-4b7d-b804-9bf36b073b3c"}},{"name":"4777ffa1-fd72-4447-bd78-1719475adece.item","label":"2➛Items","reference_display":"Items","type":"document_id","base_type":"document_id","attributes":{"pills_draggable_inside_block":"true","pills_draggable_outside_block":"false"}},{"name":"416da3c9-2ac4-4faa-a61c-5b142a63f1a5.Record","label":"1 - Look Up Record➛SmartSheet Sheets by date Record","reference":"sn_smrtsheet_spoke_smartsheet_sheets_by_date","reference_display":"SmartSheet Sheets by date Record","type":"reference","base_type":"reference","attributes":{"element_mapping_provider":"com.glide.flow_design.action.data.FlowDesignVariableMapper"}},{"name":"416da3c9-2ac4-4faa-a61c-5b142a63f1a5.Table","label":"1 - Look Up Record➛SmartSheet Sheets by date Table","reference":"sn_smrtsheet_spoke_smartsheet_sheets_by_date","reference_display":"SmartSheet Sheets by date Table","type":"table_name","base_type":"table_name","attributes":{"element_mapping_provider":"com.glide.flow_design.action.data.FlowDesignVariableMapper"}},{"name":"416da3c9-2ac4-4faa-a61c-5b142a63f1a5.status","label":"1 - Look Up Record➛Status","reference_display":"Status","type":"choice","base_type":"choice","choices":[{"label":"Error","value":"1","order":0.0},{"label":"Success","value":"0","order":1.0}],"attributes":{"uiType":"choice","uiTypeLabel":"Choice","element_mapping_provider":"com.glide.flow_design.action.data.FlowDesignVariableMapper","uiUniqueId":"5e478657-3a84-4a60-a92b-d3e80005ad34"}},{"name":"416da3c9-2ac4-4faa-a61c-5b142a63f1a5.error_message","label":"1 - Look Up Record➛Error Message","reference_display":"Error Message","type":"string","base_type":"string","attributes":{"uiType":"string","uiTypeLabel":"String","element_mapping_provider":"com.glide.flow_design.action.data.FlowDesignVariableMapper","pwd2droppable":"true","uiUniqueId":"87687532-9e3d-4497-a88e-90f45bfb9adb"}},{"name":"416da3c9-2ac4-4faa-a61c-5b142a63f1a5.__action_status__","label":"1 - Look Up Record➛Action Status","reference_display":"Action Status","type":"object","base_type":"object","attributes":{"uiType":"object","co_type_name":"FDACTIONSTATUS","action_error_output":"true","element_mapping_provider":"com.glide.flow_design.action.data.FlowDesignVariableMapper"}},{"name":"416da3c9-2ac4-4faa-a61c-5b142a63f1a5.__dont_treat_as_error__","label":"1 - Look Up Record➛Don\u0027t Treat as Error","reference_display":"Don\u0027t Treat as Error","type":"boolean","base_type":"boolean","attributes":{"uiType":"boolean","visible_in_ui":"false","action_error_output":"true","element_mapping_provider":"com.glide.flow_design.action.data.FlowDesignVariableMapper"}},{"name":"c679dd87-a2f5-4703-94d3-7d87989d4057.record","label":"3 - Create Record➛SmartSheet Sheets Created by Date - OutboundFlow Record","reference":"sn_smrtsheet_spoke_smartsheet_sheets_created_by_date_outboundflow","reference_display":"SmartSheet Sheets Created by Date - OutboundFlow Record","type":"reference","base_type":"reference","attributes":{"element_mapping_provider":"com.glide.flow_design.action.data.FlowDesignVariableMapper"}},{"name":"c679dd87-a2f5-4703-94d3-7d87989d4057.table_name","label":"3 - Create Record➛SmartSheet Sheets Created by Date - OutboundFlow Table","reference":"sn_smrtsheet_spoke_smartsheet_sheets_created_by_date_outboundflow","reference_display":"SmartSheet Sheets Created by Date - OutboundFlow Table","type":"table_name","base_type":"table_name","attributes":{"element_mapping_provider":"com.glide.flow_design.action.data.FlowDesignVariableMapper"}},{"name":"c679dd87-a2f5-4703-94d3-7d87989d4057.__action_status__","label":"3 - Create Record➛Action Status","reference_display":"Action Status","type":"object","base_type":"object","attributes":{"uiType":"object","co_type_name":"FDACTIONSTATUS","action_error_output":"true","element_mapping_provider":"com.glide.flow_design.action.data.FlowDesignVariableMapper"}},{"name":"c679dd87-a2f5-4703-94d3-7d87989d4057.__dont_treat_as_error__","label":"3 - Create Record➛Don\u0027t Treat as Error","reference_display":"Don\u0027t Treat as Error","type":"boolean","base_type":"boolean","attributes":{"uiType":"boolean","visible_in_ui":"false","action_error_output":"true","element_mapping_provider":"com.glide.flow_design.action.data.FlowDesignVariableMapper"}},{"name":"b01d7bc7-9ee6-4a68-aa07-5cddd2654c99.output.id","label":"2➛Sheet Details➛ID","reference":"","reference_display":"","type":"number","base_type":"number","column_name":"","attributes":{}},{"name":"b01d7bc7-9ee6-4a68-aa07-5cddd2654c99.output.name","label":"2➛Sheet Details➛Name","reference":"","reference_display":"","type":"string","base_type":"string","column_name":"","attributes":{}},{"name":"b01d7bc7-9ee6-4a68-aa07-5cddd2654c99.output.accessLevel","label":"2➛Sheet Details➛Access Level","reference":"","reference_display":"","type":"string","base_type":"string","column_name":"","attributes":{}},{"name":"b01d7bc7-9ee6-4a68-aa07-5cddd2654c99.output.permalink","label":"2➛Sheet Details➛Permalink","reference":"","reference_display":"","type":"string","base_type":"string","column_name":"","attributes":{}},{"name":"b01d7bc7-9ee6-4a68-aa07-5cddd2654c99.output.createdAt","label":"2➛Sheet Details➛Created At","reference":"","reference_display":"","type":"glide_date_time","base_type":"glide_date_time","column_name":"","attributes":{}},{"name":"b01d7bc7-9ee6-4a68-aa07-5cddd2654c99.output.modifiedAt","label":"2➛Sheet Details➛Modified At","reference":"","reference_display":"","type":"glide_date_time","base_type":"glide_date_time","column_name":"","attributes":{}},{"name":"b3843803-1f4a-4697-ac3f-f5c596a1953e.record","label":"4 - Create Record➛SmartSheet Sheets by date Record","reference":"sn_smrtsheet_spoke_smartsheet_sheets_by_date","reference_display":"SmartSheet Sheets by date Record","type":"reference","base_type":"reference","attributes":{"element_mapping_provider":"com.glide.flow_design.action.data.FlowDesignVariableMapper"}},{"name":"b3843803-1f4a-4697-ac3f-f5c596a1953e.table_name","label":"4 - Create Record➛SmartSheet Sheets by date Table","reference":"sn_smrtsheet_spoke_smartsheet_sheets_by_date","reference_display":"SmartSheet Sheets by date Table","type":"table_name","base_type":"table_name","attributes":{"element_mapping_provider":"com.glide.flow_design.action.data.FlowDesignVariableMapper"}},{"name":"b3843803-1f4a-4697-ac3f-f5c596a1953e.__action_status__","label":"4 - Create Record➛Action Status","reference_display":"Action Status","type":"object","base_type":"object","attributes":{"uiType":"object","co_type_name":"FDACTIONSTATUS","action_error_output":"true","element_mapping_provider":"com.glide.flow_design.action.data.FlowDesignVariableMapper"}},{"name":"b3843803-1f4a-4697-ac3f-f5c596a1953e.__dont_treat_as_error__","label":"4 - Create Record➛Don\u0027t Treat as Error","reference_display":"Don\u0027t Treat as Error","type":"boolean","base_type":"boolean","attributes":{"uiType":"boolean","visible_in_ui":"false","action_error_output":"true","element_mapping_provider":"com.glide.flow_design.action.data.FlowDesignVariableMapper"}},{"name":"Daily_1.run_start_time","label":"Trigger➛Run Start Time","type":"glide_date_time","base_type":"glide_date_time","attributes":{"test_input_hidden":"true"}}]</label_cache>
        <latest_snapshot/>
        <master_snapshot/>
        <name>Look up Sheets by Date</name>
        <natlang/>
        <outputs/>
        <remote_trigger_id/>
        <run_as>system</run_as>
        <run_with_roles/>
        <sc_callable>false</sc_callable>
        <show_draft_actions>false</show_draft_actions>
        <show_triggered_flows>false</show_triggered_flows>
        <status>draft</status>
        <sys_class_name>sys_hub_flow</sys_class_name>
        <sys_created_by>akash</sys_created_by>
        <sys_created_on>2022-03-24 06:54:50</sys_created_on>
        <sys_domain>global</sys_domain>
        <sys_domain_path>/</sys_domain_path>
        <sys_id>6345f3e787d609104cbb42e5dabb35ad</sys_id>
        <sys_mod_count>5</sys_mod_count>
        <sys_name>Look up Sheets by Date</sys_name>
        <sys_overrides/>
        <sys_package display_value="Smartsheet Spoke" source="sn_smrtsheet_spoke">f719677374021010fa9bb5ebcba7e550</sys_package>
        <sys_policy/>
        <sys_scope display_value="Smartsheet Spoke">f719677374021010fa9bb5ebcba7e550</sys_scope>
        <sys_update_name>sys_hub_flow_6345f3e787d609104cbb42e5dabb35ad</sys_update_name>
        <sys_updated_by>akash</sys_updated_by>
        <sys_updated_on>2022-04-03 15:20:27</sys_updated_on>
        <type>flow</type>
    </sys_hub_flow>
    <sys_translated_text action="DELETE" query="documentkey=6345f3e787d609104cbb42e5dabb35ad"/>
    <sys_variable_value action="DELETE" query="document_key=6345f3e787d609104cbb42e5dabb35ad"/>
    <sys_hub_trigger_instance action="DELETE" query="flow=6345f3e787d609104cbb42e5dabb35ad^sys_idNOT IN21f7687f875a09104cbb42e5dabb35f9"/>
    <sys_hub_trigger_instance action="DELETE">
        <comment/>
        <display_text/>
        <flow display_value="Look up Sheets by Date">6345f3e787d609104cbb42e5dabb35ad</flow>
        <name>Daily</name>
        <remote_sys_id/>
        <sys_created_by>akash</sys_created_by>
        <sys_created_on>2022-03-24 10:36:09</sys_created_on>
        <sys_id>21f7687f875a09104cbb42e5dabb35f9</sys_id>
        <sys_mod_count>5</sys_mod_count>
        <sys_scope/>
        <sys_updated_by>akash</sys_updated_by>
        <sys_updated_on>2022-04-03 15:20:27</sys_updated_on>
        <trigger_definition display_value="Daily">89142dc0c32222002841b63b12d3ae8a</trigger_definition>
        <trigger_inputs/>
        <trigger_outputs/>
        <trigger_type>daily</trigger_type>
    </sys_hub_trigger_instance>
    <sys_variable_value action="DELETE" query="document_key=21f7687f875a09104cbb42e5dabb35f9"/>
    <sys_variable_value action="DELETE">
        <document>sys_hub_trigger_instance</document>
        <document_key>21f7687f875a09104cbb42e5dabb35f9</document_key>
        <order>100</order>
        <sys_class_name>sys_variable_value</sys_class_name>
        <sys_created_by>akash</sys_created_by>
        <sys_created_on>2022-03-24 10:36:10</sys_created_on>
        <sys_id>f1f7687f875a09104cbb42e5dabb35fa</sys_id>
        <sys_mod_count>0</sys_mod_count>
        <sys_updated_by>akash</sys_updated_by>
        <sys_updated_on>2022-03-24 10:36:10</sys_updated_on>
        <value>1970-01-01 12:00:00</value>
        <variable display_value="Time">3ad4edc0c32222002841b63b12d3aee5</variable>
    </sys_variable_value>
    <sys_element_mapping action="DELETE" query="table=var__m_sys_hub_trigger_input_89142dc0c32222002841b63b12d3ae8a^id=21f7687f875a09104cbb42e5dabb35f9"/>
    <sys_hub_flow_stage action="DELETE" query="flow=6345f3e787d609104cbb42e5dabb35ad"/>
    <sys_flow_cat_variable_model action="DELETE" query="id=6345f3e787d609104cbb42e5dabb35ad^sys_idNOT INab45f3e787d609104cbb42e5dabb35ae"/>
    <sys_flow_cat_variable_model action="DELETE">
        <id>6345f3e787d609104cbb42e5dabb35ad</id>
        <name>Look up Sheets by Date</name>
        <sys_created_by>akash</sys_created_by>
        <sys_created_on>2022-03-24 06:54:50</sys_created_on>
        <sys_id>ab45f3e787d609104cbb42e5dabb35ae</sys_id>
        <sys_mod_count>0</sys_mod_count>
        <sys_scope/>
        <sys_updated_by>akash</sys_updated_by>
        <sys_updated_on>2022-03-24 06:54:50</sys_updated_on>
    </sys_flow_cat_variable_model>
    <sys_flow_cat_variable action="DELETE" query="flow_catalog_model=ab45f3e787d609104cbb42e5dabb35ae"/>
    <sys_hub_flow_input action="DELETE" query="model=6345f3e787d609104cbb42e5dabb35ad"/>
    <sys_hub_flow_output action="DELETE" query="model=6345f3e787d609104cbb42e5dabb35ad"/>
    <sys_hub_alias_mapping action="DELETE" query="source_id=6345f3e787d609104cbb42e5dabb35ad"/>
    <sys_hub_action_instance action="DELETE" query="flow=6345f3e787d609104cbb42e5dabb35ad^sys_idNOT IN9783518c876649104cbb42e5dabb357a,bad0a5c487a649104cbb42e5dabb352d,ca08a87f875a09104cbb42e5dabb35bc,d8f0a5c487a649104cbb42e5dabb3533"/>
    <sys_hub_action_instance action="DELETE">
        <action_inputs/>
        <action_inputs/>
        <action_type display_value="Look up All Sheets Stream">f06088e497f901108ac03f0e6253afd4</action_type>
        <action_type_parent/>
        <comment/>
        <compiled_snapshot/>
        <display_text/>
        <flow display_value="Look up Sheets by Date">6345f3e787d609104cbb42e5dabb35ad</flow>
        <order>2</order>
        <parent_ui_id/>
        <sys_class_name>sys_hub_action_instance</sys_class_name>
        <sys_created_by>akash</sys_created_by>
        <sys_created_on>2022-03-25 08:25:05</sys_created_on>
        <sys_id>9783518c876649104cbb42e5dabb357a</sys_id>
        <sys_mod_count>8</sys_mod_count>
        <sys_scope display_value="Smartsheet Spoke">f719677374021010fa9bb5ebcba7e550</sys_scope>
        <sys_updated_by>akash</sys_updated_by>
        <sys_updated_on>2022-04-03 15:20:27</sys_updated_on>
        <ui_id>b01d7bc7-9ee6-4a68-aa07-5cddd2654c99</ui_id>
    </sys_hub_action_instance>
    <sys_variable_value action="DELETE" query="document_key=9783518c876649104cbb42e5dabb357a"/>
    <sys_variable_value action="DELETE">
        <document>sys_hub_action_instance</document>
        <document_key>9783518c876649104cbb42e5dabb357a</document_key>
        <order>1</order>
        <sys_class_name>sys_variable_value</sys_class_name>
        <sys_created_by>akash</sys_created_by>
        <sys_created_on>2022-03-25 08:25:05</sys_created_on>
        <sys_id>1783518c876649104cbb42e5dabb357c</sys_id>
        <sys_mod_count>1</sys_mod_count>
        <sys_updated_by>akash</sys_updated_by>
        <sys_updated_on>2022-04-03 15:20:27</sys_updated_on>
        <value>{"version":"1.0","complexObjectSchema":{"FlowDesigner:FD4feb6183385e851070880afd54827a0e":{"$COCollectionField":[{"choices":{"include":"String","include.$field_facets":{"SimpleMapFacet":"{\"uiTypeLabel\":\"Choice\",\"read_only\":\"false\",\"hint\":\"\",\"uiType\":\"choice\",\"default_value\":\"\",\"label\":\"Include\",\"mandatory\":\"false\",\"order\":\"1\",\"max_length\":\"32\"}","SimpleChoiceFacet":"{\"complex_choice_map_key$\":{},\"choice_map_key$\":{\"Sheet Version\":\"{\\\"label\\\":\\\"Sheet Version\\\",\\\"value\\\":\\\"sheetVersion\\\",\\\"order\\\":1}\",\"Source\":\"{\\\"label\\\":\\\"Source\\\",\\\"value\\\":\\\"source\\\",\\\"order\\\":2}\"}}"}}}],"$COCollectionField.$type_facets":{"SimpleMapFacet":"{\"default_value\":\"\",\"label\":\"Includes\",\"mandatory\":\"false\",\"child_name\":\"choices\",\"uiUniqueId\":\"4990cd59-b6f6-4090-9c73-24357e869d69\",\"uiTypeLabel\":\"Array.Object\",\"co_type_name\":\"FD4feb6183385e851070880afd54827a0e\",\"child_label\":\"Choices\",\"child_type_label\":\"Object\",\"element_mapping_provider\":\"com.glide.flow_design.action.data.FlowDesignVariableMapper\",\"read_only\":\"false\",\"hint\":null,\"uiType\":\"array.object\",\"child_type\":\"object\",\"order\":\"1\",\"max_length\":\"65000\",\"child_uiUniqueId\":\"1369c9c8-fa84-418f-81f7-d5523b0392cf\"}"},"$COCollectionField.$field_facets":{"SimpleMapFacet":"{\"up-shift-collection-level\":\"true\"}"}},"FlowDesigner:FD4feb6183385e851070880afd54827a0e.$type_facets":{"SimpleMapFacet":"{\"default_value\":\"\",\"label\":\"Includes\",\"mandatory\":\"false\",\"child_name\":\"choices\",\"uiUniqueId\":\"4990cd59-b6f6-4090-9c73-24357e869d69\",\"uiTypeLabel\":\"Array.Object\",\"co_type_name\":\"FD4feb6183385e851070880afd54827a0e\",\"child_label\":\"Choices\",\"child_type_label\":\"Object\",\"element_mapping_provider\":\"com.glide.flow_design.action.data.FlowDesignVariableMapper\",\"read_only\":\"false\",\"hint\":null,\"uiType\":\"array.object\",\"child_type\":\"object\",\"order\":\"1\",\"max_length\":\"65000\",\"child_uiUniqueId\":\"1369c9c8-fa84-418f-81f7-d5523b0392cf\"}"}},"serializationFormat":"JSON","complexObject":{"name$":"FD4feb6183385e851070880afd54827a0e","$COCollectionField":[{"include":{"$cv":{"$c":"java.lang.String","$v":""}}}]}}</value>
        <variable display_value="Includes">c3eb6183875e85104cbb42e5dabb3511</variable>
    </sys_variable_value>
    <sys_variable_value action="DELETE">
        <document>sys_hub_action_instance</document>
        <document_key>9783518c876649104cbb42e5dabb357a</document_key>
        <order>2</order>
        <sys_class_name>sys_variable_value</sys_class_name>
        <sys_created_by>akash</sys_created_by>
        <sys_created_on>2022-03-27 16:11:18</sys_created_on>
        <sys_id>4871d1b887a2c9104cbb42e5dabb3530</sys_id>
        <sys_mod_count>0</sys_mod_count>
        <sys_updated_by>akash</sys_updated_by>
        <sys_updated_on>2022-03-27 16:11:18</sys_updated_on>
        <value/>
        <variable display_value="Modified Since">8ae1b14c872a891072fbbaa8dabb3559</variable>
    </sys_variable_value>
    <sys_element_mapping action="DELETE" query="id=9783518c876649104cbb42e5dabb357a"/>
    <sys_element_mapping action="DELETE">
        <field>include</field>
        <id>9783518c876649104cbb42e5dabb357a</id>
        <sys_created_by>akash</sys_created_by>
        <sys_created_on>2022-03-25 08:25:05</sys_created_on>
        <sys_id>9383518c876649104cbb42e5dabb357c</sys_id>
        <sys_mod_count>0</sys_mod_count>
        <sys_updated_by>akash</sys_updated_by>
        <sys_updated_on>2022-03-25 08:25:05</sys_updated_on>
        <table>var__m_sys_hub_action_input_f06088e497f901108ac03f0e6253afd4</table>
        <value/>
    </sys_element_mapping>
    <sys_element_mapping action="DELETE">
        <field>modified_since</field>
        <id>9783518c876649104cbb42e5dabb357a</id>
        <sys_created_by>akash</sys_created_by>
        <sys_created_on>2022-03-27 16:11:18</sys_created_on>
        <sys_id>c471d1b887a2c9104cbb42e5dabb3530</sys_id>
        <sys_mod_count>1</sys_mod_count>
        <sys_updated_by>akash</sys_updated_by>
        <sys_updated_on>2022-04-03 15:20:27</sys_updated_on>
        <table>var__m_sys_hub_action_input_f06088e497f901108ac03f0e6253afd4</table>
        <value>{{416da3c9-2ac4-4faa-a61c-5b142a63f1a5.Record.u_last_successfully_executed}}</value>
    </sys_element_mapping>
    <sys_hub_input_scripts action="DELETE" query="instance=9783518c876649104cbb42e5dabb357a"/>
    <sys_hub_alias_mapping action="DELETE" query="source_id=9783518c876649104cbb42e5dabb357a"/>
    <sys_hub_action_instance action="DELETE">
        <action_inputs/>
        <action_inputs/>
        <action_type display_value="Create Record">2de05916c31332002841b63b12d3aee1</action_type>
        <action_type_parent/>
        <comment/>
        <compiled_snapshot/>
        <display_text/>
        <flow display_value="Look up Sheets by Date">6345f3e787d609104cbb42e5dabb35ad</flow>
        <order>3</order>
        <parent_ui_id>b01d7bc7-9ee6-4a68-aa07-5cddd2654c99</parent_ui_id>
        <sys_class_name>sys_hub_action_instance</sys_class_name>
        <sys_created_by>akash</sys_created_by>
        <sys_created_on>2022-03-25 09:23:13</sys_created_on>
        <sys_id>bad0a5c487a649104cbb42e5dabb352d</sys_id>
        <sys_mod_count>6</sys_mod_count>
        <sys_scope display_value="Smartsheet Spoke">f719677374021010fa9bb5ebcba7e550</sys_scope>
        <sys_updated_by>akash</sys_updated_by>
        <sys_updated_on>2022-04-03 15:20:27</sys_updated_on>
        <ui_id>c679dd87-a2f5-4703-94d3-7d87989d4057</ui_id>
    </sys_hub_action_instance>
    <sys_variable_value action="DELETE" query="document_key=bad0a5c487a649104cbb42e5dabb352d"/>
    <sys_variable_value action="DELETE">
        <document>sys_hub_action_instance</document>
        <document_key>bad0a5c487a649104cbb42e5dabb352d</document_key>
        <order>0</order>
        <sys_class_name>sys_variable_value</sys_class_name>
        <sys_created_by>akash</sys_created_by>
        <sys_created_on>2022-03-25 09:23:13</sys_created_on>
        <sys_id>4bd0a5c487a649104cbb42e5dabb352f</sys_id>
        <sys_mod_count>0</sys_mod_count>
        <sys_updated_by>akash</sys_updated_by>
        <sys_updated_on>2022-03-25 09:23:13</sys_updated_on>
        <value>sn_smrtsheet_spoke_smartsheet_sheets_created_by_date_outboundflow</value>
        <variable display_value="Table">61e05916c31332002841b63b12d3aee4</variable>
    </sys_variable_value>
    <sys_element_mapping action="DELETE" query="id=bad0a5c487a649104cbb42e5dabb352d"/>
    <sys_element_mapping action="DELETE">
        <field>table_name</field>
        <id>bad0a5c487a649104cbb42e5dabb352d</id>
        <sys_created_by>akash</sys_created_by>
        <sys_created_on>2022-03-25 09:23:13</sys_created_on>
        <sys_id>07d0a5c487a649104cbb42e5dabb352f</sys_id>
        <sys_mod_count>0</sys_mod_count>
        <sys_updated_by>akash</sys_updated_by>
        <sys_updated_on>2022-03-25 09:23:13</sys_updated_on>
        <table>var__m_sys_hub_action_input_2de05916c31332002841b63b12d3aee1</table>
        <value/>
    </sys_element_mapping>
    <sys_element_mapping action="DELETE">
        <field>values</field>
        <id>bad0a5c487a649104cbb42e5dabb352d</id>
        <sys_created_by>akash</sys_created_by>
        <sys_created_on>2022-03-25 09:23:13</sys_created_on>
        <sys_id>c7d0a5c487a649104cbb42e5dabb352f</sys_id>
        <sys_mod_count>0</sys_mod_count>
        <sys_updated_by>akash</sys_updated_by>
        <sys_updated_on>2022-03-25 09:23:13</sys_updated_on>
        <table>var__m_sys_hub_action_input_2de05916c31332002841b63b12d3aee1</table>
        <value>u_id={{b01d7bc7-9ee6-4a68-aa07-5cddd2654c99.output.id}}^u_name={{b01d7bc7-9ee6-4a68-aa07-5cddd2654c99.output.name}}^u_access_level={{b01d7bc7-9ee6-4a68-aa07-5cddd2654c99.output.accessLevel}}^u_permalink={{b01d7bc7-9ee6-4a68-aa07-5cddd2654c99.output.permalink}}^u_created_at={{b01d7bc7-9ee6-4a68-aa07-5cddd2654c99.output.createdAt}}^u_modified_at={{b01d7bc7-9ee6-4a68-aa07-5cddd2654c99.output.modifiedAt}}</value>
    </sys_element_mapping>
    <sys_hub_input_scripts action="DELETE" query="instance=bad0a5c487a649104cbb42e5dabb352d"/>
    <sys_hub_alias_mapping action="DELETE" query="source_id=bad0a5c487a649104cbb42e5dabb352d"/>
    <sys_hub_action_instance action="DELETE">
        <action_inputs/>
        <action_type display_value="Look Up Record">9d09f99587003300663ca1bb36cb0ba3</action_type>
        <action_type_parent/>
        <comment/>
        <compiled_snapshot/>
        <display_text/>
        <flow display_value="Look up Sheets by Date">6345f3e787d609104cbb42e5dabb35ad</flow>
        <order>1</order>
        <parent_ui_id/>
        <sys_class_name>sys_hub_action_instance</sys_class_name>
        <sys_created_by>akash</sys_created_by>
        <sys_created_on>2022-03-24 10:36:28</sys_created_on>
        <sys_id>ca08a87f875a09104cbb42e5dabb35bc</sys_id>
        <sys_mod_count>10</sys_mod_count>
        <sys_scope display_value="Smartsheet Spoke">f719677374021010fa9bb5ebcba7e550</sys_scope>
        <sys_updated_by>akash</sys_updated_by>
        <sys_updated_on>2022-04-03 15:20:27</sys_updated_on>
        <ui_id>416da3c9-2ac4-4faa-a61c-5b142a63f1a5</ui_id>
    </sys_hub_action_instance>
    <sys_variable_value action="DELETE" query="document_key=ca08a87f875a09104cbb42e5dabb35bc"/>
    <sys_variable_value action="DELETE">
        <document>sys_hub_action_instance</document>
        <document_key>ca08a87f875a09104cbb42e5dabb35bc</document_key>
        <order>0</order>
        <sys_class_name>sys_variable_value</sys_class_name>
        <sys_created_by>akash</sys_created_by>
        <sys_created_on>2022-03-25 08:25:04</sys_created_on>
        <sys_id>8383518c876649104cbb42e5dabb353c</sys_id>
        <sys_mod_count>0</sys_mod_count>
        <sys_updated_by>akash</sys_updated_by>
        <sys_updated_on>2022-03-25 08:25:04</sys_updated_on>
        <value>sn_smrtsheet_spoke_smartsheet_sheets_by_date</value>
        <variable display_value="Table">d909f99587003300663ca1bb36cb0ba4</variable>
    </sys_variable_value>
    <sys_variable_value action="DELETE">
        <document>sys_hub_action_instance</document>
        <document_key>ca08a87f875a09104cbb42e5dabb35bc</document_key>
        <order>2</order>
        <sys_class_name>sys_variable_value</sys_class_name>
        <sys_created_by>akash</sys_created_by>
        <sys_created_on>2022-03-27 16:11:18</sys_created_on>
        <sys_id>c071d1b887a2c9104cbb42e5dabb352f</sys_id>
        <sys_mod_count>0</sys_mod_count>
        <sys_updated_by>akash</sys_updated_by>
        <sys_updated_on>2022-03-27 16:11:18</sys_updated_on>
        <value>u_last_successfully_executed</value>
        <variable display_value="Order by">1d09f99587003300663ca1bb36cb0bad</variable>
    </sys_variable_value>
    <sys_variable_value action="DELETE">
        <document>sys_hub_action_instance</document>
        <document_key>ca08a87f875a09104cbb42e5dabb35bc</document_key>
        <order>3</order>
        <sys_class_name>sys_variable_value</sys_class_name>
        <sys_created_by>akash</sys_created_by>
        <sys_created_on>2022-03-25 08:25:04</sys_created_on>
        <sys_id>cb83518c876649104cbb42e5dabb353b</sys_id>
        <sys_mod_count>0</sys_mod_count>
        <sys_updated_by>akash</sys_updated_by>
        <sys_updated_on>2022-03-25 08:25:04</sys_updated_on>
        <value>sort_desc</value>
        <variable display_value="Sort Type">5d09f99587003300663ca1bb36cb0bb1</variable>
    </sys_variable_value>
    <sys_element_mapping action="DELETE" query="table=var__m_sys_hub_action_input_9d09f99587003300663ca1bb36cb0ba3^id=ca08a87f875a09104cbb42e5dabb35bc"/>
    <sys_hub_input_scripts action="DELETE" query="instance=ca08a87f875a09104cbb42e5dabb35bc"/>
    <sys_hub_alias_mapping action="DELETE" query="source_id=ca08a87f875a09104cbb42e5dabb35bc"/>
    <sys_hub_action_instance action="DELETE">
        <action_inputs/>
        <action_inputs/>
        <action_type display_value="Create Record">2de05916c31332002841b63b12d3aee1</action_type>
        <action_type_parent/>
        <comment/>
        <compiled_snapshot/>
        <display_text/>
        <flow display_value="Look up Sheets by Date">6345f3e787d609104cbb42e5dabb35ad</flow>
        <order>4</order>
        <parent_ui_id/>
        <sys_class_name>sys_hub_action_instance</sys_class_name>
        <sys_created_by>akash</sys_created_by>
        <sys_created_on>2022-03-25 09:23:35</sys_created_on>
        <sys_id>d8f0a5c487a649104cbb42e5dabb3533</sys_id>
        <sys_mod_count>6</sys_mod_count>
        <sys_scope display_value="Smartsheet Spoke">f719677374021010fa9bb5ebcba7e550</sys_scope>
        <sys_updated_by>akash</sys_updated_by>
        <sys_updated_on>2022-04-03 15:20:27</sys_updated_on>
        <ui_id>b3843803-1f4a-4697-ac3f-f5c596a1953e</ui_id>
    </sys_hub_action_instance>
    <sys_variable_value action="DELETE" query="document_key=d8f0a5c487a649104cbb42e5dabb3533"/>
    <sys_variable_value action="DELETE">
        <document>sys_hub_action_instance</document>
        <document_key>d8f0a5c487a649104cbb42e5dabb3533</document_key>
        <order>0</order>
        <sys_class_name>sys_variable_value</sys_class_name>
        <sys_created_by>akash</sys_created_by>
        <sys_created_on>2022-03-25 09:23:35</sys_created_on>
        <sys_id>dcf0a5c487a649104cbb42e5dabb3534</sys_id>
        <sys_mod_count>0</sys_mod_count>
        <sys_updated_by>akash</sys_updated_by>
        <sys_updated_on>2022-03-25 09:23:35</sys_updated_on>
        <value>sn_smrtsheet_spoke_smartsheet_sheets_by_date</value>
        <variable display_value="Table">61e05916c31332002841b63b12d3aee4</variable>
    </sys_variable_value>
    <sys_element_mapping action="DELETE" query="id=d8f0a5c487a649104cbb42e5dabb3533"/>
    <sys_element_mapping action="DELETE">
        <field>table_name</field>
        <id>d8f0a5c487a649104cbb42e5dabb3533</id>
        <sys_created_by>akash</sys_created_by>
        <sys_created_on>2022-03-25 09:23:35</sys_created_on>
        <sys_id>98f0a5c487a649104cbb42e5dabb3534</sys_id>
        <sys_mod_count>0</sys_mod_count>
        <sys_updated_by>akash</sys_updated_by>
        <sys_updated_on>2022-03-25 09:23:35</sys_updated_on>
        <table>var__m_sys_hub_action_input_2de05916c31332002841b63b12d3aee1</table>
        <value/>
    </sys_element_mapping>
    <sys_element_mapping action="DELETE">
        <field>values</field>
        <id>d8f0a5c487a649104cbb42e5dabb3533</id>
        <sys_created_by>akash</sys_created_by>
        <sys_created_on>2022-03-25 09:23:35</sys_created_on>
        <sys_id>5cf0a5c487a649104cbb42e5dabb3534</sys_id>
        <sys_mod_count>0</sys_mod_count>
        <sys_updated_by>akash</sys_updated_by>
        <sys_updated_on>2022-03-25 09:23:35</sys_updated_on>
        <table>var__m_sys_hub_action_input_2de05916c31332002841b63b12d3aee1</table>
        <value>u_last_successfully_executed={{Daily_1.run_start_time}}</value>
    </sys_element_mapping>
    <sys_hub_input_scripts action="DELETE" query="instance=d8f0a5c487a649104cbb42e5dabb3533"/>
    <sys_hub_alias_mapping action="DELETE" query="source_id=d8f0a5c487a649104cbb42e5dabb3533"/>
    <sys_hub_sub_flow_instance action="DELETE" query="flow=6345f3e787d609104cbb42e5dabb35ad"/>
    <sys_hub_flow_logic action="DELETE" query="flow=6345f3e787d609104cbb42e5dabb35ad"/>
    <sys_hub_pill_compound action="DELETE" query="attached_to=6345f3e787d609104cbb42e5dabb35ad^sys_idNOT IN1c71d1b887a2c9104cbb42e5dabb3534,dc71d1b887a2c9104cbb42e5dabb3534"/>
    <sys_hub_pill_compound action="DELETE">
        <attached_to>6345f3e787d609104cbb42e5dabb35ad</attached_to>
        <extra_info/>
        <order>0</order>
        <prescription>{{416da3c9-2ac4-4faa-a61c-5b142a63f1a5.Record.u_last_successfully_executed}}</prescription>
        <source_ui_id/>
        <sys_created_by>akash</sys_created_by>
        <sys_created_on>2022-03-27 16:11:18</sys_created_on>
        <sys_id>1c71d1b887a2c9104cbb42e5dabb3534</sys_id>
        <sys_mod_count>0</sys_mod_count>
        <sys_scope display_value="Smartsheet Spoke">f719677374021010fa9bb5ebcba7e550</sys_scope>
        <sys_updated_by>akash</sys_updated_by>
        <sys_updated_on>2022-03-27 16:11:18</sys_updated_on>
        <transform_compositions>[]</transform_compositions>
        <transform_definition_id/>
        <ui_id>52eb6cc1-a5f0-4b7d-b77a-62926007af55</ui_id>
    </sys_hub_pill_compound>
    <sys_hub_pill_compound action="DELETE">
        <attached_to>6345f3e787d609104cbb42e5dabb35ad</attached_to>
        <extra_info/>
        <order>1</order>
        <prescription/>
        <source_ui_id>52eb6cc1-a5f0-4b7d-b77a-62926007af55</source_ui_id>
        <sys_created_by>akash</sys_created_by>
        <sys_created_on>2022-03-27 16:11:18</sys_created_on>
        <sys_id>dc71d1b887a2c9104cbb42e5dabb3534</sys_id>
        <sys_mod_count>0</sys_mod_count>
        <sys_scope display_value="Smartsheet Spoke">f719677374021010fa9bb5ebcba7e550</sys_scope>
        <sys_updated_by>akash</sys_updated_by>
        <sys_updated_on>2022-03-27 16:11:18</sys_updated_on>
        <transform_compositions>[{"id":"5094327dc73333003884f80bf4c2600a","transformType":null,"transformDefinition":null,"order":0,"parameters":[{"id":null,"name":"date_format","label":"Output Date Format","order":0,"attributes":{},"value":"yyyy-MM-dd'T'HH:mm:ss'Z'","type":"choice","defaultValue":null,"typeLabel":null,"mandatory":true,"choices":[{"label":"-- None --","value":"","order":1},{"label":"Custom (enter below)","value":"NULL_OVERRIDE","order":2},{"label":"ISO Date (2004-06-28)","value":"yyyy-MM-dd","order":3},{"label":"ISO Date/Time (2004-06-28T17:34:10Z)","value":"yyyy-MM-dd'T'HH:mm:ss'Z'","order":4},{"label":"ServiceNow Date/Time (2004-06-28 17:34:10)","value":"yyyy-MM-dd HH:mm:ss","order":5},{"label":"EEE, MMM dd, yyyy (Mon, Jun 28, 2004)","value":"EEE, MMM dd, yyyy","order":6},{"label":"EEE, MMM dd, yyyy h:mm a (Mon, Jun 28, 2004 5:34 PM)","value":"EEE, MMM dd, yyyy h:mm a","order":7},{"label":"MM-dd-yyyy (06-28-2004)","value":"MM-dd-yyyy","order":8},{"label":"MM-dd-yyyy h:mm a (06-28-2004 5:34 PM)","value":"MM-dd-yyyy h:mm a","order":9},{"label":"MM-dd-yyyy HH:mm:ss (06-28-2004 17:34:10)","value":"MM-dd-yyyy HH:mm:ss","order":10},{"label":"MM/dd/yyyy (06/28/2004)","value":"MM/dd/yyyy","order":11},{"label":"MM/dd/yyyy h:mm a (06/28/2004 5:34 PM)","value":"MM/dd/yyyy h:mm a","order":12},{"label":"MM/dd/yyyy HH:mm:ss (06/28/2004 15:34:10)","value":"MM/dd/yyyy HH:mm:ss","order":13},{"label":"MMM dd, yyyy (Jun 28, 2004)","value":"MMM dd, yyyy","order":14},{"label":"MMM dd, yyyy h:mm a (Jun 28, 2004 5:34 PM)","value":"MMM dd, yyyy h:mm a","order":15},{"label":"yyyy-MM-dd h:mm a (2004-06-28 5:34 PM)","value":"yyyy-MM-dd h:mm a","order":16},{"label":"yyyy/MM/dd (2004/06/28)","value":"yyyy/MM/dd","order":17},{"label":"yyyy/MM/dd h:mm a (2004/06/28 5:34 PM)","value":"yyyy/MM/dd h:mm a","order":18},{"label":"yyyy/MM/dd HH:mm:ss (2004/06/28 17:34:10)","value":"yyyy/MM/dd HH:mm:ss","order":19}]},{"id":null,"name":"custom_format","label":"Custom Format","order":1,"attributes":{},"value":"","type":"string","defaultValue":"","typeLabel":null,"mandatory":false,"choices":[]}]}]</transform_compositions>
        <transform_definition_id display_value="date_to_string">4e343e3dc73333003884f80bf4c26096</transform_definition_id>
        <ui_id>529ce94d-7331-4d02-a359-0cb0e15ef4c6</ui_id>
    </sys_hub_pill_compound>
    <sys_hub_flow_variable action="DELETE" query="model=6345f3e787d609104cbb42e5dabb35ad"/>
    <sys_documentation action="DELETE" query="name=var__m_sys_hub_flow_input_6345f3e787d609104cbb42e5dabb35ad"/>
    <sys_choice action="DELETE" query="name=var__m_sys_hub_flow_input_6345f3e787d609104cbb42e5dabb35ad"/>
    <sys_documentation action="DELETE" query="name=var__m_sys_hub_flow_output_6345f3e787d609104cbb42e5dabb35ad"/>
    <sys_choice action="DELETE" query="name=var__m_sys_hub_flow_output_6345f3e787d609104cbb42e5dabb35ad"/>
    <sys_flow_trigger_plan action="DELETE" query="plan_id=6345f3e787d609104cbb42e5dabb35ad"/>
    <sys_flow_subflow_plan action="DELETE" query="plan_id=6345f3e787d609104cbb42e5dabb35ad"/>
    <sys_update_version action="INSERT_OR_UPDATE">
        <action>DELETE</action>
        <application display_value="Smartsheet Spoke">f719677374021010fa9bb5ebcba7e550</application>
        <file_path/>
        <instance_id>428a36c905030110effdd6012ef1a058</instance_id>
        <instance_name>glide_db_dump</instance_name>
        <name>sys_hub_flow_6345f3e787d609104cbb42e5dabb35ad</name>
        <payload><![CDATA[<?xml version="1.0" encoding="UTF-8"?><record_update sys_domain="global" table="sys_hub_flow"><sys_hub_flow action="INSERT_OR_UPDATE"><access>public</access><acls/><active>false</active><annotation/><callable_by_client_api>false</callable_by_client_api><category/><compiler_build/><copied_from/><copied_from_name/><description/><internal_name>look_up_sheets_by_date</internal_name><label_cache>[{"name":"416da3c9-2ac4-4faa-a61c-5b142a63f1a5.Record.u_last_successfully_executed","label":"1 - Look Up Record➛SmartSheet Sheets by date Record➛Last Successfully Executed","reference":"","reference_display":"Last Successfully Executed","type":"glide_date_time","base_type":"glide_date_time","parent_table_name":"sn_smrtsheet_spoke_smartsheet_sheets_by_date","column_name":"u_last_successfully_executed"},{"name":"b01d7bc7-9ee6-4a68-aa07-5cddd2654c99.ds_parsed_stream","label":"2 - Look up All Sheets Stream➛ds_parsed_stream","reference_display":"ds_parsed_stream","type":"string","base_type":"string","attributes":{"uiType":"string","visible_in_fd":"false","uiTypeLabel":"String","element_mapping_provider":"com.glide.flow_design.action.data.FlowDesignVariableMapper"}},{"name":"b01d7bc7-9ee6-4a68-aa07-5cddd2654c99.error_code","label":"2 - Look up All Sheets Stream➛error_code","reference_display":"error_code","type":"string","base_type":"string","attributes":{"uiType":"string","visible_in_fd":"false","uiTypeLabel":"String","element_mapping_provider":"com.glide.flow_design.action.data.FlowDesignVariableMapper"}},{"name":"b01d7bc7-9ee6-4a68-aa07-5cddd2654c99.status_code","label":"2 - Look up All Sheets Stream➛status_code","reference_display":"status_code","type":"string","base_type":"string","attributes":{"uiType":"string","visible_in_fd":"false","uiTypeLabel":"String","element_mapping_provider":"com.glide.flow_design.action.data.FlowDesignVariableMapper"}},{"name":"b01d7bc7-9ee6-4a68-aa07-5cddd2654c99.error_message","label":"2 - Look up All Sheets Stream➛error_message","reference_display":"error_message","type":"string","base_type":"string","attributes":{"uiType":"string","visible_in_fd":"false","uiTypeLabel":"String","element_mapping_provider":"com.glide.flow_design.action.data.FlowDesignVariableMapper"}},{"name":"b01d7bc7-9ee6-4a68-aa07-5cddd2654c99.response_headers","label":"2 - Look up All Sheets Stream➛response_headers","reference_display":"response_headers","type":"string","base_type":"string","attributes":{"uiType":"string","visible_in_fd":"false","uiTypeLabel":"String","element_mapping_provider":"com.glide.flow_design.action.data.FlowDesignVariableMapper"}},{"name":"b01d7bc7-9ee6-4a68-aa07-5cddd2654c99.ds_output_page_variables","label":"2 - Look up All Sheets Stream➛ds_output_page_variables","reference_display":"ds_output_page_variables","type":"string","base_type":"string","attributes":{"uiType":"string","visible_in_fd":"false","uiTypeLabel":"String","element_mapping_provider":"com.glide.flow_design.action.data.FlowDesignVariableMapper"}},{"name":"b01d7bc7-9ee6-4a68-aa07-5cddd2654c99.item","label":"2 - Look up All Sheets Stream➛item","reference_display":"item","type":"string","base_type":"string","attributes":{"uiType":"string","visible_in_fd":"false","uiTypeLabel":"String","element_mapping_provider":"com.glide.flow_design.action.data.FlowDesignVariableMapper"}},{"name":"b01d7bc7-9ee6-4a68-aa07-5cddd2654c99.ds_count","label":"2 - Look up All Sheets Stream➛ds_count","reference_display":"ds_count","type":"integer","base_type":"integer","attributes":{"uiType":"integer","visible_in_fd":"false","uiTypeLabel":"Integer","element_mapping_provider":"com.glide.flow_design.action.data.FlowDesignVariableMapper"}},{"name":"b01d7bc7-9ee6-4a68-aa07-5cddd2654c99.count","label":"2 - Look up All Sheets Stream➛count","reference_display":"count","type":"integer","base_type":"integer","attributes":{"uiType":"integer","visible_in_fd":"false","uiTypeLabel":"Integer","element_mapping_provider":"com.glide.flow_design.action.data.FlowDesignVariableMapper"}},{"name":"b01d7bc7-9ee6-4a68-aa07-5cddd2654c99.page_count","label":"2 - Look up All Sheets Stream➛Page Count","reference_display":"Page Count","type":"integer","base_type":"integer","attributes":{"uiType":"integer","uiTypeLabel":"Integer","visible_in_ad":"false","element_mapping_provider":"com.glide.flow_design.action.data.FlowDesignVariableMapper"}},{"name":"b01d7bc7-9ee6-4a68-aa07-5cddd2654c99.item_count","label":"2 - Look up All Sheets Stream➛Item Count","reference_display":"Item Count","type":"integer","base_type":"integer","attributes":{"uiType":"integer","uiTypeLabel":"Integer","visible_in_ad":"false","element_mapping_provider":"com.glide.flow_design.action.data.FlowDesignVariableMapper"}},{"name":"b01d7bc7-9ee6-4a68-aa07-5cddd2654c99.output","label":"2 - Look up All Sheets Stream➛Sheet Details","reference_display":"Sheet Details","type":"object","base_type":"object","attributes":{"uiType":"object","uiTypeLabel":"Object","co_type_name":"FDf960c8e456f90110856bf31172dcc74c","element_mapping_provider":"com.glide.flow_design.action.data.FlowDesignVariableMapper","uiUniqueId":"683cd2e8-9e72-4b7d-b804-9bf36b073b3c"}},{"name":"9246afbf-64d2-4c7c-a1ff-709c7880b47e.ds_parsed_stream","label":"3➛ds_parsed_stream","reference_display":"ds_parsed_stream","type":"string","base_type":"string","attributes":{"visible_in_fd":"false","uiTypeLabel":"String","element_mapping_provider":"com.glide.flow_design.action.data.FlowDesignVariableMapper","uiType":"string"}},{"name":"9246afbf-64d2-4c7c-a1ff-709c7880b47e.error_code","label":"3➛error_code","reference_display":"error_code","type":"string","base_type":"string","attributes":{"visible_in_fd":"false","uiTypeLabel":"String","element_mapping_provider":"com.glide.flow_design.action.data.FlowDesignVariableMapper","uiType":"string"}},{"name":"9246afbf-64d2-4c7c-a1ff-709c7880b47e.status_code","label":"3➛status_code","reference_display":"status_code","type":"string","base_type":"string","attributes":{"visible_in_fd":"false","uiTypeLabel":"String","element_mapping_provider":"com.glide.flow_design.action.data.FlowDesignVariableMapper","uiType":"string"}},{"name":"9246afbf-64d2-4c7c-a1ff-709c7880b47e.error_message","label":"3➛error_message","reference_display":"error_message","type":"string","base_type":"string","attributes":{"visible_in_fd":"false","uiTypeLabel":"String","element_mapping_provider":"com.glide.flow_design.action.data.FlowDesignVariableMapper","uiType":"string"}},{"name":"9246afbf-64d2-4c7c-a1ff-709c7880b47e.response_headers","label":"3➛response_headers","reference_display":"response_headers","type":"string","base_type":"string","attributes":{"visible_in_fd":"false","uiTypeLabel":"String","element_mapping_provider":"com.glide.flow_design.action.data.FlowDesignVariableMapper","uiType":"string"}},{"name":"9246afbf-64d2-4c7c-a1ff-709c7880b47e.ds_output_page_variables","label":"3➛ds_output_page_variables","reference_display":"ds_output_page_variables","type":"string","base_type":"string","attributes":{"visible_in_fd":"false","uiTypeLabel":"String","element_mapping_provider":"com.glide.flow_design.action.data.FlowDesignVariableMapper","uiType":"string"}},{"name":"9246afbf-64d2-4c7c-a1ff-709c7880b47e.item","label":"3➛item","reference_display":"item","type":"string","base_type":"string","attributes":{"visible_in_fd":"false","uiTypeLabel":"String","element_mapping_provider":"com.glide.flow_design.action.data.FlowDesignVariableMapper","uiType":"string"}},{"name":"9246afbf-64d2-4c7c-a1ff-709c7880b47e.ds_count","label":"3➛ds_count","reference_display":"ds_count","type":"integer","base_type":"integer","attributes":{"visible_in_fd":"false","uiTypeLabel":"Integer","element_mapping_provider":"com.glide.flow_design.action.data.FlowDesignVariableMapper","uiType":"integer"}},{"name":"9246afbf-64d2-4c7c-a1ff-709c7880b47e.count","label":"3➛count","reference_display":"count","type":"integer","base_type":"integer","attributes":{"visible_in_fd":"false","uiTypeLabel":"Integer","element_mapping_provider":"com.glide.flow_design.action.data.FlowDesignVariableMapper","uiType":"integer"}},{"name":"9246afbf-64d2-4c7c-a1ff-709c7880b47e.page_count","label":"3➛Page Count","reference_display":"Page Count","type":"integer","base_type":"integer","attributes":{"uiTypeLabel":"Integer","element_mapping_provider":"com.glide.flow_design.action.data.FlowDesignVariableMapper","uiType":"integer","visible_in_ad":"false"}},{"name":"9246afbf-64d2-4c7c-a1ff-709c7880b47e.item_count","label":"3➛Item Count","reference_display":"Item Count","type":"integer","base_type":"integer","attributes":{"uiTypeLabel":"Integer","element_mapping_provider":"com.glide.flow_design.action.data.FlowDesignVariableMapper","uiType":"integer","visible_in_ad":"false"}},{"name":"9246afbf-64d2-4c7c-a1ff-709c7880b47e.output","label":"3➛Sheet Details","reference_display":"Sheet Details","type":"object","base_type":"object","attributes":{"uiTypeLabel":"Object","co_type_name":"FDf960c8e456f90110856bf31172dcc74c","element_mapping_provider":"com.glide.flow_design.action.data.FlowDesignVariableMapper","uiType":"object","uiUniqueId":"683cd2e8-9e72-4b7d-b804-9bf36b073b3c"}},{"name":"4777ffa1-fd72-4447-bd78-1719475adece.item","label":"2➛Items","reference_display":"Items","type":"document_id","base_type":"document_id","attributes":{"pills_draggable_inside_block":"true","pills_draggable_outside_block":"false"}},{"name":"416da3c9-2ac4-4faa-a61c-5b142a63f1a5.Record","label":"1 - Look Up Record➛SmartSheet Sheets by date Record","reference":"sn_smrtsheet_spoke_smartsheet_sheets_by_date","reference_display":"SmartSheet Sheets by date Record","type":"reference","base_type":"reference","attributes":{"element_mapping_provider":"com.glide.flow_design.action.data.FlowDesignVariableMapper"}},{"name":"416da3c9-2ac4-4faa-a61c-5b142a63f1a5.Table","label":"1 - Look Up Record➛SmartSheet Sheets by date Table","reference":"sn_smrtsheet_spoke_smartsheet_sheets_by_date","reference_display":"SmartSheet Sheets by date Table","type":"table_name","base_type":"table_name","attributes":{"element_mapping_provider":"com.glide.flow_design.action.data.FlowDesignVariableMapper"}},{"name":"416da3c9-2ac4-4faa-a61c-5b142a63f1a5.status","label":"1 - Look Up Record➛Status","reference_display":"Status","type":"choice","base_type":"choice","choices":[{"label":"Error","value":"1","order":0.0},{"label":"Success","value":"0","order":1.0}],"attributes":{"uiType":"choice","uiTypeLabel":"Choice","element_mapping_provider":"com.glide.flow_design.action.data.FlowDesignVariableMapper","uiUniqueId":"5e478657-3a84-4a60-a92b-d3e80005ad34"}},{"name":"416da3c9-2ac4-4faa-a61c-5b142a63f1a5.error_message","label":"1 - Look Up Record➛Error Message","reference_display":"Error Message","type":"string","base_type":"string","attributes":{"uiType":"string","uiTypeLabel":"String","element_mapping_provider":"com.glide.flow_design.action.data.FlowDesignVariableMapper","pwd2droppable":"true","uiUniqueId":"87687532-9e3d-4497-a88e-90f45bfb9adb"}},{"name":"416da3c9-2ac4-4faa-a61c-5b142a63f1a5.__action_status__","label":"1 - Look Up Record➛Action Status","reference_display":"Action Status","type":"object","base_type":"object","attributes":{"uiType":"object","co_type_name":"FDACTIONSTATUS","action_error_output":"true","element_mapping_provider":"com.glide.flow_design.action.data.FlowDesignVariableMapper"}},{"name":"416da3c9-2ac4-4faa-a61c-5b142a63f1a5.__dont_treat_as_error__","label":"1 - Look Up Record➛Don\u0027t Treat as Error","reference_display":"Don\u0027t Treat as Error","type":"boolean","base_type":"boolean","attributes":{"uiType":"boolean","visible_in_ui":"false","action_error_output":"true","element_mapping_provider":"com.glide.flow_design.action.data.FlowDesignVariableMapper"}},{"name":"c679dd87-a2f5-4703-94d3-7d87989d4057.record","label":"3 - Create Record➛SmartSheet Sheets Created by Date - OutboundFlow Record","reference":"sn_smrtsheet_spoke_smartsheet_sheets_created_by_date_outboundflow","reference_display":"SmartSheet Sheets Created by Date - OutboundFlow Record","type":"reference","base_type":"reference","attributes":{"element_mapping_provider":"com.glide.flow_design.action.data.FlowDesignVariableMapper"}},{"name":"c679dd87-a2f5-4703-94d3-7d87989d4057.table_name","label":"3 - Create Record➛SmartSheet Sheets Created by Date - OutboundFlow Table","reference":"sn_smrtsheet_spoke_smartsheet_sheets_created_by_date_outboundflow","reference_display":"SmartSheet Sheets Created by Date - OutboundFlow Table","type":"table_name","base_type":"table_name","attributes":{"element_mapping_provider":"com.glide.flow_design.action.data.FlowDesignVariableMapper"}},{"name":"c679dd87-a2f5-4703-94d3-7d87989d4057.__action_status__","label":"3 - Create Record➛Action Status","reference_display":"Action Status","type":"object","base_type":"object","attributes":{"uiType":"object","co_type_name":"FDACTIONSTATUS","action_error_output":"true","element_mapping_provider":"com.glide.flow_design.action.data.FlowDesignVariableMapper"}},{"name":"c679dd87-a2f5-4703-94d3-7d87989d4057.__dont_treat_as_error__","label":"3 - Create Record➛Don\u0027t Treat as Error","reference_display":"Don\u0027t Treat as Error","type":"boolean","base_type":"boolean","attributes":{"uiType":"boolean","visible_in_ui":"false","action_error_output":"true","element_mapping_provider":"com.glide.flow_design.action.data.FlowDesignVariableMapper"}},{"name":"b01d7bc7-9ee6-4a68-aa07-5cddd2654c99.output.id","label":"2➛Sheet Details➛ID","reference":"","reference_display":"","type":"number","base_type":"number","column_name":"","attributes":{}},{"name":"b01d7bc7-9ee6-4a68-aa07-5cddd2654c99.output.name","label":"2➛Sheet Details➛Name","reference":"","reference_display":"","type":"string","base_type":"string","column_name":"","attributes":{}},{"name":"b01d7bc7-9ee6-4a68-aa07-5cddd2654c99.output.accessLevel","label":"2➛Sheet Details➛Access Level","reference":"","reference_display":"","type":"string","base_type":"string","column_name":"","attributes":{}},{"name":"b01d7bc7-9ee6-4a68-aa07-5cddd2654c99.output.permalink","label":"2➛Sheet Details➛Permalink","reference":"","reference_display":"","type":"string","base_type":"string","column_name":"","attributes":{}},{"name":"b01d7bc7-9ee6-4a68-aa07-5cddd2654c99.output.createdAt","label":"2➛Sheet Details➛Created At","reference":"","reference_display":"","type":"glide_date_time","base_type":"glide_date_time","column_name":"","attributes":{}},{"name":"b01d7bc7-9ee6-4a68-aa07-5cddd2654c99.output.modifiedAt","label":"2➛Sheet Details➛Modified At","reference":"","reference_display":"","type":"glide_date_time","base_type":"glide_date_time","column_name":"","attributes":{}},{"name":"b3843803-1f4a-4697-ac3f-f5c596a1953e.record","label":"4 - Create Record➛SmartSheet Sheets by date Record","reference":"sn_smrtsheet_spoke_smartsheet_sheets_by_date","reference_display":"SmartSheet Sheets by date Record","type":"reference","base_type":"reference","attributes":{"element_mapping_provider":"com.glide.flow_design.action.data.FlowDesignVariableMapper"}},{"name":"b3843803-1f4a-4697-ac3f-f5c596a1953e.table_name","label":"4 - Create Record➛SmartSheet Sheets by date Table","reference":"sn_smrtsheet_spoke_smartsheet_sheets_by_date","reference_display":"SmartSheet Sheets by date Table","type":"table_name","base_type":"table_name","attributes":{"element_mapping_provider":"com.glide.flow_design.action.data.FlowDesignVariableMapper"}},{"name":"b3843803-1f4a-4697-ac3f-f5c596a1953e.__action_status__","label":"4 - Create Record➛Action Status","reference_display":"Action Status","type":"object","base_type":"object","attributes":{"uiType":"object","co_type_name":"FDACTIONSTATUS","action_error_output":"true","element_mapping_provider":"com.glide.flow_design.action.data.FlowDesignVariableMapper"}},{"name":"b3843803-1f4a-4697-ac3f-f5c596a1953e.__dont_treat_as_error__","label":"4 - Create Record➛Don\u0027t Treat as Error","reference_display":"Don\u0027t Treat as Error","type":"boolean","base_type":"boolean","attributes":{"uiType":"boolean","visible_in_ui":"false","action_error_output":"true","element_mapping_provider":"com.glide.flow_design.action.data.FlowDesignVariableMapper"}},{"name":"Daily_1.run_start_time","label":"Trigger➛Run Start Time","type":"glide_date_time","base_type":"glide_date_time","attributes":{"test_input_hidden":"true"}}]</label_cache><latest_snapshot/><master_snapshot/><name>Look up Sheets by Date</name><natlang/><outputs/><remote_trigger_id/><run_as>system</run_as><run_with_roles/><sc_callable>false</sc_callable><show_draft_actions>false</show_draft_actions><show_triggered_flows>false</show_triggered_flows><status>draft</status><sys_class_name>sys_hub_flow</sys_class_name><sys_created_by>akash</sys_created_by><sys_created_on>2022-03-24 06:54:50</sys_created_on><sys_domain>global</sys_domain><sys_domain_path>/</sys_domain_path><sys_id>6345f3e787d609104cbb42e5dabb35ad</sys_id><sys_mod_count>5</sys_mod_count><sys_name>Look up Sheets by Date</sys_name><sys_overrides/><sys_package display_value="Smartsheet Spoke" source="sn_smrtsheet_spoke">f719677374021010fa9bb5ebcba7e550</sys_package><sys_policy/><sys_scope display_value="Smartsheet Spoke">f719677374021010fa9bb5ebcba7e550</sys_scope><sys_update_name>sys_hub_flow_6345f3e787d609104cbb42e5dabb35ad</sys_update_name><sys_updated_by>akash</sys_updated_by><sys_updated_on>2022-04-03 15:20:27</sys_updated_on><type>flow</type></sys_hub_flow><sys_translated_text action="delete_multiple" query="documentkey=6345f3e787d609104cbb42e5dabb35ad"/><sys_variable_value action="delete_multiple" query="document_key=6345f3e787d609104cbb42e5dabb35ad"/><sys_hub_trigger_instance action="delete_multiple" query="flow=6345f3e787d609104cbb42e5dabb35ad^sys_idNOT IN21f7687f875a09104cbb42e5dabb35f9"/><sys_hub_trigger_instance action="INSERT_OR_UPDATE"><comment/><display_text/><flow display_value="Look up Sheets by Date">6345f3e787d609104cbb42e5dabb35ad</flow><name>Daily</name><remote_sys_id/><sys_created_by>akash</sys_created_by><sys_created_on>2022-03-24 10:36:09</sys_created_on><sys_id>21f7687f875a09104cbb42e5dabb35f9</sys_id><sys_mod_count>5</sys_mod_count><sys_scope/><sys_updated_by>akash</sys_updated_by><sys_updated_on>2022-04-03 15:20:27</sys_updated_on><trigger_definition display_value="Daily">89142dc0c32222002841b63b12d3ae8a</trigger_definition><trigger_inputs/><trigger_outputs/><trigger_type>daily</trigger_type></sys_hub_trigger_instance><sys_variable_value action="delete_multiple" query="document_key=21f7687f875a09104cbb42e5dabb35f9"/><sys_variable_value action="INSERT_OR_UPDATE"><document>sys_hub_trigger_instance</document><document_key>21f7687f875a09104cbb42e5dabb35f9</document_key><order>100</order><sys_class_name>sys_variable_value</sys_class_name><sys_created_by>akash</sys_created_by><sys_created_on>2022-03-24 10:36:10</sys_created_on><sys_id>f1f7687f875a09104cbb42e5dabb35fa</sys_id><sys_mod_count>0</sys_mod_count><sys_updated_by>akash</sys_updated_by><sys_updated_on>2022-03-24 10:36:10</sys_updated_on><value>1970-01-01 12:00:00</value><variable display_value="Time">3ad4edc0c32222002841b63b12d3aee5</variable></sys_variable_value><sys_element_mapping action="delete_multiple" query="table=var__m_sys_hub_trigger_input_89142dc0c32222002841b63b12d3ae8a^id=21f7687f875a09104cbb42e5dabb35f9"/><sys_hub_flow_stage action="delete_multiple" query="flow=6345f3e787d609104cbb42e5dabb35ad"/><sys_flow_cat_variable_model action="delete_multiple" query="id=6345f3e787d609104cbb42e5dabb35ad^sys_idNOT INab45f3e787d609104cbb42e5dabb35ae"/><sys_flow_cat_variable_model action="INSERT_OR_UPDATE"><id>6345f3e787d609104cbb42e5dabb35ad</id><name>Look up Sheets by Date</name><sys_created_by>akash</sys_created_by><sys_created_on>2022-03-24 06:54:50</sys_created_on><sys_id>ab45f3e787d609104cbb42e5dabb35ae</sys_id><sys_mod_count>0</sys_mod_count><sys_scope/><sys_updated_by>akash</sys_updated_by><sys_updated_on>2022-03-24 06:54:50</sys_updated_on></sys_flow_cat_variable_model><sys_flow_cat_variable action="delete_multiple" query="flow_catalog_model=ab45f3e787d609104cbb42e5dabb35ae"/><sys_hub_flow_input action="delete_multiple" query="model=6345f3e787d609104cbb42e5dabb35ad"/><sys_hub_flow_output action="delete_multiple" query="model=6345f3e787d609104cbb42e5dabb35ad"/><sys_hub_alias_mapping action="delete_multiple" query="source_id=6345f3e787d609104cbb42e5dabb35ad"/><sys_hub_action_instance action="delete_multiple" query="flow=6345f3e787d609104cbb42e5dabb35ad^sys_idNOT IN9783518c876649104cbb42e5dabb357a,bad0a5c487a649104cbb42e5dabb352d,ca08a87f875a09104cbb42e5dabb35bc,d8f0a5c487a649104cbb42e5dabb3533"/><sys_hub_action_instance action="INSERT_OR_UPDATE"><action_inputs/><action_inputs/><action_type display_value="Look up All Sheets Stream">f06088e497f901108ac03f0e6253afd4</action_type><action_type_parent/><comment/><compiled_snapshot/><display_text/><flow display_value="Look up Sheets by Date">6345f3e787d609104cbb42e5dabb35ad</flow><order>2</order><parent_ui_id/><sys_class_name>sys_hub_action_instance</sys_class_name><sys_created_by>akash</sys_created_by><sys_created_on>2022-03-25 08:25:05</sys_created_on><sys_id>9783518c876649104cbb42e5dabb357a</sys_id><sys_mod_count>8</sys_mod_count><sys_scope display_value="Smartsheet Spoke">f719677374021010fa9bb5ebcba7e550</sys_scope><sys_updated_by>akash</sys_updated_by><sys_updated_on>2022-04-03 15:20:27</sys_updated_on><ui_id>b01d7bc7-9ee6-4a68-aa07-5cddd2654c99</ui_id></sys_hub_action_instance><sys_variable_value action="delete_multiple" query="document_key=9783518c876649104cbb42e5dabb357a"/><sys_variable_value action="INSERT_OR_UPDATE"><document>sys_hub_action_instance</document><document_key>9783518c876649104cbb42e5dabb357a</document_key><order>1</order><sys_class_name>sys_variable_value</sys_class_name><sys_created_by>akash</sys_created_by><sys_created_on>2022-03-25 08:25:05</sys_created_on><sys_id>1783518c876649104cbb42e5dabb357c</sys_id><sys_mod_count>1</sys_mod_count><sys_updated_by>akash</sys_updated_by><sys_updated_on>2022-04-03 15:20:27</sys_updated_on><value>{"version":"1.0","complexObjectSchema":{"FlowDesigner:FD4feb6183385e851070880afd54827a0e":{"$COCollectionField":[{"choices":{"include":"String","include.$field_facets":{"SimpleMapFacet":"{\"uiTypeLabel\":\"Choice\",\"read_only\":\"false\",\"hint\":\"\",\"uiType\":\"choice\",\"default_value\":\"\",\"label\":\"Include\",\"mandatory\":\"false\",\"order\":\"1\",\"max_length\":\"32\"}","SimpleChoiceFacet":"{\"complex_choice_map_key$\":{},\"choice_map_key$\":{\"Sheet Version\":\"{\\\"label\\\":\\\"Sheet Version\\\",\\\"value\\\":\\\"sheetVersion\\\",\\\"order\\\":1}\",\"Source\":\"{\\\"label\\\":\\\"Source\\\",\\\"value\\\":\\\"source\\\",\\\"order\\\":2}\"}}"}}}],"$COCollectionField.$type_facets":{"SimpleMapFacet":"{\"default_value\":\"\",\"label\":\"Includes\",\"mandatory\":\"false\",\"child_name\":\"choices\",\"uiUniqueId\":\"4990cd59-b6f6-4090-9c73-24357e869d69\",\"uiTypeLabel\":\"Array.Object\",\"co_type_name\":\"FD4feb6183385e851070880afd54827a0e\",\"child_label\":\"Choices\",\"child_type_label\":\"Object\",\"element_mapping_provider\":\"com.glide.flow_design.action.data.FlowDesignVariableMapper\",\"read_only\":\"false\",\"hint\":null,\"uiType\":\"array.object\",\"child_type\":\"object\",\"order\":\"1\",\"max_length\":\"65000\",\"child_uiUniqueId\":\"1369c9c8-fa84-418f-81f7-d5523b0392cf\"}"},"$COCollectionField.$field_facets":{"SimpleMapFacet":"{\"up-shift-collection-level\":\"true\"}"}},"FlowDesigner:FD4feb6183385e851070880afd54827a0e.$type_facets":{"SimpleMapFacet":"{\"default_value\":\"\",\"label\":\"Includes\",\"mandatory\":\"false\",\"child_name\":\"choices\",\"uiUniqueId\":\"4990cd59-b6f6-4090-9c73-24357e869d69\",\"uiTypeLabel\":\"Array.Object\",\"co_type_name\":\"FD4feb6183385e851070880afd54827a0e\",\"child_label\":\"Choices\",\"child_type_label\":\"Object\",\"element_mapping_provider\":\"com.glide.flow_design.action.data.FlowDesignVariableMapper\",\"read_only\":\"false\",\"hint\":null,\"uiType\":\"array.object\",\"child_type\":\"object\",\"order\":\"1\",\"max_length\":\"65000\",\"child_uiUniqueId\":\"1369c9c8-fa84-418f-81f7-d5523b0392cf\"}"}},"serializationFormat":"JSON","complexObject":{"name$":"FD4feb6183385e851070880afd54827a0e","$COCollectionField":[{"include":{"$cv":{"$c":"java.lang.String","$v":""}}}]}}</value><variable display_value="Includes">c3eb6183875e85104cbb42e5dabb3511</variable></sys_variable_value><sys_variable_value action="INSERT_OR_UPDATE"><document>sys_hub_action_instance</document><document_key>9783518c876649104cbb42e5dabb357a</document_key><order>2</order><sys_class_name>sys_variable_value</sys_class_name><sys_created_by>akash</sys_created_by><sys_created_on>2022-03-27 16:11:18</sys_created_on><sys_id>4871d1b887a2c9104cbb42e5dabb3530</sys_id><sys_mod_count>0</sys_mod_count><sys_updated_by>akash</sys_updated_by><sys_updated_on>2022-03-27 16:11:18</sys_updated_on><value/><variable display_value="Modified Since">8ae1b14c872a891072fbbaa8dabb3559</variable></sys_variable_value><sys_element_mapping action="delete_multiple" query="id=9783518c876649104cbb42e5dabb357a"/><sys_element_mapping action="INSERT_OR_UPDATE"><field>include</field><id>9783518c876649104cbb42e5dabb357a</id><sys_created_by>akash</sys_created_by><sys_created_on>2022-03-25 08:25:05</sys_created_on><sys_id>9383518c876649104cbb42e5dabb357c</sys_id><sys_mod_count>0</sys_mod_count><sys_updated_by>akash</sys_updated_by><sys_updated_on>2022-03-25 08:25:05</sys_updated_on><table>var__m_sys_hub_action_input_f06088e497f901108ac03f0e6253afd4</table><value/></sys_element_mapping><sys_element_mapping action="INSERT_OR_UPDATE"><field>modified_since</field><id>9783518c876649104cbb42e5dabb357a</id><sys_created_by>akash</sys_created_by><sys_created_on>2022-03-27 16:11:18</sys_created_on><sys_id>c471d1b887a2c9104cbb42e5dabb3530</sys_id><sys_mod_count>1</sys_mod_count><sys_updated_by>akash</sys_updated_by><sys_updated_on>2022-04-03 15:20:27</sys_updated_on><table>var__m_sys_hub_action_input_f06088e497f901108ac03f0e6253afd4</table><value>{{416da3c9-2ac4-4faa-a61c-5b142a63f1a5.Record.u_last_successfully_executed}}</value></sys_element_mapping><sys_hub_input_scripts action="delete_multiple" query="instance=9783518c876649104cbb42e5dabb357a"/><sys_hub_alias_mapping action="delete_multiple" query="source_id=9783518c876649104cbb42e5dabb357a"/><sys_hub_action_instance action="INSERT_OR_UPDATE"><action_inputs/><action_inputs/><action_type display_value="Create Record">2de05916c31332002841b63b12d3aee1</action_type><action_type_parent/><comment/><compiled_snapshot/><display_text/><flow display_value="Look up Sheets by Date">6345f3e787d609104cbb42e5dabb35ad</flow><order>3</order><parent_ui_id>b01d7bc7-9ee6-4a68-aa07-5cddd2654c99</parent_ui_id><sys_class_name>sys_hub_action_instance</sys_class_name><sys_created_by>akash</sys_created_by><sys_created_on>2022-03-25 09:23:13</sys_created_on><sys_id>bad0a5c487a649104cbb42e5dabb352d</sys_id><sys_mod_count>6</sys_mod_count><sys_scope display_value="Smartsheet Spoke">f719677374021010fa9bb5ebcba7e550</sys_scope><sys_updated_by>akash</sys_updated_by><sys_updated_on>2022-04-03 15:20:27</sys_updated_on><ui_id>c679dd87-a2f5-4703-94d3-7d87989d4057</ui_id></sys_hub_action_instance><sys_variable_value action="delete_multiple" query="document_key=bad0a5c487a649104cbb42e5dabb352d"/><sys_variable_value action="INSERT_OR_UPDATE"><document>sys_hub_action_instance</document><document_key>bad0a5c487a649104cbb42e5dabb352d</document_key><order>0</order><sys_class_name>sys_variable_value</sys_class_name><sys_created_by>akash</sys_created_by><sys_created_on>2022-03-25 09:23:13</sys_created_on><sys_id>4bd0a5c487a649104cbb42e5dabb352f</sys_id><sys_mod_count>0</sys_mod_count><sys_updated_by>akash</sys_updated_by><sys_updated_on>2022-03-25 09:23:13</sys_updated_on><value>sn_smrtsheet_spoke_smartsheet_sheets_created_by_date_outboundflow</value><variable display_value="Table">61e05916c31332002841b63b12d3aee4</variable></sys_variable_value><sys_element_mapping action="delete_multiple" query="id=bad0a5c487a649104cbb42e5dabb352d"/><sys_element_mapping action="INSERT_OR_UPDATE"><field>table_name</field><id>bad0a5c487a649104cbb42e5dabb352d</id><sys_created_by>akash</sys_created_by><sys_created_on>2022-03-25 09:23:13</sys_created_on><sys_id>07d0a5c487a649104cbb42e5dabb352f</sys_id><sys_mod_count>0</sys_mod_count><sys_updated_by>akash</sys_updated_by><sys_updated_on>2022-03-25 09:23:13</sys_updated_on><table>var__m_sys_hub_action_input_2de05916c31332002841b63b12d3aee1</table><value/></sys_element_mapping><sys_element_mapping action="INSERT_OR_UPDATE"><field>values</field><id>bad0a5c487a649104cbb42e5dabb352d</id><sys_created_by>akash</sys_created_by><sys_created_on>2022-03-25 09:23:13</sys_created_on><sys_id>c7d0a5c487a649104cbb42e5dabb352f</sys_id><sys_mod_count>0</sys_mod_count><sys_updated_by>akash</sys_updated_by><sys_updated_on>2022-03-25 09:23:13</sys_updated_on><table>var__m_sys_hub_action_input_2de05916c31332002841b63b12d3aee1</table><value>u_id={{b01d7bc7-9ee6-4a68-aa07-5cddd2654c99.output.id}}^u_name={{b01d7bc7-9ee6-4a68-aa07-5cddd2654c99.output.name}}^u_access_level={{b01d7bc7-9ee6-4a68-aa07-5cddd2654c99.output.accessLevel}}^u_permalink={{b01d7bc7-9ee6-4a68-aa07-5cddd2654c99.output.permalink}}^u_created_at={{b01d7bc7-9ee6-4a68-aa07-5cddd2654c99.output.createdAt}}^u_modified_at={{b01d7bc7-9ee6-4a68-aa07-5cddd2654c99.output.modifiedAt}}</value></sys_element_mapping><sys_hub_input_scripts action="delete_multiple" query="instance=bad0a5c487a649104cbb42e5dabb352d"/><sys_hub_alias_mapping action="delete_multiple" query="source_id=bad0a5c487a649104cbb42e5dabb352d"/><sys_hub_action_instance action="INSERT_OR_UPDATE"><action_inputs/><action_type display_value="Look Up Record">9d09f99587003300663ca1bb36cb0ba3</action_type><action_type_parent/><comment/><compiled_snapshot/><display_text/><flow display_value="Look up Sheets by Date">6345f3e787d609104cbb42e5dabb35ad</flow><order>1</order><parent_ui_id/><sys_class_name>sys_hub_action_instance</sys_class_name><sys_created_by>akash</sys_created_by><sys_created_on>2022-03-24 10:36:28</sys_created_on><sys_id>ca08a87f875a09104cbb42e5dabb35bc</sys_id><sys_mod_count>10</sys_mod_count><sys_scope display_value="Smartsheet Spoke">f719677374021010fa9bb5ebcba7e550</sys_scope><sys_updated_by>akash</sys_updated_by><sys_updated_on>2022-04-03 15:20:27</sys_updated_on><ui_id>416da3c9-2ac4-4faa-a61c-5b142a63f1a5</ui_id></sys_hub_action_instance><sys_variable_value action="delete_multiple" query="document_key=ca08a87f875a09104cbb42e5dabb35bc"/><sys_variable_value action="INSERT_OR_UPDATE"><document>sys_hub_action_instance</document><document_key>ca08a87f875a09104cbb42e5dabb35bc</document_key><order>0</order><sys_class_name>sys_variable_value</sys_class_name><sys_created_by>akash</sys_created_by><sys_created_on>2022-03-25 08:25:04</sys_created_on><sys_id>8383518c876649104cbb42e5dabb353c</sys_id><sys_mod_count>0</sys_mod_count><sys_updated_by>akash</sys_updated_by><sys_updated_on>2022-03-25 08:25:04</sys_updated_on><value>sn_smrtsheet_spoke_smartsheet_sheets_by_date</value><variable display_value="Table">d909f99587003300663ca1bb36cb0ba4</variable></sys_variable_value><sys_variable_value action="INSERT_OR_UPDATE"><document>sys_hub_action_instance</document><document_key>ca08a87f875a09104cbb42e5dabb35bc</document_key><order>2</order><sys_class_name>sys_variable_value</sys_class_name><sys_created_by>akash</sys_created_by><sys_created_on>2022-03-27 16:11:18</sys_created_on><sys_id>c071d1b887a2c9104cbb42e5dabb352f</sys_id><sys_mod_count>0</sys_mod_count><sys_updated_by>akash</sys_updated_by><sys_updated_on>2022-03-27 16:11:18</sys_updated_on><value>u_last_successfully_executed</value><variable display_value="Order by">1d09f99587003300663ca1bb36cb0bad</variable></sys_variable_value><sys_variable_value action="INSERT_OR_UPDATE"><document>sys_hub_action_instance</document><document_key>ca08a87f875a09104cbb42e5dabb35bc</document_key><order>3</order><sys_class_name>sys_variable_value</sys_class_name><sys_created_by>akash</sys_created_by><sys_created_on>2022-03-25 08:25:04</sys_created_on><sys_id>cb83518c876649104cbb42e5dabb353b</sys_id><sys_mod_count>0</sys_mod_count><sys_updated_by>akash</sys_updated_by><sys_updated_on>2022-03-25 08:25:04</sys_updated_on><value>sort_desc</value><variable display_value="Sort Type">5d09f99587003300663ca1bb36cb0bb1</variable></sys_variable_value><sys_element_mapping action="delete_multiple" query="table=var__m_sys_hub_action_input_9d09f99587003300663ca1bb36cb0ba3^id=ca08a87f875a09104cbb42e5dabb35bc"/><sys_hub_input_scripts action="delete_multiple" query="instance=ca08a87f875a09104cbb42e5dabb35bc"/><sys_hub_alias_mapping action="delete_multiple" query="source_id=ca08a87f875a09104cbb42e5dabb35bc"/><sys_hub_action_instance action="INSERT_OR_UPDATE"><action_inputs/><action_inputs/><action_type display_value="Create Record">2de05916c31332002841b63b12d3aee1</action_type><action_type_parent/><comment/><compiled_snapshot/><display_text/><flow display_value="Look up Sheets by Date">6345f3e787d609104cbb42e5dabb35ad</flow><order>4</order><parent_ui_id/><sys_class_name>sys_hub_action_instance</sys_class_name><sys_created_by>akash</sys_created_by><sys_created_on>2022-03-25 09:23:35</sys_created_on><sys_id>d8f0a5c487a649104cbb42e5dabb3533</sys_id><sys_mod_count>6</sys_mod_count><sys_scope display_value="Smartsheet Spoke">f719677374021010fa9bb5ebcba7e550</sys_scope><sys_updated_by>akash</sys_updated_by><sys_updated_on>2022-04-03 15:20:27</sys_updated_on><ui_id>b3843803-1f4a-4697-ac3f-f5c596a1953e</ui_id></sys_hub_action_instance><sys_variable_value action="delete_multiple" query="document_key=d8f0a5c487a649104cbb42e5dabb3533"/><sys_variable_value action="INSERT_OR_UPDATE"><document>sys_hub_action_instance</document><document_key>d8f0a5c487a649104cbb42e5dabb3533</document_key><order>0</order><sys_class_name>sys_variable_value</sys_class_name><sys_created_by>akash</sys_created_by><sys_created_on>2022-03-25 09:23:35</sys_created_on><sys_id>dcf0a5c487a649104cbb42e5dabb3534</sys_id><sys_mod_count>0</sys_mod_count><sys_updated_by>akash</sys_updated_by><sys_updated_on>2022-03-25 09:23:35</sys_updated_on><value>sn_smrtsheet_spoke_smartsheet_sheets_by_date</value><variable display_value="Table">61e05916c31332002841b63b12d3aee4</variable></sys_variable_value><sys_element_mapping action="delete_multiple" query="id=d8f0a5c487a649104cbb42e5dabb3533"/><sys_element_mapping action="INSERT_OR_UPDATE"><field>table_name</field><id>d8f0a5c487a649104cbb42e5dabb3533</id><sys_created_by>akash</sys_created_by><sys_created_on>2022-03-25 09:23:35</sys_created_on><sys_id>98f0a5c487a649104cbb42e5dabb3534</sys_id><sys_mod_count>0</sys_mod_count><sys_updated_by>akash</sys_updated_by><sys_updated_on>2022-03-25 09:23:35</sys_updated_on><table>var__m_sys_hub_action_input_2de05916c31332002841b63b12d3aee1</table><value/></sys_element_mapping><sys_element_mapping action="INSERT_OR_UPDATE"><field>values</field><id>d8f0a5c487a649104cbb42e5dabb3533</id><sys_created_by>akash</sys_created_by><sys_created_on>2022-03-25 09:23:35</sys_created_on><sys_id>5cf0a5c487a649104cbb42e5dabb3534</sys_id><sys_mod_count>0</sys_mod_count><sys_updated_by>akash</sys_updated_by><sys_updated_on>2022-03-25 09:23:35</sys_updated_on><table>var__m_sys_hub_action_input_2de05916c31332002841b63b12d3aee1</table><value>u_last_successfully_executed={{Daily_1.run_start_time}}</value></sys_element_mapping><sys_hub_input_scripts action="delete_multiple" query="instance=d8f0a5c487a649104cbb42e5dabb3533"/><sys_hub_alias_mapping action="delete_multiple" query="source_id=d8f0a5c487a649104cbb42e5dabb3533"/><sys_hub_sub_flow_instance action="delete_multiple" query="flow=6345f3e787d609104cbb42e5dabb35ad"/><sys_hub_flow_logic action="delete_multiple" query="flow=6345f3e787d609104cbb42e5dabb35ad"/><sys_hub_pill_compound action="delete_multiple" query="attached_to=6345f3e787d609104cbb42e5dabb35ad^sys_idNOT IN1c71d1b887a2c9104cbb42e5dabb3534,dc71d1b887a2c9104cbb42e5dabb3534"/><sys_hub_pill_compound action="INSERT_OR_UPDATE"><attached_to>6345f3e787d609104cbb42e5dabb35ad</attached_to><extra_info/><order>0</order><prescription>{{416da3c9-2ac4-4faa-a61c-5b142a63f1a5.Record.u_last_successfully_executed}}</prescription><source_ui_id/><sys_created_by>akash</sys_created_by><sys_created_on>2022-03-27 16:11:18</sys_created_on><sys_id>1c71d1b887a2c9104cbb42e5dabb3534</sys_id><sys_mod_count>0</sys_mod_count><sys_scope display_value="Smartsheet Spoke">f719677374021010fa9bb5ebcba7e550</sys_scope><sys_updated_by>akash</sys_updated_by><sys_updated_on>2022-03-27 16:11:18</sys_updated_on><transform_compositions>[]</transform_compositions><transform_definition_id/><ui_id>52eb6cc1-a5f0-4b7d-b77a-62926007af55</ui_id></sys_hub_pill_compound><sys_hub_pill_compound action="INSERT_OR_UPDATE"><attached_to>6345f3e787d609104cbb42e5dabb35ad</attached_to><extra_info/><order>1</order><prescription/><source_ui_id>52eb6cc1-a5f0-4b7d-b77a-62926007af55</source_ui_id><sys_created_by>akash</sys_created_by><sys_created_on>2022-03-27 16:11:18</sys_created_on><sys_id>dc71d1b887a2c9104cbb42e5dabb3534</sys_id><sys_mod_count>0</sys_mod_count><sys_scope display_value="Smartsheet Spoke">f719677374021010fa9bb5ebcba7e550</sys_scope><sys_updated_by>akash</sys_updated_by><sys_updated_on>2022-03-27 16:11:18</sys_updated_on><transform_compositions>[{"id":"5094327dc73333003884f80bf4c2600a","transformType":null,"transformDefinition":null,"order":0,"parameters":[{"id":null,"name":"date_format","label":"Output Date Format","order":0,"attributes":{},"value":"yyyy-MM-dd'T'HH:mm:ss'Z'","type":"choice","defaultValue":null,"typeLabel":null,"mandatory":true,"choices":[{"label":"-- None --","value":"","order":1},{"label":"Custom (enter below)","value":"NULL_OVERRIDE","order":2},{"label":"ISO Date (2004-06-28)","value":"yyyy-MM-dd","order":3},{"label":"ISO Date/Time (2004-06-28T17:34:10Z)","value":"yyyy-MM-dd'T'HH:mm:ss'Z'","order":4},{"label":"ServiceNow Date/Time (2004-06-28 17:34:10)","value":"yyyy-MM-dd HH:mm:ss","order":5},{"label":"EEE, MMM dd, yyyy (Mon, Jun 28, 2004)","value":"EEE, MMM dd, yyyy","order":6},{"label":"EEE, MMM dd, yyyy h:mm a (Mon, Jun 28, 2004 5:34 PM)","value":"EEE, MMM dd, yyyy h:mm a","order":7},{"label":"MM-dd-yyyy (06-28-2004)","value":"MM-dd-yyyy","order":8},{"label":"MM-dd-yyyy h:mm a (06-28-2004 5:34 PM)","value":"MM-dd-yyyy h:mm a","order":9},{"label":"MM-dd-yyyy HH:mm:ss (06-28-2004 17:34:10)","value":"MM-dd-yyyy HH:mm:ss","order":10},{"label":"MM/dd/yyyy (06/28/2004)","value":"MM/dd/yyyy","order":11},{"label":"MM/dd/yyyy h:mm a (06/28/2004 5:34 PM)","value":"MM/dd/yyyy h:mm a","order":12},{"label":"MM/dd/yyyy HH:mm:ss (06/28/2004 15:34:10)","value":"MM/dd/yyyy HH:mm:ss","order":13},{"label":"MMM dd, yyyy (Jun 28, 2004)","value":"MMM dd, yyyy","order":14},{"label":"MMM dd, yyyy h:mm a (Jun 28, 2004 5:34 PM)","value":"MMM dd, yyyy h:mm a","order":15},{"label":"yyyy-MM-dd h:mm a (2004-06-28 5:34 PM)","value":"yyyy-MM-dd h:mm a","order":16},{"label":"yyyy/MM/dd (2004/06/28)","value":"yyyy/MM/dd","order":17},{"label":"yyyy/MM/dd h:mm a (2004/06/28 5:34 PM)","value":"yyyy/MM/dd h:mm a","order":18},{"label":"yyyy/MM/dd HH:mm:ss (2004/06/28 17:34:10)","value":"yyyy/MM/dd HH:mm:ss","order":19}]},{"id":null,"name":"custom_format","label":"Custom Format","order":1,"attributes":{},"value":"","type":"string","defaultValue":"","typeLabel":null,"mandatory":false,"choices":[]}]}]</transform_compositions><transform_definition_id display_value="date_to_string">4e343e3dc73333003884f80bf4c26096</transform_definition_id><ui_id>529ce94d-7331-4d02-a359-0cb0e15ef4c6</ui_id></sys_hub_pill_compound><sys_hub_flow_variable action="delete_multiple" query="model=6345f3e787d609104cbb42e5dabb35ad"/><sys_documentation action="delete_multiple" query="name=var__m_sys_hub_flow_input_6345f3e787d609104cbb42e5dabb35ad"/><sys_choice action="delete_multiple" query="name=var__m_sys_hub_flow_input_6345f3e787d609104cbb42e5dabb35ad"/><sys_documentation action="delete_multiple" query="name=var__m_sys_hub_flow_output_6345f3e787d609104cbb42e5dabb35ad"/><sys_choice action="delete_multiple" query="name=var__m_sys_hub_flow_output_6345f3e787d609104cbb42e5dabb35ad"/><sys_flow_trigger_plan action="delete_multiple" query="plan_id=6345f3e787d609104cbb42e5dabb35ad"/><sys_flow_subflow_plan action="delete_multiple" query="plan_id=6345f3e787d609104cbb42e5dabb35ad"/></record_update>]]></payload>
        <payload_hash>1584725905</payload_hash>
        <record_name>Look up Sheets by Date</record_name>
        <reverted_from/>
        <source>328af37ba3a70110b94d8b3f26fcda57</source>
        <source_table>sys_update_set</source_table>
        <state>previous</state>
        <sys_created_by>admin</sys_created_by>
        <sys_created_on>2022-05-26 05:38:51</sys_created_on>
        <sys_id>f010c840a3f70110b94d8b3f26fcda3d</sys_id>
        <sys_mod_count>0</sys_mod_count>
        <sys_recorded_at>180fedff1ed0000001</sys_recorded_at>
        <sys_updated_by>admin</sys_updated_by>
        <sys_updated_on>2022-05-26 05:38:51</sys_updated_on>
        <type>Flow</type>
        <update_guid>40f8814ff8228910c140db35cacccec8</update_guid>
        <update_guid_history>40f8814ff8228910c140db35cacccec8:1584725905,d071d1b821a2c910ed3667c797a13a4c:964699875,60f029c473a64910ac2ad53d79adbe1a:-1335463561,af83518c31664910e25f1367cfd39a8e:1676828708,5608e87fea5a0910785fab9189dd5d57:-808755612,af45f3e757d60910e9bf17204186ccb1:-1310889585</update_guid_history>
    </sys_update_version>
    <sys_metadata_delete action="INSERT_OR_UPDATE">
        <sys_audit_delete/>
        <sys_class_name>sys_metadata_delete</sys_class_name>
        <sys_created_by>admin</sys_created_by>
        <sys_created_on>2022-06-02 09:06:48</sys_created_on>
        <sys_db_object display_value="" name="sys_hub_flow">sys_hub_flow</sys_db_object>
        <sys_id>291ec5ad24ae49e48801b2402d5150f9</sys_id>
        <sys_metadata>6345f3e787d609104cbb42e5dabb35ad</sys_metadata>
        <sys_mod_count>0</sys_mod_count>
        <sys_name>Look up Sheets by Date</sys_name>
        <sys_package display_value="Smartsheet Spoke" source="sn_smrtsheet_spoke">f719677374021010fa9bb5ebcba7e550</sys_package>
        <sys_parent/>
        <sys_policy/>
        <sys_scope display_value="Smartsheet Spoke">f719677374021010fa9bb5ebcba7e550</sys_scope>
        <sys_scope_delete display_value="">133f37b1d8bc4836887f20453fbd5cc9</sys_scope_delete>
        <sys_update_name>sys_hub_flow_6345f3e787d609104cbb42e5dabb35ad</sys_update_name>
        <sys_update_version display_value="sys_hub_flow_6345f3e787d609104cbb42e5dabb35ad">f010c840a3f70110b94d8b3f26fcda3d</sys_update_version>
        <sys_updated_by>admin</sys_updated_by>
        <sys_updated_on>2022-06-02 09:06:48</sys_updated_on>
    </sys_metadata_delete>
</record_update>
