<?xml version="1.0" encoding="UTF-8"?><record_update table="sys_db_object">
    <sys_db_object action="DELETE">
        <access/>
        <actions_access>false</actions_access>
        <alter_access>false</alter_access>
        <caller_access/>
        <client_scripts_access>false</client_scripts_access>
        <configuration_access>false</configuration_access>
        <create_access>false</create_access>
        <create_access_controls>false</create_access_controls>
        <delete_access>false</delete_access>
        <extension_model/>
        <is_extendable>false</is_extendable>
        <label>SmartSheet test</label>
        <live_feed_enabled>false</live_feed_enabled>
        <name>sn_smrtsheet_spoke_smartsheet_test</name>
        <number_ref/>
        <provider_class/>
        <read_access>true</read_access>
        <scriptable_table>false</scriptable_table>
        <super_class display_value="Import Set Row" name="sys_import_set_row">191a7db747023010bd95a144846d4306</super_class>
        <sys_class_code/>
        <sys_class_name>sys_db_object</sys_class_name>
        <sys_class_path/>
        <sys_created_by>akash.s</sys_created_by>
        <sys_created_on>2022-02-01 07:22:16</sys_created_on>
        <sys_id>5082d1df97d181101ecb350e6253afba</sys_id>
        <sys_mod_count>0</sys_mod_count>
        <sys_name>Sn Smrtsheet Spoke Smartsheet Test</sys_name>
        <sys_package display_value="Smartsheet Spoke" source="sn_smrtsheet_spoke">f719677374021010fa9bb5ebcba7e550</sys_package>
        <sys_policy/>
        <sys_scope display_value="Smartsheet Spoke">f719677374021010fa9bb5ebcba7e550</sys_scope>
        <sys_update_name>sys_db_object_5082d1df97d181101ecb350e6253afba</sys_update_name>
        <sys_updated_by>akash.s</sys_updated_by>
        <sys_updated_on>2022-02-01 07:22:16</sys_updated_on>
        <update_access>false</update_access>
        <user_role/>
        <ws_access>true</ws_access>
    </sys_db_object>
    <sys_update_version action="INSERT_OR_UPDATE">
        <action>DELETE</action>
        <application display_value="Smartsheet Spoke">f719677374021010fa9bb5ebcba7e550</application>
        <file_path/>
        <instance_id>428a36c905030110effdd6012ef1a058</instance_id>
        <instance_name>glide_db_dump</instance_name>
        <name>sys_db_object_5082d1df97d181101ecb350e6253afba</name>
        <payload><![CDATA[<?xml version="1.0" encoding="UTF-8"?><record_update table="sys_db_object"><sys_db_object action="INSERT_OR_UPDATE"><access/><actions_access>false</actions_access><alter_access>false</alter_access><caller_access/><client_scripts_access>false</client_scripts_access><configuration_access>false</configuration_access><create_access>false</create_access><create_access_controls>false</create_access_controls><delete_access>false</delete_access><extension_model/><is_extendable>false</is_extendable><label>SmartSheet test</label><live_feed_enabled>false</live_feed_enabled><name>sn_smrtsheet_spoke_smartsheet_test</name><number_ref/><provider_class/><read_access>true</read_access><scriptable_table>false</scriptable_table><super_class display_value="Import Set Row" name="sys_import_set_row">191a7db747023010bd95a144846d4306</super_class><sys_class_code/><sys_class_name>sys_db_object</sys_class_name><sys_class_path/><sys_created_by>akash.s</sys_created_by><sys_created_on>2022-02-01 07:22:16</sys_created_on><sys_id>5082d1df97d181101ecb350e6253afba</sys_id><sys_mod_count>0</sys_mod_count><sys_name>Sn Smrtsheet Spoke Smartsheet Test</sys_name><sys_package display_value="Smartsheet Spoke" source="sn_smrtsheet_spoke">f719677374021010fa9bb5ebcba7e550</sys_package><sys_policy/><sys_scope display_value="Smartsheet Spoke">f719677374021010fa9bb5ebcba7e550</sys_scope><sys_update_name>sys_db_object_5082d1df97d181101ecb350e6253afba</sys_update_name><sys_updated_by>akash.s</sys_updated_by><sys_updated_on>2022-02-01 07:22:16</sys_updated_on><update_access>false</update_access><user_role/><ws_access>true</ws_access></sys_db_object></record_update>]]></payload>
        <payload_hash>-886283888</payload_hash>
        <record_name>SmartSheet test</record_name>
        <reverted_from/>
        <source>820218f7a3630110b94d8b3f26fcdac6</source>
        <source_table>sys_update_set</source_table>
        <state>previous</state>
        <sys_created_by>admin</sys_created_by>
        <sys_created_on>2022-05-25 12:20:31</sys_created_on>
        <sys_id>4362d03ba3630110b94d8b3f26fcdac2</sys_id>
        <sys_mod_count>0</sys_mod_count>
        <sys_recorded_at>180fb29566a0000001</sys_recorded_at>
        <sys_updated_by>admin</sys_updated_by>
        <sys_updated_on>2022-05-25 12:20:31</sys_updated_on>
        <type>Table</type>
        <update_guid>688215df94d1811008aa6184076c4302</update_guid>
        <update_guid_history>688215df94d1811008aa6184076c4302:-886283888</update_guid_history>
    </sys_update_version>
    <sys_metadata_delete action="INSERT_OR_UPDATE">
        <sys_audit_delete/>
        <sys_class_name>sys_metadata_delete</sys_class_name>
        <sys_created_by>admin</sys_created_by>
        <sys_created_on>2022-06-02 10:07:30</sys_created_on>
        <sys_db_object display_value="" name="sys_db_object">sys_db_object</sys_db_object>
        <sys_id>b2ac4918c3e5487b825f6cf376f8adb9</sys_id>
        <sys_metadata>5082d1df97d181101ecb350e6253afba</sys_metadata>
        <sys_mod_count>0</sys_mod_count>
        <sys_name>Sn Smrtsheet Spoke Smartsheet Test</sys_name>
        <sys_package display_value="Smartsheet Spoke" source="sn_smrtsheet_spoke">f719677374021010fa9bb5ebcba7e550</sys_package>
        <sys_parent/>
        <sys_policy/>
        <sys_scope display_value="Smartsheet Spoke">f719677374021010fa9bb5ebcba7e550</sys_scope>
        <sys_scope_delete display_value="">133f37b1d8bc4836887f20453fbd5cc9</sys_scope_delete>
        <sys_update_name>sys_db_object_5082d1df97d181101ecb350e6253afba</sys_update_name>
        <sys_update_version display_value="sys_db_object_5082d1df97d181101ecb350e6253afba">4362d03ba3630110b94d8b3f26fcdac2</sys_update_version>
        <sys_updated_by>admin</sys_updated_by>
        <sys_updated_on>2022-06-02 10:07:30</sys_updated_on>
    </sys_metadata_delete>
</record_update>
