<?xml version="1.0" encoding="UTF-8"?><record_update table="sys_script_include">
    <sys_script_include action="DELETE">
        <access>package_private</access>
        <active>false</active>
        <api_name>sn_smrtsheet_spoke.SmartsheetErrorHandler1</api_name>
        <caller_access/>
        <client_callable>false</client_callable>
        <description/>
        <name>SmartsheetErrorHandler1</name>
        <script><![CDATA[var SmartsheetErrorHandler1 = Class.create(); {
	//Error Handler function
	SmartsheetErrorHandler1.handleError = function(response, statusCode) {
		var returnMessage;
		var firstKey = "";
		var apiStatusCode = (!gs.nil(statusCode)) ? statusCode.toString() : "";
		var fullReturningMessage = "";


		if (!gs.nil(response)) {

			firstKey = Object.keys(response).toString();
			if (firstKey == "errorCode,message,refId" || firstKey == "errorCode,message")
				returnMessage = response.message;
		}

		switch (apiStatusCode) {
			case "400":
				fullReturningMessage = (returnMessage) ? returnMessage : "Bad Request: Please verify the request URI.";
				break;
			case "401":
				fullReturningMessage = (returnMessage) ? returnMessage : "Session expired or invalid.";
				break;
			case "403":
				fullReturningMessage = (returnMessage) ? returnMessage : "User profile used for the integrations does not have access to the OData API";
				break;
			case "404":
				fullReturningMessage = (returnMessage) ? returnMessage : "The requested resource could not be found.";
				break;
			case "500":
				fullReturningMessage = (returnMessage) ? returnMessage : "Internal Server Error: An error has occurred within SmartSheet";
				break;
			case "503":
				fullReturningMessage = (returnMessage) ? returnMessage : "Service Unavailable: SmartSheet is down for maintenance or unvailable.";
				break;
			default:
				fullReturningMessage = (returnMessage) ? returnMessage : "Encountered an error. Check log for more details.";
		}
		return fullReturningMessage;
	};

}]]></script>
        <sys_class_name>sys_script_include</sys_class_name>
        <sys_created_by>akash</sys_created_by>
        <sys_created_on>2022-04-12 06:57:22</sys_created_on>
        <sys_id>02fb6d7587fa815005cf419d0ebb3580</sys_id>
        <sys_mod_count>11</sys_mod_count>
        <sys_name>SmartsheetErrorHandler1</sys_name>
        <sys_package display_value="Smartsheet Spoke" source="sn_smrtsheet_spoke">f719677374021010fa9bb5ebcba7e550</sys_package>
        <sys_policy/>
        <sys_scope display_value="Smartsheet Spoke">f719677374021010fa9bb5ebcba7e550</sys_scope>
        <sys_update_name>sys_script_include_02fb6d7587fa815005cf419d0ebb3580</sys_update_name>
        <sys_updated_by>akash</sys_updated_by>
        <sys_updated_on>2022-04-13 10:38:25</sys_updated_on>
    </sys_script_include>
    <sys_update_version action="INSERT_OR_UPDATE">
        <action>DELETE</action>
        <application display_value="Smartsheet Spoke">f719677374021010fa9bb5ebcba7e550</application>
        <file_path/>
        <instance_id>428a36c905030110effdd6012ef1a058</instance_id>
        <instance_name>glide_db_dump</instance_name>
        <name>sys_script_include_02fb6d7587fa815005cf419d0ebb3580</name>
        <payload>&lt;?xml version="1.0" encoding="UTF-8"?&gt;&lt;record_update table="sys_script_include"&gt;&lt;sys_script_include action="INSERT_OR_UPDATE"&gt;&lt;access&gt;package_private&lt;/access&gt;&lt;active&gt;false&lt;/active&gt;&lt;api_name&gt;sn_smrtsheet_spoke.SmartsheetErrorHandler1&lt;/api_name&gt;&lt;caller_access/&gt;&lt;client_callable&gt;false&lt;/client_callable&gt;&lt;description/&gt;&lt;name&gt;SmartsheetErrorHandler1&lt;/name&gt;&lt;script&gt;&lt;![CDATA[var SmartsheetErrorHandler1 = Class.create(); {
	//Error Handler function
	SmartsheetErrorHandler1.handleError = function(response, statusCode) {
		var returnMessage;
		var firstKey = "";
		var apiStatusCode = (!gs.nil(statusCode)) ? statusCode.toString() : "";
		var fullReturningMessage = "";


		if (!gs.nil(response)) {

			firstKey = Object.keys(response).toString();
			if (firstKey == "errorCode,message,refId" || firstKey == "errorCode,message")
				returnMessage = response.message;
		}

		switch (apiStatusCode) {
			case "400":
				fullReturningMessage = (returnMessage) ? returnMessage : "Bad Request: Please verify the request URI.";
				break;
			case "401":
				fullReturningMessage = (returnMessage) ? returnMessage : "Session expired or invalid.";
				break;
			case "403":
				fullReturningMessage = (returnMessage) ? returnMessage : "User profile used for the integrations does not have access to the OData API";
				break;
			case "404":
				fullReturningMessage = (returnMessage) ? returnMessage : "The requested resource could not be found.";
				break;
			case "500":
				fullReturningMessage = (returnMessage) ? returnMessage : "Internal Server Error: An error has occurred within SmartSheet";
				break;
			case "503":
				fullReturningMessage = (returnMessage) ? returnMessage : "Service Unavailable: SmartSheet is down for maintenance or unvailable.";
				break;
			default:
				fullReturningMessage = (returnMessage) ? returnMessage : "Encountered an error. Check log for more details.";
		}
		return fullReturningMessage;
	};

}]]&gt;&lt;/script&gt;&lt;sys_class_name&gt;sys_script_include&lt;/sys_class_name&gt;&lt;sys_created_by&gt;akash&lt;/sys_created_by&gt;&lt;sys_created_on&gt;2022-04-12 06:57:22&lt;/sys_created_on&gt;&lt;sys_id&gt;02fb6d7587fa815005cf419d0ebb3580&lt;/sys_id&gt;&lt;sys_mod_count&gt;11&lt;/sys_mod_count&gt;&lt;sys_name&gt;SmartsheetErrorHandler1&lt;/sys_name&gt;&lt;sys_package display_value="Smartsheet Spoke" source="sn_smrtsheet_spoke"&gt;f719677374021010fa9bb5ebcba7e550&lt;/sys_package&gt;&lt;sys_policy/&gt;&lt;sys_scope display_value="Smartsheet Spoke"&gt;f719677374021010fa9bb5ebcba7e550&lt;/sys_scope&gt;&lt;sys_update_name&gt;sys_script_include_02fb6d7587fa815005cf419d0ebb3580&lt;/sys_update_name&gt;&lt;sys_updated_by&gt;akash&lt;/sys_updated_by&gt;&lt;sys_updated_on&gt;2022-04-13 10:38:25&lt;/sys_updated_on&gt;&lt;/sys_script_include&gt;&lt;/record_update&gt;</payload>
        <payload_hash>249753227</payload_hash>
        <record_name>SmartsheetErrorHandler1</record_name>
        <reverted_from/>
        <source>328af37ba3a70110b94d8b3f26fcda57</source>
        <source_table>sys_update_set</source_table>
        <state>previous</state>
        <sys_created_by>admin</sys_created_by>
        <sys_created_on>2022-05-26 05:38:59</sys_created_on>
        <sys_id>fa104c40a3f70110b94d8b3f26fcda58</sys_id>
        <sys_mod_count>0</sys_mod_count>
        <sys_recorded_at>180fee0141b0000001</sys_recorded_at>
        <sys_updated_by>admin</sys_updated_by>
        <sys_updated_on>2022-05-26 05:38:59</sys_updated_on>
        <type>Script Include</type>
        <update_guid>3d486b02a1bec15029dad849466a362e</update_guid>
        <update_guid_history>3d486b02a1bec15029dad849466a362e:249753227,16a6beb113fe81503d6bd47154529665:-1538697284,0dd8867de03e815086a7c285e4a75a7e:-1283635817,ba77867d873e815088ae72eca32b412a:2110669801,3847c2b9a73e8150afd143da49a7bea2:657220330,a3434a79c23e8150b75ab0aa4a0bb98c:-715157348,aa720a39c03e8150ad4b916820b110a5:1318249660,5ac10a39f53e815005039c22f79ebf6e:734234302,f614713d83fa8150d1eb1e4dae56949b:-563010583,08e3f1f980fa8150e396ce79b1062e3a:1373027279,46517d7574fa8150d19417e0e6b8ed96:686441964,861c6d757dfa8150a1f570d7e0a91770:1957508168</update_guid_history>
    </sys_update_version>
    <sys_metadata_delete action="INSERT_OR_UPDATE">
        <sys_audit_delete/>
        <sys_class_name>sys_metadata_delete</sys_class_name>
        <sys_created_by>admin</sys_created_by>
        <sys_created_on>2022-06-02 08:49:23</sys_created_on>
        <sys_db_object display_value="" name="sys_script_include">sys_script_include</sys_db_object>
        <sys_id>0ba3043638fb40728e355a6347b9d784</sys_id>
        <sys_metadata>02fb6d7587fa815005cf419d0ebb3580</sys_metadata>
        <sys_mod_count>0</sys_mod_count>
        <sys_name>SmartsheetErrorHandler1</sys_name>
        <sys_package display_value="Smartsheet Spoke" source="sn_smrtsheet_spoke">f719677374021010fa9bb5ebcba7e550</sys_package>
        <sys_parent/>
        <sys_policy/>
        <sys_scope display_value="Smartsheet Spoke">f719677374021010fa9bb5ebcba7e550</sys_scope>
        <sys_scope_delete display_value="">133f37b1d8bc4836887f20453fbd5cc9</sys_scope_delete>
        <sys_update_name>sys_script_include_02fb6d7587fa815005cf419d0ebb3580</sys_update_name>
        <sys_update_version display_value="sys_script_include_02fb6d7587fa815005cf419d0ebb3580">fa104c40a3f70110b94d8b3f26fcda58</sys_update_version>
        <sys_updated_by>admin</sys_updated_by>
        <sys_updated_on>2022-06-02 08:49:23</sys_updated_on>
    </sys_metadata_delete>
</record_update>
