<?xml version="1.0" encoding="UTF-8"?><record_update sys_domain="global" table="sys_app_module">
    <sys_app_module action="DELETE">
        <active>true</active>
        <application/>
        <assessment/>
        <device_type/>
        <filter/>
        <hint/>
        <homepage/>
        <image/>
        <link_type>LIST</link_type>
        <map_page/>
        <mobile_title>SmartSheet Sheets Created by Date - OutboundFlows</mobile_title>
        <mobile_view_name>Mobile</mobile_view_name>
        <name>sn_smrtsheet_spoke_smartsheet_sheets_created_by_date_outboundflow</name>
        <order/>
        <override_menu_roles>false</override_menu_roles>
        <query/>
        <report/>
        <roles>sn_smrtsheet_spoke.smartsheet_sheets_created_by_date_outboundflow_user</roles>
        <sys_class_name>sys_app_module</sys_class_name>
        <sys_created_by>akash</sys_created_by>
        <sys_created_on>2022-03-23 08:48:08</sys_created_on>
        <sys_domain>global</sys_domain>
        <sys_domain_path>/</sys_domain_path>
        <sys_id>1da58b9787dac5104cbb42e5dabb355d</sys_id>
        <sys_mod_count>3</sys_mod_count>
        <sys_name>SmartSheet Sheets nrs</sys_name>
        <sys_overrides/>
        <sys_package display_value="Smartsheet Spoke" source="sn_smrtsheet_spoke">f719677374021010fa9bb5ebcba7e550</sys_package>
        <sys_policy/>
        <sys_scope display_value="Smartsheet Spoke">f719677374021010fa9bb5ebcba7e550</sys_scope>
        <sys_update_name>sys_app_module_1da58b9787dac5104cbb42e5dabb355d</sys_update_name>
        <sys_updated_by>akash.s</sys_updated_by>
        <sys_updated_on>2022-05-02 08:23:29</sys_updated_on>
        <timeline_page/>
        <title>SmartSheet Sheets nrs</title>
        <uncancelable>false</uncancelable>
        <view_name/>
        <window_name/>
    </sys_app_module>
    <sys_update_version action="INSERT_OR_UPDATE">
        <action>DELETE</action>
        <application display_value="Smartsheet Spoke">f719677374021010fa9bb5ebcba7e550</application>
        <file_path/>
        <instance_id>428a36c905030110effdd6012ef1a058</instance_id>
        <instance_name>glide_db_dump</instance_name>
        <name>sys_app_module_1da58b9787dac5104cbb42e5dabb355d</name>
        <payload><![CDATA[<?xml version="1.0" encoding="UTF-8"?><record_update sys_domain="global" table="sys_app_module"><sys_app_module action="INSERT_OR_UPDATE"><active>true</active><application/><assessment/><device_type/><filter/><hint/><homepage/><image/><link_type>LIST</link_type><map_page/><mobile_title>SmartSheet Sheets Created by Date - OutboundFlows</mobile_title><mobile_view_name>Mobile</mobile_view_name><name>sn_smrtsheet_spoke_smartsheet_sheets_created_by_date_outboundflow</name><order/><override_menu_roles>false</override_menu_roles><query/><report/><roles>sn_smrtsheet_spoke.smartsheet_sheets_created_by_date_outboundflow_user</roles><sys_class_name>sys_app_module</sys_class_name><sys_created_by>akash</sys_created_by><sys_created_on>2022-03-23 08:48:08</sys_created_on><sys_domain>global</sys_domain><sys_domain_path>/</sys_domain_path><sys_id>1da58b9787dac5104cbb42e5dabb355d</sys_id><sys_mod_count>3</sys_mod_count><sys_name>SmartSheet Sheets nrs</sys_name><sys_overrides/><sys_package display_value="Smartsheet Spoke" source="sn_smrtsheet_spoke">f719677374021010fa9bb5ebcba7e550</sys_package><sys_policy/><sys_scope display_value="Smartsheet Spoke">f719677374021010fa9bb5ebcba7e550</sys_scope><sys_update_name>sys_app_module_1da58b9787dac5104cbb42e5dabb355d</sys_update_name><sys_updated_by>akash.s</sys_updated_by><sys_updated_on>2022-05-02 08:23:29</sys_updated_on><timeline_page/><title>SmartSheet Sheets nrs</title><uncancelable>false</uncancelable><view_name/><window_name/></sys_app_module></record_update>]]></payload>
        <payload_hash>1042925192</payload_hash>
        <record_name>SmartSheet Sheets nrs</record_name>
        <reverted_from/>
        <source>0125c484a3f70110b94d8b3f26fcda4c</source>
        <source_table>sys_update_set</source_table>
        <state>previous</state>
        <sys_created_by>admin</sys_created_by>
        <sys_created_on>2022-05-26 06:02:00</sys_created_on>
        <sys_id>7b550c84a3f70110b94d8b3f26fcda6a</sys_id>
        <sys_mod_count>0</sys_mod_count>
        <sys_recorded_at>180fef524f80000001</sys_recorded_at>
        <sys_updated_by>admin</sys_updated_by>
        <sys_updated_on>2022-05-26 06:02:00</sys_updated_on>
        <type>Module</type>
        <update_guid>6e9ff89886db8110c58bfea2f913b45a</update_guid>
        <update_guid_history>6e9ff89886db8110c58bfea2f913b45a:1042925192,c913879e4b0b01101f77602bc6751f1a:-444232090,9521360641fac150302996a442c76efa:-637957959,9521360641fac150302996a442c76efa:-637957959,99a58b976ddac510f01621488f38f05f:-722586073</update_guid_history>
    </sys_update_version>
    <sys_metadata_delete action="INSERT_OR_UPDATE">
        <sys_audit_delete display_value="SmartSheet Sheets nrs">d27c7c96a3770110b94d8b3f26fcdaf3</sys_audit_delete>
        <sys_class_name>sys_metadata_delete</sys_class_name>
        <sys_created_by>admin</sys_created_by>
        <sys_created_on>2022-06-02 09:49:03</sys_created_on>
        <sys_db_object display_value="" name="sys_app_module">sys_app_module</sys_db_object>
        <sys_id>1c9c614d0d4d47cc9e3cd439e7343784</sys_id>
        <sys_metadata>1da58b9787dac5104cbb42e5dabb355d</sys_metadata>
        <sys_mod_count>0</sys_mod_count>
        <sys_name>SmartSheet Sheets nrs</sys_name>
        <sys_package display_value="Smartsheet Spoke" source="sn_smrtsheet_spoke">f719677374021010fa9bb5ebcba7e550</sys_package>
        <sys_parent/>
        <sys_policy/>
        <sys_scope display_value="Smartsheet Spoke">f719677374021010fa9bb5ebcba7e550</sys_scope>
        <sys_scope_delete display_value="">133f37b1d8bc4836887f20453fbd5cc9</sys_scope_delete>
        <sys_update_name>sys_app_module_1da58b9787dac5104cbb42e5dabb355d</sys_update_name>
        <sys_update_version display_value="sys_app_module_1da58b9787dac5104cbb42e5dabb355d">7b550c84a3f70110b94d8b3f26fcda6a</sys_update_version>
        <sys_updated_by>admin</sys_updated_by>
        <sys_updated_on>2022-06-02 09:49:03</sys_updated_on>
    </sys_metadata_delete>
</record_update>
