<?xml version="1.0" encoding="UTF-8"?><record_update sys_domain="global" table="sys_ui_module">
    <sys_ui_module action="DELETE">
        <active>true</active>
        <application display_value="SmartSheet Sheets by date">b0ddfe1387dac5104cbb42e5dabb359d</application>
        <filter/>
        <name>SmartSheet Sheets by dates</name>
        <order/>
        <path/>
        <path_relative_to_root>false</path_relative_to_root>
        <roles>sn_smrtsheet_spoke.smartsheet_sheets_by_date_user</roles>
        <sys_class_name>sys_ui_module</sys_class_name>
        <sys_created_by>akash</sys_created_by>
        <sys_created_on>2022-03-23 08:13:57</sys_created_on>
        <sys_domain>global</sys_domain>
        <sys_domain_path>/</sys_domain_path>
        <sys_id>b0ddfe1387dac5104cbb42e5dabb359f</sys_id>
        <sys_mod_count>0</sys_mod_count>
        <sys_name>SmartSheet Sheets by dates</sys_name>
        <sys_package display_value="Smartsheet Spoke" source="sn_smrtsheet_spoke">f719677374021010fa9bb5ebcba7e550</sys_package>
        <sys_policy/>
        <sys_scope display_value="Smartsheet Spoke">f719677374021010fa9bb5ebcba7e550</sys_scope>
        <sys_update_name>sys_ui_module_b0ddfe1387dac5104cbb42e5dabb359f</sys_update_name>
        <sys_updated_by>akash</sys_updated_by>
        <sys_updated_on>2022-03-23 08:13:57</sys_updated_on>
        <table>sn_smrtsheet_spoke_smartsheet_sheets_by_date</table>
        <uncancelable>false</uncancelable>
        <view_name/>
    </sys_ui_module>
    <sys_update_version action="INSERT_OR_UPDATE">
        <action>DELETE</action>
        <application display_value="Smartsheet Spoke">f719677374021010fa9bb5ebcba7e550</application>
        <file_path/>
        <instance_id>428a36c905030110effdd6012ef1a058</instance_id>
        <instance_name>glide_db_dump</instance_name>
        <name>sys_ui_module_b0ddfe1387dac5104cbb42e5dabb359f</name>
        <payload><![CDATA[<?xml version="1.0" encoding="UTF-8"?><record_update sys_domain="global" table="sys_ui_module"><sys_ui_module action="INSERT_OR_UPDATE"><active>true</active><application display_value="SmartSheet Sheets by date">b0ddfe1387dac5104cbb42e5dabb359d</application><filter/><name>SmartSheet Sheets by dates</name><order/><path/><path_relative_to_root>false</path_relative_to_root><roles>sn_smrtsheet_spoke.smartsheet_sheets_by_date_user</roles><sys_class_name>sys_ui_module</sys_class_name><sys_created_by>akash</sys_created_by><sys_created_on>2022-03-23 08:13:57</sys_created_on><sys_domain>global</sys_domain><sys_domain_path>/</sys_domain_path><sys_id>b0ddfe1387dac5104cbb42e5dabb359f</sys_id><sys_mod_count>0</sys_mod_count><sys_name>SmartSheet Sheets by dates</sys_name><sys_package display_value="Smartsheet Spoke" source="sn_smrtsheet_spoke">f719677374021010fa9bb5ebcba7e550</sys_package><sys_policy/><sys_scope display_value="Smartsheet Spoke">f719677374021010fa9bb5ebcba7e550</sys_scope><sys_update_name>sys_ui_module_b0ddfe1387dac5104cbb42e5dabb359f</sys_update_name><sys_updated_by>akash</sys_updated_by><sys_updated_on>2022-03-23 08:13:57</sys_updated_on><table>sn_smrtsheet_spoke_smartsheet_sheets_by_date</table><uncancelable>false</uncancelable><view_name/></sys_ui_module></record_update>]]></payload>
        <payload_hash>253120729</payload_hash>
        <record_name>SmartSheet Sheets by dates</record_name>
        <reverted_from/>
        <source>820218f7a3630110b94d8b3f26fcdac6</source>
        <source_table>sys_update_set</source_table>
        <state>previous</state>
        <sys_created_by>admin</sys_created_by>
        <sys_created_on>2022-05-25 12:55:50</sys_created_on>
        <sys_id>588a5037a3a30110b94d8b3f26fcda7f</sys_id>
        <sys_mod_count>0</sys_mod_count>
        <sys_recorded_at>180fb49aae10000001</sys_recorded_at>
        <sys_updated_by>admin</sys_updated_by>
        <sys_updated_on>2022-05-25 12:55:50</sys_updated_on>
        <type>Module</type>
        <update_guid>74ddfe13cfdac510e00d96bd6b7183a0</update_guid>
        <update_guid_history>74ddfe13cfdac510e00d96bd6b7183a0:253120729</update_guid_history>
    </sys_update_version>
    <sys_metadata_delete action="INSERT_OR_UPDATE">
        <sys_audit_delete/>
        <sys_class_name>sys_metadata_delete</sys_class_name>
        <sys_created_by>admin</sys_created_by>
        <sys_created_on>2022-06-02 09:48:35</sys_created_on>
        <sys_db_object display_value="" name="sys_ui_module">sys_ui_module</sys_db_object>
        <sys_id>203537bc674e43de98c7f3a3307d9644</sys_id>
        <sys_metadata>b0ddfe1387dac5104cbb42e5dabb359f</sys_metadata>
        <sys_mod_count>0</sys_mod_count>
        <sys_name>SmartSheet Sheets by dates</sys_name>
        <sys_package display_value="Smartsheet Spoke" source="sn_smrtsheet_spoke">f719677374021010fa9bb5ebcba7e550</sys_package>
        <sys_parent/>
        <sys_policy/>
        <sys_scope display_value="Smartsheet Spoke">f719677374021010fa9bb5ebcba7e550</sys_scope>
        <sys_scope_delete display_value="">133f37b1d8bc4836887f20453fbd5cc9</sys_scope_delete>
        <sys_update_name>sys_ui_module_b0ddfe1387dac5104cbb42e5dabb359f</sys_update_name>
        <sys_update_version display_value="sys_ui_module_b0ddfe1387dac5104cbb42e5dabb359f">588a5037a3a30110b94d8b3f26fcda7f</sys_update_version>
        <sys_updated_by>admin</sys_updated_by>
        <sys_updated_on>2022-06-02 09:48:35</sys_updated_on>
    </sys_metadata_delete>
</record_update>
