<?xml version="1.0" encoding="UTF-8"?><database>
    <element db_object_id="223ed57247c41110395052a5d36d43e1" label="SmartSheets Webhook Registry" max_length="40" name="sn_smrtsheet_spoke_smartsheets_webhook_registry" type="collection">
        <element label="Callback URL" max_length="100" name="u_callback_url" read_only="true" type="string"/>
        <element label="Enabled" max_length="40" name="u_enabled" read_only="true" type="string"/>
        <element default="*.*" label="Events" mandatory="true" max_length="40" name="u_events" read_only="true" type="string"/>
        <element label="Name" mandatory="true" max_length="40" name="u_name" type="string"/>
        <element default="api/sn_smrtsheet_spoke/smartsheet_webhook" label="Path" max_length="100" name="u_path" read_only="true" type="string"/>
        <element default="sheet" label="Scope" mandatory="true" max_length="40" name="u_scope" read_only="true" type="string"/>
        <element label="Scope Object ID" mandatory="true" max_length="40" name="u_scope_object_id" type="string"/>
        <element label="Shared Secret" max_length="255" name="u_shared_secret" read_only="true" type="password2"/>
        <element label="Status" max_length="40" name="u_status" read_only="true" type="string"/>
        <element default="1" label="Version" mandatory="true" max_length="40" name="u_version" read_only="true" type="string"/>
        <element label="Webhook ID" max_length="40" name="u_webhook_id" read_only="true" type="string"/>
    </element>
</database>
