<?xml version="1.0" encoding="UTF-8"?><database>
    <element attributes="read_only=true" label="SmartSheet Requests" max_length="40" name="sn_smrtsheet_spoke_st_smartsheets_sheets" sizeclass="0" type="collection">
        <element label="Access Level" max_length="40" name="u_access_level" type="string"/>
        <element label="Created At" max_length="40" name="u_created_at" type="string"/>
        <element label="ID" max_length="40" name="u_id" type="string"/>
        <element label="Modified At" max_length="40" name="u_modified_at" type="string"/>
        <element label="Name" max_length="40" name="u_name" type="string"/>
        <element label="Permalink" max_length="40" name="u_permalink" type="string"/>
    </element>
</database>
