<?xml version="1.0" encoding="UTF-8"?><database>
    <element db_object_id="ba3e197247c41110395052a5d36d430e" label="SmartSheet Sheets" max_length="40" name="sn_smrtsheet_spoke_smartsheet_sheets" type="collection">
        <element label="Access Level" max_length="40" name="u_access_level" read_only="true" type="string"/>
        <element label="Created At" max_length="40" name="u_created_at" read_only="true" type="string"/>
        <element label="ID" max_length="100" name="u_id" read_only="true" type="string_full_utf8"/>
        <element label="Modified At" max_length="40" name="u_modified_at" read_only="true" type="string"/>
        <element label="Name" mandatory="true" max_length="40" name="u_name" type="string"/>
        <element label="Permalink" max_length="40" name="u_permalink" read_only="true" type="string"/>
    </element>
</database>
