<?xml version="1.0" encoding="UTF-8"?><record_update table="connection_attributes">
    <connection_attributes action="INSERT_OR_UPDATE">
        <active>true</active>
        <array>false</array>
        <array_denormalized>false</array_denormalized>
        <attributes/>
        <audit>false</audit>
        <calculation><![CDATA[(function calculatedFieldValue(current) {

	// Add your code here
	return '';  // return the calculated value

})(current);]]></calculation>
        <choice/>
        <choice_field/>
        <choice_table/>
        <column_label>Version</column_label>
        <comments/>
        <create_roles/>
        <default_value>2.0</default_value>
        <defaultsort/>
        <delete_roles/>
        <dependent/>
        <dependent_on_field/>
        <display>false</display>
        <dynamic_creation>false</dynamic_creation>
        <dynamic_creation_script/>
        <dynamic_default_value/>
        <dynamic_ref_qual/>
        <element>u_version</element>
        <element_reference>false</element_reference>
        <foreign_database/>
        <function_definition/>
        <function_field>false</function_field>
        <help/>
        <hint/>
        <internal_type display_value="String">string</internal_type>
        <label>Version</label>
        <mandatory>true</mandatory>
        <max_length>20</max_length>
        <model display_value="sn_smrtsheet_spoke.Smartsheet">55a8692773021010b8f6259dfaf6a726</model>
        <model_id>55a8692773021010b8f6259dfaf6a726</model_id>
        <model_table/>
        <name>var__m_connection_attributes_55a8692773021010b8f6259dfaf6a726</name>
        <next_element/>
        <order>100</order>
        <primary>false</primary>
        <read_only>false</read_only>
        <read_roles/>
        <reference/>
        <reference_cascade_rule/>
        <reference_floats>false</reference_floats>
        <reference_key/>
        <reference_qual/>
        <reference_qual_condition/>
        <reference_type/>
        <sizeclass/>
        <spell_check>false</spell_check>
        <staged>false</staged>
        <sys_class_name>connection_attributes</sys_class_name>
        <sys_created_by>akash</sys_created_by>
        <sys_created_on>2022-03-16 10:35:22</sys_created_on>
        <sys_id>fabadf8d87de41104cbb42e5dabb35a6</sys_id>
        <sys_mod_count>6</sys_mod_count>
        <sys_name>Version</sys_name>
        <sys_package display_value="Smartsheet Spoke" source="sn_smrtsheet_spoke">f719677374021010fa9bb5ebcba7e550</sys_package>
        <sys_policy/>
        <sys_scope display_value="Smartsheet Spoke">f719677374021010fa9bb5ebcba7e550</sys_scope>
        <sys_update_name>connection_attributes_fabadf8d87de41104cbb42e5dabb35a6</sys_update_name>
        <sys_updated_by>akash</sys_updated_by>
        <sys_updated_on>2022-03-17 11:13:08</sys_updated_on>
        <table_reference>false</table_reference>
        <text_index>false</text_index>
        <unique>false</unique>
        <use_dependent_field>false</use_dependent_field>
        <use_dynamic_default>false</use_dynamic_default>
        <use_reference_qualifier>simple</use_reference_qualifier>
        <virtual>false</virtual>
        <widget/>
        <write_roles/>
        <xml_view>false</xml_view>
    </connection_attributes>
</record_update>
