<?xml version="1.0" encoding="UTF-8"?><record_update table="oauth_entity">
    <oauth_entity action="INSERT_OR_UPDATE">
        <access>public</access>
        <access_token_lifespan>599135</access_token_lifespan>
        <active>true</active>
        <auth_code_lifespan>60</auth_code_lifespan>
        <auth_url>https://app.smartsheet.com/b/authorize</auth_url>
        <certificate_url/>
        <client_id>b2jzh3gicsh6sujadft</client_id>
        <client_secret>﷞﷟﷒2f0712b797b201103eb07f871153afc1﷬﷔1﷬﷭J7gLHyjj1eSasIbEDV8Myg==opB8cPpMeD8JFdqHhdKMNFo_T7PFuEqJx7zjMeHnvLFJcTY=﷮﷯</client_secret>
        <client_uuid>b90f5a6a87730510ab1d0e94dabb350d</client_uuid>
        <code_challenge_method>S256</code_challenge_method>
        <comments/>
        <default_grant_type>authorization_code</default_grant_type>
        <id_token_lifespan>86400</id_token_lifespan>
        <logo_url/>
        <message_signature_lifespan>60</message_signature_lifespan>
        <name>SmartSheet OAuth</name>
        <oauth_api_script display_value="OAuthUtil">3e3a3a11c333210016194ffe5bba8f70</oauth_api_script>
        <protocol_name/>
        <public_client>false</public_client>
        <redirect_url>https://bconesd03.service-now.com/oauth_redirect.do</redirect_url>
        <refresh_token_lifespan>8640000</refresh_token_lifespan>
        <refresh_token_url>https://api.smartsheet.com/{version}/token</refresh_token_url>
        <restricted_binding>false</restricted_binding>
        <revoke_token_url/>
        <salt/>
        <send_client_credentials_as>request_body_parameter</send_client_credentials_as>
        <skip_authorize>false</skip_authorize>
        <sys_class_name>oauth_entity</sys_class_name>
        <sys_created_by>akash.s</sys_created_by>
        <sys_created_on>2022-06-03 11:38:09</sys_created_on>
        <sys_id>790f5a6a87730510ab1d0e94dabb350d</sys_id>
        <sys_mod_count>2</sys_mod_count>
        <sys_name>SmartSheet OAuth</sys_name>
        <sys_package display_value="Smartsheet Spoke" source="sn_smrtsheet_spoke">f719677374021010fa9bb5ebcba7e550</sys_package>
        <sys_policy/>
        <sys_scope display_value="Smartsheet Spoke">f719677374021010fa9bb5ebcba7e550</sys_scope>
        <sys_update_name>oauth_entity_790f5a6a87730510ab1d0e94dabb350d</sys_update_name>
        <sys_updated_by>akash.s</sys_updated_by>
        <sys_updated_on>2022-06-03 11:42:09</sys_updated_on>
        <token_url>https://api.smartsheet.com/2.0/token</token_url>
        <type>oauth_provider</type>
        <use_mutual_auth>false</use_mutual_auth>
        <user/>
    </oauth_entity>
</record_update>
