<?xml version="1.0" encoding="UTF-8"?><record_update table="scheduled_import_set">
    <scheduled_import_set action="INSERT_OR_UPDATE">
        <active>false</active>
        <business_calendar/>
        <concurrent_import>false</concurrent_import>
        <condition/>
        <conditional>false</conditional>
        <data_source display_value="Smartsheet Import Sheets (Inbound)">1561360687fac15005cf419d0ebb3506</data_source>
        <entered_time/>
        <map/>
        <name>Sheet import schedule </name>
        <offset/>
        <offset_type>0</offset_type>
        <order/>
        <parent/>
        <partition_method>roundRobin</partition_method>
        <partition_script><![CDATA[(function partitionHash(import_set_row) {

	// Add your code here
	
	// eg:
	// return import_set_row.u_important_category;
	// This would ensure all rows with the same 'u_important_category' value will be in the same Import Set.

	 return import_set_row.sys_import_row;

})(import_set_row);]]></partition_script>
        <partition_size/>
        <post_script/>
        <post_script_bool>false</post_script_bool>
        <pre_script/>
        <pre_script_bool>false</pre_script_bool>
        <record_source>regular</record_source>
        <run_as display_value="System Administrator">6816f79cc0a8016401c5a33be04be441</run_as>
        <run_as_tz/>
        <run_dayofmonth>1</run_dayofmonth>
        <run_dayofweek/>
        <run_period/>
        <run_start>2022-06-02 09:09:15</run_start>
        <run_time/>
        <run_type>daily</run_type>
        <synchronize_inserts>true</synchronize_inserts>
        <sys_class_name>scheduled_import_set</sys_class_name>
        <sys_created_by>admin</sys_created_by>
        <sys_created_on>2022-06-02 09:12:20</sys_created_on>
        <sys_id>8753bc9ea3370110b94d8b3f26fcda56</sys_id>
        <sys_mod_count>0</sys_mod_count>
        <sys_name>Sheet import schedule </sys_name>
        <sys_package display_value="Smartsheet Spoke" source="sn_smrtsheet_spoke">f719677374021010fa9bb5ebcba7e550</sys_package>
        <sys_policy/>
        <sys_scope display_value="Smartsheet Spoke">f719677374021010fa9bb5ebcba7e550</sys_scope>
        <sys_update_name>scheduled_import_set_8753bc9ea3370110b94d8b3f26fcda56</sys_update_name>
        <sys_updated_by>admin</sys_updated_by>
        <sys_updated_on>2022-06-02 09:12:20</sys_updated_on>
        <time_zone/>
        <upgrade_safe>false</upgrade_safe>
    </scheduled_import_set>
</record_update>
