<?xml version="1.0" encoding="UTF-8"?><record_update table="sn_ihub_integration_instance">
    <sn_ihub_integration_instance action="INSERT_OR_UPDATE">
        <description>Imports all the sheets from Smartsheets.</description>
        <integration_table>sys_data_source</integration_table>
        <integration_type/>
        <internal_name/>
        <name>Import Smartsheet Sheets</name>
        <record_id>1561360687fac15005cf419d0ebb3506</record_id>
        <sys_class_name>sn_ihub_integration_instance</sys_class_name>
        <sys_created_by>akash</sys_created_by>
        <sys_created_on>2022-04-13 06:38:38</sys_created_on>
        <sys_id>1161360687fac15005cf419d0ebb3505</sys_id>
        <sys_name>Import Smartsheet Sheets</sys_name>
        <sys_package display_value="Smartsheet Spoke" source="sn_smrtsheet_spoke">f719677374021010fa9bb5ebcba7e550</sys_package>
        <sys_policy/>
        <sys_scope display_value="Smartsheet Spoke">f719677374021010fa9bb5ebcba7e550</sys_scope>
        <sys_update_name>sn_ihub_integration_instance_1161360687fac15005cf419d0ebb3505</sys_update_name>
    </sn_ihub_integration_instance>
</record_update>
