<?xml version="1.0" encoding="UTF-8"?><record_update table="sn_ihub_data_mapping_definition">
    <sn_ihub_data_mapping_definition action="INSERT_OR_UPDATE">
        <integration_table>sys_data_source</integration_table>
        <published_source_structure/>
        <record_id>1561360687fac15005cf419d0ebb3506</record_id>
        <source_structure display_value="FDf93c8b8e22acc910875515166934ce88">bd3c8b8e47acc910bd95a144846d4388</source_structure>
        <sys_class_name>sn_ihub_data_mapping_definition</sys_class_name>
        <sys_created_by>rahul.tadisetti@snc</sys_created_by>
        <sys_created_on>2022-06-19 16:48:18</sys_created_on>
        <sys_id>1d7fbdbf47cc1110395052a5d36d4399</sys_id>
        <sys_name/>
        <sys_package display_value="Smartsheet Spoke" source="sn_smrtsheet_spoke">f719677374021010fa9bb5ebcba7e550</sys_package>
        <sys_policy/>
        <sys_scope display_value="Smartsheet Spoke">f719677374021010fa9bb5ebcba7e550</sys_scope>
        <sys_update_name>sn_ihub_data_mapping_definition_1d7fbdbf47cc1110395052a5d36d4399</sys_update_name>
    </sn_ihub_data_mapping_definition>
</record_update>
