<?xml version="1.0" encoding="UTF-8"?><record_update sys_domain="09ff3d105f231000b12e3572f2b4775d" table="sys_app_module">
    <sys_app_module action="INSERT_OR_UPDATE">
        <active>true</active>
        <application display_value="Smartsheet ">afeb499147a41110395052a5d36d43e0</application>
        <assessment/>
        <device_type/>
        <filter/>
        <hint/>
        <homepage/>
        <image/>
        <link_type>SEPARATOR</link_type>
        <map_page/>
        <mobile_title>Remote Table</mobile_title>
        <mobile_view_name>Mobile</mobile_view_name>
        <name/>
        <order>2</order>
        <override_menu_roles>false</override_menu_roles>
        <query/>
        <report/>
        <roles>sn_smrtsheet_spoke.smartsheet_admin</roles>
        <sys_class_name>sys_app_module</sys_class_name>
        <sys_created_by>akash.srivatsav</sys_created_by>
        <sys_created_on>2022-07-06 15:09:46</sys_created_on>
        <sys_domain>09ff3d105f231000b12e3572f2b4775d</sys_domain>
        <sys_domain_path>!!!/!!!/</sys_domain_path>
        <sys_id>e3eb899147a41110395052a5d36d43e8</sys_id>
        <sys_name>Remote Table</sys_name>
        <sys_overrides/>
        <sys_package display_value="Smartsheet Spoke" source="sn_smrtsheet_spoke">f719677374021010fa9bb5ebcba7e550</sys_package>
        <sys_policy/>
        <sys_scope display_value="Smartsheet Spoke">f719677374021010fa9bb5ebcba7e550</sys_scope>
        <sys_update_name>sys_app_module_e3eb899147a41110395052a5d36d43e8</sys_update_name>
        <timeline_page/>
        <title>Remote Table</title>
        <uncancelable>false</uncancelable>
        <view_name/>
        <window_name/>
    </sys_app_module>
</record_update>
