<?xml version="1.0" encoding="UTF-8"?><record_update sys_domain="global" table="sys_complex_object">
    <sys_complex_object action="INSERT_OR_UPDATE">
        <label/>
        <name>FD511709cd330acd10595a3df7d08ae2bc</name>
        <namespace>FlowDesigner</namespace>
        <scope_name>f719677374021010fa9bb5ebcba7e550</scope_name>
        <serialized_content>{"FlowDesigner:FD511709cd330acd10595a3df7d08ae2bc":{"scopeObjectId":"Number","scopeObjectId.$field_facets":{"SimpleMapFacet":"{\"uiTypeLabel\":\"Number\",\"read_only\":\"false\",\"hint\":\"\",\"uiType\":\"number\",\"default_value\":\"\",\"label\":\"Scope Object ID\",\"mandatory\":\"false\",\"order\":\"4\",\"max_length\":\"0\",\"uiUniqueId\":\"9b92ed12-3797-40f0-817e-5cd3e52b717d\"}"},"scope":"String","scope.$field_facets":{"SimpleMapFacet":"{\"uiTypeLabel\":\"String\",\"read_only\":\"false\",\"hint\":\"\",\"uiType\":\"string\",\"default_value\":\"\",\"label\":\"Scope\",\"mandatory\":\"false\",\"order\":\"3\",\"max_length\":\"0\",\"uiUniqueId\":\"0ec2163d-0487-4288-8608-5d7b2dc0d30b\"}"},"name":"String","name.$field_facets":{"SimpleMapFacet":"{\"uiTypeLabel\":\"String\",\"read_only\":\"false\",\"hint\":\"\",\"uiType\":\"string\",\"default_value\":\"\",\"label\":\"Name\",\"mandatory\":\"false\",\"order\":\"2\",\"max_length\":\"0\",\"uiUniqueId\":\"f954dc30-7400-4984-bf55-2ea42b486ef1\"}"},"callbackUrl":"String","callbackUrl.$field_facets":{"SimpleMapFacet":"{\"uiTypeLabel\":\"String\",\"read_only\":\"false\",\"hint\":\"\",\"uiType\":\"string\",\"default_value\":\"\",\"label\":\"Callback URL\",\"mandatory\":\"false\",\"order\":\"7\",\"max_length\":\"0\",\"uiUniqueId\":\"3840ec30-a7aa-47ea-8b31-9f5483c48be6\"}"},"subscope":{"Subscope":["Any"],"Subscope.$field_facets":{"SimpleMapFacet":"{\"default_value\":\"\",\"child_hint\":\"\",\"child_maxsize\":\"\",\"label\":\"Subscope\",\"mandatory\":\"false\",\"child_name\":\"columnIds\",\"uiUniqueId\":\"8c173324-9f2c-4c46-baa9-5a89ff847ecf\",\"uiTypeLabel\":\"Array.Integer\",\"child_label\":\"Column Ids\",\"child_type_label\":\"Integer\",\"read_only\":\"false\",\"hint\":\"\",\"uiType\":\"array.integer\",\"child_defaultValue\":\"\",\"child_type\":\"integer\",\"order\":\"1\",\"max_length\":\"0\",\"child_uiUniqueId\":\"aa265e98-d124-4c58-a868-66b338ef1501\"}"}},"subscope.$field_facets":{"SimpleMapFacet":"{\"uiTypeLabel\":\"Object\",\"read_only\":\"false\",\"hint\":\"\",\"uiType\":\"object\",\"default_value\":\"\",\"label\":\"Subscope\",\"mandatory\":\"false\",\"order\":\"5\",\"max_length\":\"0\",\"uiUniqueId\":\"7b781883-43eb-4ce4-8e58-2f7e1c0f04e9\"}"},"id":"Number","id.$field_facets":{"SimpleMapFacet":"{\"uiTypeLabel\":\"Number\",\"read_only\":\"false\",\"hint\":\"\",\"uiType\":\"number\",\"default_value\":\"\",\"label\":\"ID\",\"mandatory\":\"false\",\"order\":\"1\",\"max_length\":\"0\",\"uiUniqueId\":\"67251094-d170-48fd-8b05-6e0cb77fa0f1\"}"},"version":"String","version.$field_facets":{"SimpleMapFacet":"{\"uiTypeLabel\":\"String\",\"read_only\":\"false\",\"hint\":\"\",\"uiType\":\"string\",\"default_value\":\"\",\"label\":\"Version\",\"mandatory\":\"false\",\"order\":\"10\",\"max_length\":\"0\",\"uiUniqueId\":\"91c0d560-e6ba-43eb-9477-893ee940b5e3\"}"},"enabled":"String","enabled.$field_facets":{"SimpleMapFacet":"{\"uiTypeLabel\":\"String\",\"read_only\":\"false\",\"hint\":\"\",\"uiType\":\"string\",\"default_value\":\"\",\"label\":\"Enabled\",\"mandatory\":\"false\",\"order\":\"8\",\"max_length\":\"0\",\"uiUniqueId\":\"d5507666-e92b-4d83-9460-a4262511aa3f\"}"},"events":["Any"],"events.$field_facets":{"SimpleMapFacet":"{\"default_value\":\"\",\"child_hint\":\"\",\"child_maxsize\":\"\",\"label\":\"Events\",\"mandatory\":\"false\",\"child_name\":\"event\",\"uiUniqueId\":\"3fc31219-4509-4809-955e-3b51f7d1fe04\",\"uiTypeLabel\":\"Array.String\",\"child_label\":\"Event\",\"child_type_label\":\"String\",\"read_only\":\"false\",\"hint\":\"\",\"uiType\":\"array.string\",\"child_defaultValue\":\"\",\"child_type\":\"string\",\"order\":\"6\",\"max_length\":\"0\",\"child_uiUniqueId\":\"88cf1324-a0f3-4cd1-9f20-9bc82c7592fa\"}"},"status":"String","status.$field_facets":{"SimpleMapFacet":"{\"uiTypeLabel\":\"String\",\"read_only\":\"false\",\"hint\":\"\",\"uiType\":\"string\",\"default_value\":\"\",\"label\":\"Status\",\"mandatory\":\"false\",\"order\":\"9\",\"max_length\":\"0\",\"uiUniqueId\":\"17b2a85a-8259-496a-a502-148cbbd168c6\"}"}},"FlowDesigner:FD511709cd330acd10595a3df7d08ae2bc.$type_facets":{"SimpleMapFacet":"{\"sourceId\":\"07bd4510-5d67-4110-bfde-b3d2527c74de\",\"default_value\":\"\",\"label\":\"Details\",\"mandatory\":\"false\",\"uiUniqueId\":\"d9be133a-63fb-4a93-b01a-b613c5893ef2\",\"uiTypeLabel\":\"Object\",\"co_type_name\":\"FD511709cd330acd10595a3df7d08ae2bc\",\"element_mapping_provider\":\"com.glide.flow_design.action.data.FlowDesignVariableMapper\",\"read_only\":\"false\",\"sourceType\":\"step\",\"sourceUiUniqueId\":\"81f68b57-5c53-4ecf-ab2a-4199d6e533de\",\"hint\":\"\",\"uiType\":\"object\",\"order\":\"3\",\"max_length\":\"65000\"}"}}</serialized_content>
        <sys_class_name>sys_complex_object</sys_class_name>
        <sys_created_by>akash.sri</sys_created_by>
        <sys_created_on>2022-03-03 13:33:08</sys_created_on>
        <sys_domain>global</sys_domain>
        <sys_domain_path>/</sys_domain_path>
        <sys_id>151709cd970acd108ac03f0e6253afbc</sys_id>
        <sys_mod_count>2</sys_mod_count>
        <sys_name>FD511709cd330acd10595a3df7d08ae2bc</sys_name>
        <sys_overrides/>
        <sys_package display_value="Smartsheet Spoke" source="sn_smrtsheet_spoke">f719677374021010fa9bb5ebcba7e550</sys_package>
        <sys_policy/>
        <sys_scope display_value="Smartsheet Spoke">f719677374021010fa9bb5ebcba7e550</sys_scope>
        <sys_update_name>sys_complex_object_151709cd970acd108ac03f0e6253afbc</sys_update_name>
        <sys_updated_by>akash</sys_updated_by>
        <sys_updated_on>2022-03-25 10:01:26</sys_updated_on>
        <type>complex_object_schema</type>
    </sys_complex_object>
</record_update>
