<?xml version="1.0" encoding="UTF-8"?><record_update sys_domain="global" table="sys_app_module">
    <sys_app_module action="INSERT_OR_UPDATE">
        <active>true</active>
        <application display_value="">e3fce5e387c20110740c99783cbb3533</application>
        <assessment/>
        <device_type/>
        <filter/>
        <hint/>
        <homepage/>
        <image/>
        <link_type>SEPARATOR</link_type>
        <map_page/>
        <mobile_title>Remote Table</mobile_title>
        <mobile_view_name>Mobile</mobile_view_name>
        <name/>
        <order/>
        <override_menu_roles>false</override_menu_roles>
        <query/>
        <report/>
        <roles/>
        <sys_class_name>sys_app_module</sys_class_name>
        <sys_created_by>akash</sys_created_by>
        <sys_created_on>2022-04-26 10:58:58</sys_created_on>
        <sys_domain>global</sys_domain>
        <sys_domain_path>/</sys_domain_path>
        <sys_id>7d99e69a87c7011044cc63173cbb3530</sys_id>
        <sys_mod_count>0</sys_mod_count>
        <sys_name>Remote Table</sys_name>
        <sys_overrides/>
        <sys_package display_value="Smartsheet Spoke" source="sn_smrtsheet_spoke">f719677374021010fa9bb5ebcba7e550</sys_package>
        <sys_policy/>
        <sys_scope display_value="Smartsheet Spoke">f719677374021010fa9bb5ebcba7e550</sys_scope>
        <sys_update_name>sys_app_module_7d99e69a87c7011044cc63173cbb3530</sys_update_name>
        <sys_updated_by>akash</sys_updated_by>
        <sys_updated_on>2022-04-26 10:58:58</sys_updated_on>
        <timeline_page/>
        <title>Remote Table</title>
        <uncancelable>false</uncancelable>
        <view_name/>
        <window_name/>
    </sys_app_module>
</record_update>
