<?xml version="1.0" encoding="UTF-8"?><record_update sys_domain="global" table="sys_complex_object">
    <sys_complex_object action="INSERT_OR_UPDATE">
        <label/>
        <name>FD45b0e2db211d81103f6b193edc7cec75</name>
        <namespace>FlowDesigner</namespace>
        <scope_name>f719677374021010fa9bb5ebcba7e550</scope_name>
        <serialized_content>{"FlowDesigner:FD45b0e2db211d81103f6b193edc7cec75":{"$COCollectionField":[{"recipient":{"attribute":"String","attribute.$field_facets":{"SimpleMapFacet":"{\"uiTypeLabel\":\"Choice\",\"read_only\":\"false\",\"hint\":\"\",\"uiType\":\"choice\",\"default_value\":\"email\",\"label\":\"Attribute\",\"mandatory\":\"true\",\"order\":\"1\",\"max_length\":\"32\"}","SimpleChoiceFacet":"{\"complex_choice_map_key$\":{},\"choice_map_key$\":{\"Email\":\"{\\\"label\\\":\\\"Email\\\",\\\"value\\\":\\\"email\\\",\\\"order\\\":1}\",\"Group Id\":\"{\\\"label\\\":\\\"Group Id\\\",\\\"value\\\":\\\"groupId\\\",\\\"order\\\":2}\"}}"},"value":"String","value.$field_facets":{"SimpleMapFacet":"{\"uiTypeLabel\":\"String\",\"read_only\":\"false\",\"hint\":\"\",\"uiType\":\"string\",\"default_value\":\"\",\"label\":\"Value\",\"mandatory\":\"true\",\"order\":\"2\",\"max_length\":\"0\"}"}}}],"$COCollectionField.$type_facets":{"SimpleMapFacet":"{\"sourceId\":\"\",\"default_value\":\"\",\"child_hint\":\"\",\"child_maxsize\":\"\",\"label\":\"Send To\",\"mandatory\":\"false\",\"child_name\":\"recipient\",\"uiUniqueId\":\"959cfb75-c8f8-4165-bf13-e8803748c436\",\"uiTypeLabel\":\"Array.Object\",\"co_type_name\":\"FD45b0e2db211d81103f6b193edc7cec75\",\"child_label\":\"Recipient\",\"child_type_label\":\"Object\",\"element_mapping_provider\":\"com.glide.flow_design.action.data.FlowDesignVariableMapper\",\"read_only\":\"false\",\"sourceUiUniqueId\":\"\",\"sourceType\":\"\",\"hint\":null,\"uiType\":\"array.object\",\"child_defaultValue\":\"\",\"child_type\":\"object\",\"order\":\"5\",\"max_length\":\"65000\",\"child_uiUniqueId\":\"7be23eba-a283-4668-ae8d-7046a6ce4a5c\"}"},"$COCollectionField.$field_facets":{"SimpleMapFacet":"{\"up-shift-collection-level\":\"true\"}"}},"FlowDesigner:FD45b0e2db211d81103f6b193edc7cec75.$type_facets":{"SimpleMapFacet":"{\"sourceId\":\"\",\"default_value\":\"\",\"child_hint\":\"\",\"child_maxsize\":\"\",\"label\":\"Send To\",\"mandatory\":\"false\",\"child_name\":\"recipient\",\"uiUniqueId\":\"959cfb75-c8f8-4165-bf13-e8803748c436\",\"uiTypeLabel\":\"Array.Object\",\"co_type_name\":\"FD45b0e2db211d81103f6b193edc7cec75\",\"child_label\":\"Recipient\",\"child_type_label\":\"Object\",\"element_mapping_provider\":\"com.glide.flow_design.action.data.FlowDesignVariableMapper\",\"read_only\":\"false\",\"sourceUiUniqueId\":\"\",\"sourceType\":\"\",\"hint\":null,\"uiType\":\"array.object\",\"child_defaultValue\":\"\",\"child_type\":\"object\",\"order\":\"5\",\"max_length\":\"65000\",\"child_uiUniqueId\":\"7be23eba-a283-4668-ae8d-7046a6ce4a5c\"}"}}</serialized_content>
        <sys_class_name>sys_complex_object</sys_class_name>
        <sys_created_by>akash.s</sys_created_by>
        <sys_created_on>2022-02-01 13:03:56</sys_created_on>
        <sys_domain>global</sys_domain>
        <sys_domain_path>/</sys_domain_path>
        <sys_id>09b0e2db971d81101ecb350e6253af75</sys_id>
        <sys_mod_count>0</sys_mod_count>
        <sys_name>FD45b0e2db211d81103f6b193edc7cec75</sys_name>
        <sys_overrides/>
        <sys_package display_value="Smartsheet Spoke" source="sn_smrtsheet_spoke">f719677374021010fa9bb5ebcba7e550</sys_package>
        <sys_policy/>
        <sys_scope display_value="Smartsheet Spoke">f719677374021010fa9bb5ebcba7e550</sys_scope>
        <sys_update_name>sys_complex_object_09b0e2db971d81101ecb350e6253af75</sys_update_name>
        <sys_updated_by>akash.s</sys_updated_by>
        <sys_updated_on>2022-02-01 13:03:56</sys_updated_on>
        <type>complex_object_collection</type>
    </sys_complex_object>
</record_update>
