<?xml version="1.0" encoding="UTF-8"?><record_update sys_domain="global" table="sys_complex_object">
    <sys_complex_object action="INSERT_OR_UPDATE">
        <label/>
        <name>FD47b1240f88950110300ccb7eb4046f36</name>
        <namespace>FlowDesigner</namespace>
        <scope_name>f719677374021010fa9bb5ebcba7e550</scope_name>
        <serialized_content>{"FlowDesigner:FD47b1240f88950110300ccb7eb4046f36":{"paperSize":"String","paperSize.$field_facets":{"SimpleMapFacet":"{\"uiTypeLabel\":\"Choice\",\"read_only\":\"false\",\"hint\":\"\",\"uiType\":\"choice\",\"default_value\":\"\",\"label\":\"Paper Size\",\"mandatory\":\"false\",\"order\":\"1\",\"max_length\":\"32\"}","SimpleChoiceFacet":"{\"complex_choice_map_key$\":{},\"choice_map_key$\":{\"A1\":\"{\\\"label\\\":\\\"A1\\\",\\\"value\\\":\\\"A1\\\",\\\"order\\\":8}\",\"A2\":\"{\\\"label\\\":\\\"A2\\\",\\\"value\\\":\\\"A2\\\",\\\"order\\\":7}\",\"LETTER\":\"{\\\"label\\\":\\\"LETTER\\\",\\\"value\\\":\\\"LETTER\\\",\\\"order\\\":1}\",\"A3\":\"{\\\"label\\\":\\\"A3\\\",\\\"value\\\":\\\"A3\\\",\\\"order\\\":6}\",\"A4\":\"{\\\"label\\\":\\\"A4\\\",\\\"value\\\":\\\"A4\\\",\\\"order\\\":5}\",\"ARCHD\":\"{\\\"label\\\":\\\"ARCHD\\\",\\\"value\\\":\\\"ARCHD\\\",\\\"order\\\":4}\",\"LEGAL\":\"{\\\"label\\\":\\\"LEGAL\\\",\\\"value\\\":\\\"LEGAL\\\",\\\"order\\\":2}\",\"WIDE\":\"{\\\"label\\\":\\\"WIDE\\\",\\\"value\\\":\\\"WIDE\\\",\\\"order\\\":3}\",\"A0\":\"{\\\"label\\\":\\\"A0\\\",\\\"value\\\":\\\"A0\\\",\\\"order\\\":9}\"}}"}},"FlowDesigner:FD47b1240f88950110300ccb7eb4046f36.$type_facets":{"SimpleMapFacet":"{\"sourceId\":\"\",\"default_value\":\"\",\"label\":\"Format Details\",\"mandatory\":\"false\",\"uiUniqueId\":\"efaa80b5-de64-4842-a0bc-bdc9ba6728d9\",\"uiTypeLabel\":\"Object\",\"co_type_name\":\"FD47b1240f88950110300ccb7eb4046f36\",\"element_mapping_provider\":\"com.glide.flow_design.action.data.FlowDesignVariableMapper\",\"read_only\":\"false\",\"sourceUiUniqueId\":\"\",\"sourceType\":\"\",\"hint\":null,\"uiType\":\"object\",\"order\":\"7\",\"max_length\":\"65000\"}"}}</serialized_content>
        <sys_class_name>sys_complex_object</sys_class_name>
        <sys_created_by>akash.s</sys_created_by>
        <sys_created_on>2022-01-31 09:10:43</sys_created_on>
        <sys_domain>global</sys_domain>
        <sys_domain_path>/</sys_domain_path>
        <sys_id>0bb1240f979501101ecb350e6253af36</sys_id>
        <sys_mod_count>0</sys_mod_count>
        <sys_name>FD47b1240f88950110300ccb7eb4046f36</sys_name>
        <sys_overrides/>
        <sys_package display_value="Smartsheet Spoke" source="sn_smrtsheet_spoke">f719677374021010fa9bb5ebcba7e550</sys_package>
        <sys_policy/>
        <sys_scope display_value="Smartsheet Spoke">f719677374021010fa9bb5ebcba7e550</sys_scope>
        <sys_update_name>sys_complex_object_0bb1240f979501101ecb350e6253af36</sys_update_name>
        <sys_updated_by>akash.s</sys_updated_by>
        <sys_updated_on>2022-01-31 09:10:43</sys_updated_on>
        <type>complex_object_schema</type>
    </sys_complex_object>
</record_update>
