<?xml version="1.0" encoding="UTF-8"?><record_update sys_domain="global" table="sys_app_module">
    <sys_app_module action="INSERT_OR_UPDATE">
        <active>true</active>
        <application/>
        <assessment/>
        <device_type/>
        <filter table="sys_decision_question">sys_scope=f719677374021010fa9bb5ebcba7e550^EQ<item display_table="sys_scope" display_value="Smartsheet Spoke" endquery="false" field="sys_scope" goto="false" newquery="false" operator="=" or="false" value="f719677374021010fa9bb5ebcba7e550"/>
            <item endquery="true" field="" goto="false" newquery="false" operator="=" or="false" value=""/>
        </filter>
        <hint/>
        <homepage/>
        <image/>
        <link_type>LIST</link_type>
        <map_page/>
        <mobile_title>SmartSheet Routing Policies</mobile_title>
        <mobile_view_name>Mobile</mobile_view_name>
        <name>sys_decision_question</name>
        <order/>
        <override_menu_roles>false</override_menu_roles>
        <query/>
        <report/>
        <roles/>
        <sys_class_name>sys_app_module</sys_class_name>
        <sys_created_by>akash</sys_created_by>
        <sys_created_on>2022-03-31 08:05:02</sys_created_on>
        <sys_domain>global</sys_domain>
        <sys_domain_path>/</sys_domain_path>
        <sys_id>fb288c868722411072fbbaa8dabb355b</sys_id>
        <sys_mod_count>0</sys_mod_count>
        <sys_name>SmartSheet Routing Policies</sys_name>
        <sys_overrides/>
        <sys_package display_value="Smartsheet Spoke" source="sn_smrtsheet_spoke">f719677374021010fa9bb5ebcba7e550</sys_package>
        <sys_policy/>
        <sys_scope display_value="Smartsheet Spoke">f719677374021010fa9bb5ebcba7e550</sys_scope>
        <sys_update_name>sys_app_module_fb288c868722411072fbbaa8dabb355b</sys_update_name>
        <sys_updated_by>akash</sys_updated_by>
        <sys_updated_on>2022-03-31 08:05:02</sys_updated_on>
        <timeline_page/>
        <title>SmartSheet Routing Policies</title>
        <uncancelable>false</uncancelable>
        <view_name/>
        <window_name/>
    </sys_app_module>
</record_update>
