<?xml version="1.0" encoding="UTF-8"?><record_update table="sys_alias_templates">
    <sys_alias_templates action="INSERT_OR_UPDATE">
        <default_data_template>{&#13;
	"credential": {&#13;
		"api_key": "&lt;provider-api-key&gt;",&#13;
		"name": "Smartsheet Spoke Credential",&#13;
		"table": "api_key_credentials"&#13;
	}, &#13;
	"connection": {&#13;
		"use_mid": false,&#13;
		"connection_url": "https://api.smartsheet.com/2.0/",&#13;
		"name": "",&#13;
		"table": "http_connection"&#13;
	}&#13;
}   </default_data_template>
        <dynamic_data_schema>{&#13;
	"connection_fields": [{&#13;
		"name": "connection.name",&#13;
		"label": "Name",&#13;
		"type": "text",&#13;
		"defaultValue": "",&#13;
		"hint": "Display name for the Connection", &#13;
                "mandatory":true&#13;
	}],&#13;
	"credential_fields": [{&#13;
		"name": "credential.api_key",&#13;
		"label": "API Key",&#13;
		"type": "password",&#13;
		"defaultValue": "",&#13;
		"hint": "API Key for provider",&#13;
                "mandatory":true&#13;
	}]&#13;
}</dynamic_data_schema>
        <name>Smartsheet API Key Configuration</name>
        <on_edit_script><![CDATA[(function execute(aliasId, connectionSysId, jsonDefaultData, jsonDynamicData) {
})(aliasId, connectionSysId, jsonDefaultData, jsonDynamicData);
]]></on_edit_script>
        <post_process_script><![CDATA[(function execute(aliasId, connectionSysId, jsonDefaultData, jsonDynamicData) {
})(aliasId, connectionSysId, jsonDefaultData, jsonDynamicData);
]]></post_process_script>
        <pre_edit_script/>
        <sys_class_name>sys_alias_templates</sys_class_name>
        <sys_created_by>admin</sys_created_by>
        <sys_created_on>2020-08-12 21:27:38</sys_created_on>
        <sys_id>e62aa5de736e1010b8f6259dfaf6a71e</sys_id>
        <sys_name>Smartsheet API Key Configuration</sys_name>
        <sys_package display_value="Smartsheet Spoke" source="sn_smrtsheet_spoke">f719677374021010fa9bb5ebcba7e550</sys_package>
        <sys_policy/>
        <sys_scope display_value="Smartsheet Spoke">f719677374021010fa9bb5ebcba7e550</sys_scope>
        <sys_update_name>sys_alias_templates_e62aa5de736e1010b8f6259dfaf6a71e</sys_update_name>
    </sys_alias_templates>
</record_update>
