<?xml version="1.0" encoding="UTF-8"?><record_update sys_domain="global" table="sys_complex_object">
    <sys_complex_object action="INSERT_OR_UPDATE">
        <label/>
        <name>FD5ce215fea0a4cd1039e769db438b2dad</name>
        <namespace>FlowDesigner</namespace>
        <scope_name>f719677374021010fa9bb5ebcba7e550</scope_name>
        <serialized_content>{"FlowDesigner:FD5ce215fea0a4cd1039e769db438b2dad":{"createdBy":"String","createdBy.$field_facets":{"SimpleMapFacet":"{\"uiTypeLabel\":\"String\",\"read_only\":\"false\",\"hint\":\"\",\"uiType\":\"string\",\"default_value\":\"\",\"label\":\"createdBy\",\"mandatory\":\"false\",\"order\":\"5\",\"max_length\":\"0\"}"},"name":"String","name.$field_facets":{"SimpleMapFacet":"{\"uiTypeLabel\":\"String\",\"read_only\":\"false\",\"hint\":\"\",\"uiType\":\"string\",\"default_value\":\"\",\"label\":\"name\",\"mandatory\":\"false\",\"order\":\"2\",\"max_length\":\"0\"}"},"id":"String","id.$field_facets":{"SimpleMapFacet":"{\"uiTypeLabel\":\"String\",\"read_only\":\"false\",\"hint\":\"\",\"uiType\":\"string\",\"default_value\":\"\",\"label\":\"id\",\"mandatory\":\"false\",\"order\":\"1\",\"max_length\":\"0\"}"},"parentId":"String","parentId.$field_facets":{"SimpleMapFacet":"{\"uiTypeLabel\":\"String\",\"read_only\":\"false\",\"hint\":\"\",\"uiType\":\"string\",\"default_value\":\"\",\"label\":\"parentId\",\"mandatory\":\"false\",\"order\":\"4\",\"max_length\":\"0\"}"},"url":"String","url.$field_facets":{"SimpleMapFacet":"{\"uiTypeLabel\":\"String\",\"read_only\":\"false\",\"hint\":\"\",\"uiType\":\"string\",\"default_value\":\"\",\"label\":\"url\",\"mandatory\":\"false\",\"order\":\"3\",\"max_length\":\"0\"}"}},"FlowDesigner:FD5ce215fea0a4cd1039e769db438b2dad.$type_facets":{"SimpleMapFacet":"{\"sourceId\":\"\",\"default_value\":\"\",\"label\":\"data\",\"mandatory\":\"false\",\"uiUniqueId\":\"6270aad2-e982-454c-8e72-e836fffcdd97\",\"uiTypeLabel\":\"Object\",\"co_type_name\":\"FD5ce215fea0a4cd1039e769db438b2dad\",\"element_mapping_provider\":\"com.glide.flow_design.action.data.FlowDesignVariableMapper\",\"read_only\":\"false\",\"sourceUiUniqueId\":\"\",\"sourceType\":\"\",\"hint\":\"\",\"uiType\":\"object\",\"order\":\"12\",\"max_length\":\"65000\"}"}}</serialized_content>
        <sys_class_name>sys_complex_object</sys_class_name>
        <sys_created_by>akash.s</sys_created_by>
        <sys_created_on>2021-12-24 11:19:51</sys_created_on>
        <sys_domain>global</sys_domain>
        <sys_domain_path>/</sys_domain_path>
        <sys_id>10e215fe47a4cd10bd95a144846d43ae</sys_id>
        <sys_mod_count>4</sys_mod_count>
        <sys_name>FD5ce215fea0a4cd1039e769db438b2dad</sys_name>
        <sys_overrides/>
        <sys_package display_value="Smartsheet Spoke" source="sn_smrtsheet_spoke">f719677374021010fa9bb5ebcba7e550</sys_package>
        <sys_policy/>
        <sys_scope display_value="Smartsheet Spoke">f719677374021010fa9bb5ebcba7e550</sys_scope>
        <sys_update_name>sys_complex_object_10e215fe47a4cd10bd95a144846d43ae</sys_update_name>
        <sys_updated_by>akash.s</sys_updated_by>
        <sys_updated_on>2021-12-27 07:51:44</sys_updated_on>
        <type>complex_object_schema</type>
    </sys_complex_object>
</record_update>
