<?xml version="1.0" encoding="UTF-8"?><record_update sys_domain="global" table="sys_complex_object">
    <sys_complex_object action="INSERT_OR_UPDATE">
        <label/>
        <name>FD49be8259388a0150074a75b54fe0493c</name>
        <namespace>FlowDesigner</namespace>
        <scope_name>f719677374021010fa9bb5ebcba7e550</scope_name>
        <serialized_content>{"FlowDesigner:FD49be8259388a0150074a75b54fe0493c":{"$COCollectionField":["String"],"$COCollectionField.$field_facets":{"SimpleMapFacet":"{\"up-shift-collection-level\":\"true\"}"}},"FlowDesigner:FD49be8259388a0150074a75b54fe0493c.$type_facets":{"SimpleMapFacet":"{\"default_value\":\"\",\"label\":\"Sub Scopes\",\"mandatory\":\"false\",\"child_name\":\"column_id\",\"uiUniqueId\":\"d3c856e8-4b90-48a3-9e66-f3412483b8d6\",\"uiTypeLabel\":\"Array.String\",\"co_type_name\":\"FD49be8259388a0150074a75b54fe0493c\",\"child_label\":\"Column ID\",\"child_type_label\":\"String\",\"element_mapping_provider\":\"com.glide.flow_design.action.data.FlowDesignVariableMapper\",\"read_only\":\"false\",\"hint\":null,\"uiType\":\"array.string\",\"child_type\":\"string\",\"order\":\"7\",\"max_length\":\"65000\",\"child_uiUniqueId\":\"91160118-3d9d-41a8-962a-10185dfa1d6b\"}"}}</serialized_content>
        <sys_class_name>sys_complex_object</sys_class_name>
        <sys_created_by>akash.sri</sys_created_by>
        <sys_created_on>2022-03-04 13:24:31</sys_created_on>
        <sys_domain>global</sys_domain>
        <sys_domain_path>/</sys_domain_path>
        <sys_id>0dbe8259978a01508ac03f0e6253af3c</sys_id>
        <sys_name>FD49be8259388a0150074a75b54fe0493c</sys_name>
        <sys_overrides/>
        <sys_package display_value="Smartsheet Spoke" source="sn_smrtsheet_spoke">f719677374021010fa9bb5ebcba7e550</sys_package>
        <sys_policy/>
        <sys_scope display_value="Smartsheet Spoke">f719677374021010fa9bb5ebcba7e550</sys_scope>
        <sys_update_name>sys_complex_object_0dbe8259978a01508ac03f0e6253af3c</sys_update_name>
        <type>complex_object_collection</type>
    </sys_complex_object>
</record_update>
