<?xml version="1.0" encoding="UTF-8"?><record_update sys_domain="global" table="sys_complex_object">
    <sys_complex_object action="INSERT_OR_UPDATE">
        <label/>
        <name>FD5015378128528110ac26c02824d99762</name>
        <namespace>FlowDesigner</namespace>
        <scope_name>f719677374021010fa9bb5ebcba7e550</scope_name>
        <serialized_content>{"FlowDesigner:FD5015378128528110ac26c02824d99762":{"$COCollectionField":[{"Event":{"columnId":"String","columnId.$field_facets":{"SimpleMapFacet":"{\"uiTypeLabel\":\"String\",\"read_only\":\"false\",\"hint\":\"\",\"uiType\":\"string\",\"default_value\":\"\",\"label\":\"Column ID\",\"mandatory\":\"false\",\"order\":\"6\",\"max_length\":\"0\"}"},"eventType":"String","eventType.$field_facets":{"SimpleMapFacet":"{\"uiTypeLabel\":\"String\",\"read_only\":\"false\",\"hint\":\"\",\"uiType\":\"string\",\"default_value\":\"\",\"label\":\"Event Type\",\"mandatory\":\"false\",\"order\":\"7\",\"max_length\":\"0\"}"},"id":"String","id.$field_facets":{"SimpleMapFacet":"{\"uiTypeLabel\":\"String\",\"read_only\":\"false\",\"hint\":\"\",\"uiType\":\"string\",\"default_value\":\"\",\"label\":\"ID\",\"mandatory\":\"false\",\"order\":\"2\",\"max_length\":\"0\"}"},"userId":"String","userId.$field_facets":{"SimpleMapFacet":"{\"uiTypeLabel\":\"String\",\"read_only\":\"false\",\"hint\":\"\",\"uiType\":\"string\",\"default_value\":\"\",\"label\":\"User ID\",\"mandatory\":\"false\",\"order\":\"4\",\"max_length\":\"0\"}"},"objectType":"String","objectType.$field_facets":{"SimpleMapFacet":"{\"uiTypeLabel\":\"String\",\"read_only\":\"false\",\"hint\":\"\",\"uiType\":\"string\",\"default_value\":\"\",\"label\":\"Object Type\",\"mandatory\":\"false\",\"order\":\"1\",\"max_length\":\"0\"}"},"rowId":"String","rowId.$field_facets":{"SimpleMapFacet":"{\"uiTypeLabel\":\"String\",\"read_only\":\"false\",\"hint\":\"\",\"uiType\":\"string\",\"default_value\":\"\",\"label\":\"Row ID\",\"mandatory\":\"false\",\"order\":\"5\",\"max_length\":\"0\"}"},"timestamp":"String","timestamp.$field_facets":{"SimpleMapFacet":"{\"uiTypeLabel\":\"String\",\"read_only\":\"false\",\"hint\":\"\",\"uiType\":\"string\",\"default_value\":\"\",\"label\":\"Timestamp\",\"mandatory\":\"false\",\"order\":\"3\",\"max_length\":\"0\"}"}}}],"$COCollectionField.$type_facets":{"SimpleMapFacet":"{\"default_value\":\"\",\"label\":\"Events\",\"mandatory\":\"false\",\"child_name\":\"Event\",\"uiUniqueId\":\"b94c15c7-fbb8-43b2-bb90-1bd0b006575b\",\"uiTypeLabel\":\"Array.Object\",\"co_type_name\":\"FD5015378128528110ac26c02824d99762\",\"child_label\":\"Event\",\"child_type_label\":\"Object\",\"element_mapping_provider\":\"com.glide.flow_design.action.data.FlowDesignVariableMapper\",\"read_only\":\"false\",\"hint\":\"\",\"uiType\":\"array.object\",\"child_type\":\"object\",\"order\":\"4\",\"max_length\":\"65000\",\"child_uiUniqueId\":\"665b964e-0cc2-40cf-b003-f2bc5d377971\"}"},"$COCollectionField.$field_facets":{"SimpleMapFacet":"{\"up-shift-collection-level\":\"true\"}"}},"FlowDesigner:FD5015378128528110ac26c02824d99762.$type_facets":{"SimpleMapFacet":"{\"default_value\":\"\",\"label\":\"Events\",\"mandatory\":\"false\",\"child_name\":\"Event\",\"uiUniqueId\":\"b94c15c7-fbb8-43b2-bb90-1bd0b006575b\",\"uiTypeLabel\":\"Array.Object\",\"co_type_name\":\"FD5015378128528110ac26c02824d99762\",\"child_label\":\"Event\",\"child_type_label\":\"Object\",\"element_mapping_provider\":\"com.glide.flow_design.action.data.FlowDesignVariableMapper\",\"read_only\":\"false\",\"hint\":\"\",\"uiType\":\"array.object\",\"child_type\":\"object\",\"order\":\"4\",\"max_length\":\"65000\",\"child_uiUniqueId\":\"665b964e-0cc2-40cf-b003-f2bc5d377971\"}"}}</serialized_content>
        <sys_class_name>sys_complex_object</sys_class_name>
        <sys_created_by>akash</sys_created_by>
        <sys_created_on>2022-03-16 12:28:58</sys_created_on>
        <sys_domain>global</sys_domain>
        <sys_domain_path>/</sys_domain_path>
        <sys_id>14153781875281104cbb42e5dabb3562</sys_id>
        <sys_mod_count>16</sys_mod_count>
        <sys_name>FD5015378128528110ac26c02824d99762</sys_name>
        <sys_overrides/>
        <sys_package display_value="Smartsheet Spoke" source="sn_smrtsheet_spoke">f719677374021010fa9bb5ebcba7e550</sys_package>
        <sys_policy/>
        <sys_scope display_value="Smartsheet Spoke">f719677374021010fa9bb5ebcba7e550</sys_scope>
        <sys_update_name>sys_complex_object_14153781875281104cbb42e5dabb3562</sys_update_name>
        <sys_updated_by>admin</sys_updated_by>
        <sys_updated_on>2022-06-08 08:03:57</sys_updated_on>
        <type>complex_object_collection</type>
    </sys_complex_object>
</record_update>
