<?xml version="1.0" encoding="UTF-8"?><record_update sys_domain="global" table="sys_complex_object">
    <sys_complex_object action="INSERT_OR_UPDATE">
        <label/>
        <name>FD4cfa6cefde9fc910d57a76a5f2f64a07</name>
        <namespace>FlowDesigner</namespace>
        <scope_name>f719677374021010fa9bb5ebcba7e550</scope_name>
        <serialized_content>{"FlowDesigner:FD4cfa6cefde9fc910d57a76a5f2f64a07":{"startRowId":"Number","startRowId.$field_facets":{"SimpleMapFacet":"{\"uiTypeLabel\":\"Number\",\"read_only\":\"false\",\"hint\":\"\",\"uiType\":\"number\",\"default_value\":\"\",\"label\":\"Start Row ID\",\"mandatory\":\"false\",\"order\":\"5\",\"max_length\":\"0\"}"},"name":"String","name.$field_facets":{"SimpleMapFacet":"{\"uiTypeLabel\":\"String\",\"read_only\":\"false\",\"hint\":\"\",\"uiType\":\"string\",\"default_value\":\"\",\"label\":\"Name\",\"mandatory\":\"false\",\"order\":\"2\",\"max_length\":\"0\"}"},"startColumnId":"Number","startColumnId.$field_facets":{"SimpleMapFacet":"{\"uiTypeLabel\":\"Number\",\"read_only\":\"false\",\"hint\":\"\",\"uiType\":\"number\",\"default_value\":\"\",\"label\":\"Start Column ID\",\"mandatory\":\"false\",\"order\":\"3\",\"max_length\":\"0\"}"},"sourceSheetId":"Number","sourceSheetId.$field_facets":{"SimpleMapFacet":"{\"uiTypeLabel\":\"Number\",\"read_only\":\"false\",\"hint\":\"\",\"uiType\":\"number\",\"default_value\":\"\",\"label\":\"Source Sheet ID\",\"mandatory\":\"false\",\"order\":\"8\",\"max_length\":\"0\"}"},"endColumnId":"Number","endColumnId.$field_facets":{"SimpleMapFacet":"{\"uiTypeLabel\":\"Number\",\"read_only\":\"false\",\"hint\":\"\",\"uiType\":\"number\",\"default_value\":\"\",\"label\":\"End Column ID\",\"mandatory\":\"false\",\"order\":\"4\",\"max_length\":\"0\"}"},"endRowId":"Number","endRowId.$field_facets":{"SimpleMapFacet":"{\"uiTypeLabel\":\"Number\",\"read_only\":\"false\",\"hint\":\"\",\"uiType\":\"number\",\"default_value\":\"\",\"label\":\"End Row ID\",\"mandatory\":\"false\",\"order\":\"6\",\"max_length\":\"0\"}"},"id":"Number","id.$field_facets":{"SimpleMapFacet":"{\"uiTypeLabel\":\"Number\",\"read_only\":\"false\",\"hint\":\"\",\"uiType\":\"number\",\"default_value\":\"\",\"label\":\"ID\",\"mandatory\":\"false\",\"order\":\"1\",\"max_length\":\"0\"}"},"status":"String","status.$field_facets":{"SimpleMapFacet":"{\"uiTypeLabel\":\"String\",\"read_only\":\"false\",\"hint\":\"\",\"uiType\":\"string\",\"default_value\":\"\",\"label\":\"Status\",\"mandatory\":\"false\",\"order\":\"7\",\"max_length\":\"0\"}"}},"FlowDesigner:FD4cfa6cefde9fc910d57a76a5f2f64a07.$type_facets":{"SimpleMapFacet":"{\"sourceId\":\"\",\"default_value\":\"\",\"label\":\"Data\",\"mandatory\":\"false\",\"uiUniqueId\":\"6270aad2-e982-454c-8e72-e836fffcdd97\",\"uiTypeLabel\":\"Object\",\"co_type_name\":\"FD4cfa6cefde9fc910d57a76a5f2f64a07\",\"element_mapping_provider\":\"com.glide.flow_design.action.data.FlowDesignVariableMapper\",\"read_only\":\"false\",\"sourceUiUniqueId\":\"\",\"sourceType\":\"\",\"hint\":null,\"uiType\":\"object\",\"order\":\"12\",\"max_length\":\"65000\"}"}}</serialized_content>
        <sys_class_name>sys_complex_object</sys_class_name>
        <sys_created_by>akash.s</sys_created_by>
        <sys_created_on>2022-05-12 09:13:27</sys_created_on>
        <sys_domain>global</sys_domain>
        <sys_domain_path>/</sys_domain_path>
        <sys_id>00fa6cef879fc9103bdd4226dabb3508</sys_id>
        <sys_mod_count>0</sys_mod_count>
        <sys_name>FD4cfa6cefde9fc910d57a76a5f2f64a07</sys_name>
        <sys_overrides/>
        <sys_package display_value="Smartsheet Spoke" source="sn_smrtsheet_spoke">f719677374021010fa9bb5ebcba7e550</sys_package>
        <sys_policy/>
        <sys_scope display_value="Smartsheet Spoke">f719677374021010fa9bb5ebcba7e550</sys_scope>
        <sys_update_name>sys_complex_object_00fa6cef879fc9103bdd4226dabb3508</sys_update_name>
        <sys_updated_by>akash.s</sys_updated_by>
        <sys_updated_on>2022-05-12 09:13:27</sys_updated_on>
        <type>complex_object_schema</type>
    </sys_complex_object>
</record_update>
