<?xml version="1.0" encoding="UTF-8"?><record_update sys_domain="global" table="sys_complex_object">
    <sys_complex_object action="INSERT_OR_UPDATE">
        <label/>
        <name>FD457e413cf9cb4950aca0d13e82cd2aec</name>
        <namespace>FlowDesigner</namespace>
        <scope_name>f719677374021010fa9bb5ebcba7e550</scope_name>
        <serialized_content>{"FlowDesigner:FD457e413cf9cb4950aca0d13e82cd2aec":{"createdAt":"Date","createdAt.$field_facets":{"SimpleMapFacet":"{\"uiTypeLabel\":\"Date/Time\",\"read_only\":\"false\",\"hint\":\"\",\"uiType\":\"glide_date_time\",\"default_value\":\"\",\"label\":\"Created At\",\"mandatory\":\"false\",\"order\":\"7\",\"max_length\":\"0\",\"uiUniqueId\":\"39193dc8-e753-4855-bf1c-fd99740b9afe\"}"},"attachmentType":"String","attachmentType.$field_facets":{"SimpleMapFacet":"{\"uiTypeLabel\":\"String\",\"read_only\":\"false\",\"hint\":\"\",\"uiType\":\"string\",\"default_value\":\"\",\"label\":\"Attachment Type\",\"mandatory\":\"false\",\"order\":\"4\",\"max_length\":\"0\",\"uiUniqueId\":\"d5876f61-cad8-4bde-9da1-bfef5b90ebe9\"}"},"createdBy":{"name":"String","name.$field_facets":{"SimpleMapFacet":"{\"uiTypeLabel\":\"String\",\"read_only\":\"false\",\"hint\":\"\",\"uiType\":\"string\",\"default_value\":\"\",\"label\":\"Name\",\"mandatory\":\"false\",\"order\":\"1\",\"max_length\":\"0\",\"uiUniqueId\":\"88c36078-ea97-4d66-a725-c83c60c27d28\"}"},"email":"String","email.$field_facets":{"SimpleMapFacet":"{\"uiTypeLabel\":\"String\",\"read_only\":\"false\",\"hint\":\"\",\"uiType\":\"string\",\"default_value\":\"\",\"label\":\"Email\",\"mandatory\":\"false\",\"order\":\"2\",\"max_length\":\"0\",\"uiUniqueId\":\"11dc5c67-6949-4334-90d0-9d5b90635255\"}"}},"createdBy.$field_facets":{"SimpleMapFacet":"{\"uiTypeLabel\":\"Object\",\"read_only\":\"false\",\"hint\":\"\",\"uiType\":\"object\",\"default_value\":\"\",\"label\":\"Created By\",\"mandatory\":\"false\",\"order\":\"3\",\"max_length\":\"0\",\"uiUniqueId\":\"7160084e-01c6-4579-930d-bfcbbeb12e93\"}"},"name":"String","name.$field_facets":{"SimpleMapFacet":"{\"uiTypeLabel\":\"String\",\"read_only\":\"false\",\"hint\":\"\",\"uiType\":\"string\",\"default_value\":\"\",\"label\":\"Name\",\"mandatory\":\"false\",\"order\":\"1\",\"max_length\":\"0\",\"uiUniqueId\":\"c01b42f7-f509-4779-a0fb-d88a72f9ffdc\"}"},"parentId":"Number","parentId.$field_facets":{"SimpleMapFacet":"{\"uiTypeLabel\":\"Number\",\"read_only\":\"false\",\"hint\":\"\",\"uiType\":\"number\",\"default_value\":\"\",\"label\":\"Parent ID\",\"mandatory\":\"false\",\"order\":\"6\",\"max_length\":\"0\",\"uiUniqueId\":\"affc4111-ae9f-4e9d-8a1f-31f9b012bf4c\"}"},"parentType":"String","parentType.$field_facets":{"SimpleMapFacet":"{\"uiTypeLabel\":\"String\",\"read_only\":\"false\",\"hint\":\"\",\"uiType\":\"string\",\"default_value\":\"\",\"label\":\"Parent Type\",\"mandatory\":\"false\",\"order\":\"5\",\"max_length\":\"0\",\"uiUniqueId\":\"7d3d91da-a5a0-417e-a49c-5560923a8859\"}"},"url":"String","url.$field_facets":{"SimpleMapFacet":"{\"uiTypeLabel\":\"String\",\"read_only\":\"false\",\"hint\":\"\",\"uiType\":\"string\",\"default_value\":\"\",\"label\":\"URL\",\"mandatory\":\"false\",\"order\":\"2\",\"max_length\":\"0\",\"uiUniqueId\":\"3ed31f38-7c67-4d6a-8fc0-20ff18bbc156\"}"}},"FlowDesigner:FD457e413cf9cb4950aca0d13e82cd2aec.$type_facets":{"SimpleMapFacet":"{\"sourceId\":\"\",\"default_value\":\"\",\"label\":\"Attachment Details\",\"mandatory\":\"false\",\"uiUniqueId\":\"2335a02e-2285-4af7-9f10-0800db59c58d\",\"uiTypeLabel\":\"Object\",\"co_type_name\":\"FD457e413cf9cb4950aca0d13e82cd2aec\",\"element_mapping_provider\":\"com.glide.flow_design.action.data.FlowDesignVariableMapper\",\"read_only\":\"false\",\"sourceUiUniqueId\":\"\",\"sourceType\":\"\",\"hint\":null,\"uiType\":\"object\",\"order\":\"1\",\"max_length\":\"65000\"}"}}</serialized_content>
        <sys_class_name>sys_complex_object</sys_class_name>
        <sys_created_by>akash</sys_created_by>
        <sys_created_on>2022-04-21 12:29:40</sys_created_on>
        <sys_domain>global</sys_domain>
        <sys_domain_path>/</sys_domain_path>
        <sys_id>097e413c87cb495044cc63173cbb35ec</sys_id>
        <sys_mod_count>0</sys_mod_count>
        <sys_name>FD457e413cf9cb4950aca0d13e82cd2aec</sys_name>
        <sys_overrides/>
        <sys_package display_value="Smartsheet Spoke" source="sn_smrtsheet_spoke">f719677374021010fa9bb5ebcba7e550</sys_package>
        <sys_policy/>
        <sys_scope display_value="Smartsheet Spoke">f719677374021010fa9bb5ebcba7e550</sys_scope>
        <sys_update_name>sys_complex_object_097e413c87cb495044cc63173cbb35ec</sys_update_name>
        <sys_updated_by>akash</sys_updated_by>
        <sys_updated_on>2022-04-21 12:29:40</sys_updated_on>
        <type>complex_object_schema</type>
    </sys_complex_object>
</record_update>
