<?xml version="1.0" encoding="UTF-8"?><record_update sys_domain="global" table="sys_complex_object">
    <sys_complex_object action="INSERT_OR_UPDATE">
        <label/>
        <name>FD5c66f0a5263e4150ad9699c4e51b1c18</name>
        <namespace>FlowDesigner</namespace>
        <scope_name>f719677374021010fa9bb5ebcba7e550</scope_name>
        <serialized_content>{"FlowDesigner:FD5c66f0a5263e4150ad9699c4e51b1c18":{"$COCollectionField":["String"],"$COCollectionField.$field_facets":{"SimpleMapFacet":"{\"up-shift-collection-level\":\"true\"}"}},"FlowDesigner:FD5c66f0a5263e4150ad9699c4e51b1c18.$type_facets":{"SimpleMapFacet":"{\"sourceId\":\"\",\"default_value\":\"\",\"child_hint\":\"\",\"child_maxsize\":\"\",\"label\":\"Events\",\"mandatory\":\"false\",\"child_name\":\"event\",\"uiUniqueId\":\"adceeb3f-9657-4de6-ada0-e885663cdc6d\",\"uiTypeLabel\":\"Array.String\",\"co_type_name\":\"FD5c66f0a5263e4150ad9699c4e51b1c18\",\"child_label\":\"Event\",\"child_type_label\":\"String\",\"element_mapping_provider\":\"com.glide.flow_design.action.data.FlowDesignVariableMapper\",\"read_only\":\"false\",\"sourceUiUniqueId\":\"\",\"sourceType\":\"\",\"hint\":\"\",\"uiType\":\"array.string\",\"child_defaultValue\":\"*.*\",\"child_type\":\"string\",\"order\":\"5\",\"max_length\":\"65000\",\"child_uiUniqueId\":\"6e42c8ee-c74e-4858-ba95-613b251fa79e\"}"}}</serialized_content>
        <sys_class_name>sys_complex_object</sys_class_name>
        <sys_created_by>akash</sys_created_by>
        <sys_created_on>2022-04-11 08:24:12</sys_created_on>
        <sys_domain>global</sys_domain>
        <sys_domain_path>/</sys_domain_path>
        <sys_id>1066f0a5873e415005cf419d0ebb3519</sys_id>
        <sys_mod_count>2</sys_mod_count>
        <sys_name>FD5c66f0a5263e4150ad9699c4e51b1c18</sys_name>
        <sys_overrides/>
        <sys_package display_value="Smartsheet Spoke" source="sn_smrtsheet_spoke">f719677374021010fa9bb5ebcba7e550</sys_package>
        <sys_policy/>
        <sys_scope display_value="Smartsheet Spoke">f719677374021010fa9bb5ebcba7e550</sys_scope>
        <sys_update_name>sys_complex_object_1066f0a5873e415005cf419d0ebb3519</sys_update_name>
        <sys_updated_by>akash</sys_updated_by>
        <sys_updated_on>2022-04-11 09:51:14</sys_updated_on>
        <type>complex_object_collection</type>
    </sys_complex_object>
</record_update>
