<?xml version="1.0" encoding="UTF-8"?><record_update sys_domain="global" table="sys_app_module">
    <sys_app_module action="INSERT_OR_UPDATE">
        <active>true</active>
        <application display_value="System Import Sets">import_sets</application>
        <assessment/>
        <device_type/>
        <filter/>
        <hint/>
        <homepage/>
        <image/>
        <link_type>LIST</link_type>
        <map_page/>
        <mobile_title>Smartsheet Import Sheets (Inbound)</mobile_title>
        <mobile_view_name>Mobile</mobile_view_name>
        <name>sn_smrtsheet_spoke_ihub_import_1161360687fac15005cf419d0ebb3505</name>
        <order>1100</order>
        <override_menu_roles>false</override_menu_roles>
        <query/>
        <report/>
        <roles/>
        <sys_class_name>sys_app_module</sys_class_name>
        <sys_created_by>akash</sys_created_by>
        <sys_created_on>2022-04-13 06:50:07</sys_created_on>
        <sys_domain>global</sys_domain>
        <sys_domain_path>/</sys_domain_path>
        <sys_id>29047a468772815044cc63173cbb350d</sys_id>
        <sys_mod_count>1</sys_mod_count>
        <sys_name>Smartsheet Import Sheets</sys_name>
        <sys_overrides/>
        <sys_package display_value="Smartsheet Spoke" source="sn_smrtsheet_spoke">f719677374021010fa9bb5ebcba7e550</sys_package>
        <sys_policy/>
        <sys_scope display_value="Smartsheet Spoke">f719677374021010fa9bb5ebcba7e550</sys_scope>
        <sys_update_name>sys_app_module_29047a468772815044cc63173cbb350d</sys_update_name>
        <sys_updated_by>admin</sys_updated_by>
        <sys_updated_on>2022-06-02 10:07:03</sys_updated_on>
        <timeline_page/>
        <title>Smartsheet Import Sheets</title>
        <uncancelable>false</uncancelable>
        <view_name/>
        <window_name/>
    </sys_app_module>
</record_update>
