<?xml version="1.0" encoding="UTF-8"?><record_update sys_domain="global" table="sys_complex_object">
    <sys_complex_object action="INSERT_OR_UPDATE">
        <label/>
        <name>FD45b5dddf634b811054cde6f5df714f3e</name>
        <namespace>FlowDesigner</namespace>
        <scope_name>f719677374021010fa9bb5ebcba7e550</scope_name>
        <serialized_content>{"FlowDesigner:FD45b5dddf634b811054cde6f5df714f3e":{"accessLevel":"String","accessLevel.$field_facets":{"SimpleMapFacet":"{\"uiTypeLabel\":\"String\",\"read_only\":\"false\",\"hint\":\"\",\"uiType\":\"string\",\"default_value\":\"\",\"label\":\"Access Level\",\"mandatory\":\"false\",\"order\":\"3\",\"max_length\":\"0\",\"uiUniqueId\":\"1a63e2c3-7681-4b46-ade2-23a424c1b163\"}"},"columns":[{"$140_columns":{"options":["Any"],"options.$field_facets":{"SimpleMapFacet":"{\"default_value\":\"\",\"child_hint\":\"\",\"child_maxsize\":\"\",\"label\":\"Options\",\"mandatory\":\"false\",\"child_name\":\"option\",\"uiUniqueId\":\"d057b70d-3fca-46b8-a917-9b0469ca76aa\",\"uiTypeLabel\":\"Array.String\",\"child_label\":\"Option\",\"child_type_label\":\"String\",\"read_only\":\"false\",\"hint\":\"\",\"uiType\":\"array.string\",\"child_defaultValue\":\"\",\"child_type\":\"string\",\"order\":\"6\",\"max_length\":\"0\",\"child_uiUniqueId\":\"e897fea0-4b60-4bde-8a3e-973a2a1989b0\"}"},"index":"String","index.$field_facets":{"SimpleMapFacet":"{\"uiTypeLabel\":\"String\",\"read_only\":\"false\",\"hint\":\"\",\"uiType\":\"string\",\"default_value\":\"\",\"label\":\"Index\",\"mandatory\":\"false\",\"order\":\"2\",\"max_length\":\"0\",\"uiUniqueId\":\"4110de54-f79e-49db-976d-f97be2f5c3d2\"}"},"id":"Number","id.$field_facets":{"SimpleMapFacet":"{\"uiTypeLabel\":\"Number\",\"read_only\":\"false\",\"hint\":\"\",\"uiType\":\"number\",\"default_value\":\"\",\"label\":\"ID\",\"mandatory\":\"false\",\"order\":\"1\",\"max_length\":\"0\",\"uiUniqueId\":\"9a575e6c-8cfa-4bb1-a2e9-df8a35c2d0ce\"}"},"title":"String","title.$field_facets":{"SimpleMapFacet":"{\"uiTypeLabel\":\"String\",\"read_only\":\"false\",\"hint\":\"\",\"uiType\":\"string\",\"default_value\":\"\",\"label\":\"Title\",\"mandatory\":\"false\",\"order\":\"3\",\"max_length\":\"0\",\"uiUniqueId\":\"9932e548-742f-4c17-8ccd-fde7c2009dee\"}"},"type":"String","type.$field_facets":{"SimpleMapFacet":"{\"uiTypeLabel\":\"String\",\"read_only\":\"false\",\"hint\":\"\",\"uiType\":\"string\",\"default_value\":\"\",\"label\":\"Type\",\"mandatory\":\"false\",\"order\":\"4\",\"max_length\":\"0\",\"uiUniqueId\":\"38634ea4-2018-4012-ad7a-a5906d5040db\"}"},"primary":"String","primary.$field_facets":{"SimpleMapFacet":"{\"uiTypeLabel\":\"String\",\"read_only\":\"false\",\"hint\":\"\",\"uiType\":\"string\",\"default_value\":\"\",\"label\":\"Primary\",\"mandatory\":\"false\",\"order\":\"5\",\"max_length\":\"0\",\"uiUniqueId\":\"7e536e25-7b2d-4aeb-95f6-d5d80a1cce2b\"}"}}}],"columns.$field_facets":{"SimpleMapFacet":"{\"default_value\":\"\",\"child_hint\":\"\",\"child_maxsize\":\"\",\"label\":\"Columns\",\"mandatory\":\"false\",\"child_name\":\"column\",\"uiUniqueId\":\"7df0acc9-7241-4707-84eb-e189a429bfa5\",\"uiTypeLabel\":\"Array.Object\",\"child_label\":\"Column\",\"child_type_label\":\"Object\",\"read_only\":\"false\",\"hint\":\"\",\"uiType\":\"array.object\",\"child_defaultValue\":\"\",\"child_type\":\"object\",\"order\":\"7\",\"max_length\":\"0\",\"child_uiUniqueId\":\"835a0da1-d77d-4147-ac1c-9b0c49129108\"}"},"name":"String","name.$field_facets":{"SimpleMapFacet":"{\"uiTypeLabel\":\"String\",\"read_only\":\"false\",\"hint\":\"\",\"uiType\":\"string\",\"default_value\":\"\",\"label\":\"Name\",\"mandatory\":\"false\",\"order\":\"1\",\"max_length\":\"0\",\"uiUniqueId\":\"8ec5e32f-eaae-42c9-88c3-b18c01f0e4e1\"}"},"id":"Number","id.$field_facets":{"SimpleMapFacet":"{\"uiTypeLabel\":\"Number\",\"read_only\":\"false\",\"hint\":\"\",\"uiType\":\"number\",\"default_value\":\"\",\"label\":\"ID\",\"mandatory\":\"false\",\"order\":\"2\",\"max_length\":\"0\",\"uiUniqueId\":\"f198dd06-f99d-4fd1-b121-2e699a642946\"}"},"totalRowCount":"String","totalRowCount.$field_facets":{"SimpleMapFacet":"{\"uiTypeLabel\":\"String\",\"read_only\":\"false\",\"hint\":\"\",\"uiType\":\"string\",\"default_value\":\"\",\"label\":\"Total Row Count\",\"mandatory\":\"false\",\"order\":\"4\",\"max_length\":\"0\",\"uiUniqueId\":\"2be8bc89-5388-47ac-929e-e60d723ce67f\"}"},"permalink":"String","permalink.$field_facets":{"SimpleMapFacet":"{\"uiTypeLabel\":\"String\",\"read_only\":\"false\",\"hint\":\"\",\"uiType\":\"string\",\"default_value\":\"\",\"label\":\"Permalink\",\"mandatory\":\"false\",\"order\":\"5\",\"max_length\":\"0\",\"uiUniqueId\":\"a8aa7b6f-c37b-4f31-ae3d-e6af72e1e6ee\"}"},"rows":[{"$143_rows":{"cells":[{"$142_cells":{"columnId":"String","columnId.$field_facets":{"SimpleMapFacet":"{\"uiTypeLabel\":\"String\",\"read_only\":\"false\",\"hint\":\"\",\"uiType\":\"string\",\"default_value\":\"\",\"label\":\"Column ID\",\"mandatory\":\"false\",\"order\":\"1\",\"max_length\":\"0\",\"uiUniqueId\":\"b1cbc7c6-f496-44ef-a0fe-0ed6bd92517c\"}"},"value":"String","value.$field_facets":{"SimpleMapFacet":"{\"uiTypeLabel\":\"String\",\"read_only\":\"false\",\"hint\":\"\",\"uiType\":\"string\",\"default_value\":\"\",\"label\":\"Value\",\"mandatory\":\"false\",\"order\":\"2\",\"max_length\":\"0\",\"uiUniqueId\":\"396410c5-bfa5-42e2-b531-d5a8997e16fa\"}"}}}],"cells.$field_facets":{"SimpleMapFacet":"{\"default_value\":\"\",\"child_hint\":\"\",\"child_maxsize\":\"\",\"label\":\"Cells\",\"mandatory\":\"false\",\"child_name\":\"cell\",\"uiUniqueId\":\"710ff36a-cae9-46b7-9abd-942eefdb8287\",\"uiTypeLabel\":\"Array.Object\",\"child_label\":\"Cell\",\"child_type_label\":\"Object\",\"read_only\":\"false\",\"hint\":\"\",\"uiType\":\"array.object\",\"child_defaultValue\":\"\",\"child_type\":\"object\",\"order\":\"3\",\"max_length\":\"0\",\"child_uiUniqueId\":\"e712f87a-7ab9-4870-aeac-02fc06891f47\"}"},"id":"String","id.$field_facets":{"SimpleMapFacet":"{\"uiTypeLabel\":\"String\",\"read_only\":\"false\",\"hint\":\"\",\"uiType\":\"string\",\"default_value\":\"\",\"label\":\"ID\",\"mandatory\":\"false\",\"order\":\"1\",\"max_length\":\"0\",\"uiUniqueId\":\"0d9e9e2c-55ec-4ac8-b929-506bef119887\"}"},"rowNumber":"String","rowNumber.$field_facets":{"SimpleMapFacet":"{\"uiTypeLabel\":\"String\",\"read_only\":\"false\",\"hint\":\"\",\"uiType\":\"string\",\"default_value\":\"\",\"label\":\"Row Number\",\"mandatory\":\"false\",\"order\":\"2\",\"max_length\":\"0\",\"uiUniqueId\":\"5b35180a-812e-4373-bf5d-b96248f55e87\"}"}}}],"rows.$field_facets":{"SimpleMapFacet":"{\"default_value\":\"\",\"child_hint\":\"\",\"child_maxsize\":\"\",\"label\":\"Rows\",\"mandatory\":\"false\",\"child_name\":\"row\",\"uiUniqueId\":\"bb3ddfac-c8f3-4fc2-acad-3d46e8108538\",\"uiTypeLabel\":\"Array.Object\",\"child_label\":\"Row\",\"child_type_label\":\"Object\",\"read_only\":\"false\",\"hint\":\"\",\"uiType\":\"array.object\",\"child_defaultValue\":\"\",\"child_type\":\"object\",\"order\":\"8\",\"max_length\":\"0\",\"child_uiUniqueId\":\"3bd2553a-533e-43c2-950e-bc08900a1b44\"}"},"effectiveAttachmentOptions":["Any"],"effectiveAttachmentOptions.$field_facets":{"SimpleMapFacet":"{\"default_value\":\"\",\"child_hint\":\"\",\"child_maxsize\":\"\",\"label\":\"Effective Attachment Options\",\"mandatory\":\"false\",\"child_name\":\"options\",\"uiUniqueId\":\"543e9e4f-1d4e-4bfb-957d-a1c946e6a8b4\",\"uiTypeLabel\":\"Array.String\",\"child_label\":\"Options\",\"child_type_label\":\"String\",\"read_only\":\"false\",\"hint\":\"\",\"uiType\":\"array.string\",\"child_defaultValue\":\"\",\"child_type\":\"string\",\"order\":\"6\",\"max_length\":\"0\",\"child_uiUniqueId\":\"9b2b0522-9739-4426-8890-891c3f30ff6b\"}"}},"FlowDesigner:FD45b5dddf634b811054cde6f5df714f3e.$type_facets":{"SimpleMapFacet":"{\"sourceId\":\"11229b0e-fa47-4a4f-85b7-d4f88739b9de\",\"default_value\":\"\",\"label\":\"Sheet\",\"mandatory\":\"false\",\"uiUniqueId\":\"321246a2-db65-4a24-b647-adf5837c2b9f\",\"uiTypeLabel\":\"Object\",\"co_type_name\":\"FD45b5dddf634b811054cde6f5df714f3e\",\"element_mapping_provider\":\"com.glide.flow_design.action.data.FlowDesignVariableMapper\",\"read_only\":\"false\",\"sourceType\":\"step\",\"sourceUiUniqueId\":\"3dfe5450-34e0-41b7-9724-465c8613923a\",\"hint\":null,\"uiType\":\"object\",\"order\":\"3\",\"max_length\":\"65000\"}"}}</serialized_content>
        <sys_class_name>sys_complex_object</sys_class_name>
        <sys_created_by>akash.s</sys_created_by>
        <sys_created_on>2022-04-29 07:26:08</sys_created_on>
        <sys_domain>global</sys_domain>
        <sys_domain_path>/</sys_domain_path>
        <sys_id>09b5dddf874b81103bdd4226dabb353e</sys_id>
        <sys_mod_count>0</sys_mod_count>
        <sys_name>FD45b5dddf634b811054cde6f5df714f3e</sys_name>
        <sys_overrides/>
        <sys_package display_value="Smartsheet Spoke" source="sn_smrtsheet_spoke">f719677374021010fa9bb5ebcba7e550</sys_package>
        <sys_policy/>
        <sys_scope display_value="Smartsheet Spoke">f719677374021010fa9bb5ebcba7e550</sys_scope>
        <sys_update_name>sys_complex_object_09b5dddf874b81103bdd4226dabb353e</sys_update_name>
        <sys_updated_by>akash.s</sys_updated_by>
        <sys_updated_on>2022-04-29 07:26:08</sys_updated_on>
        <type>complex_object_schema</type>
    </sys_complex_object>
</record_update>
