<?xml version="1.0" encoding="UTF-8"?><record_update table="sys_alias_templates">
    <sys_alias_templates action="INSERT_OR_UPDATE">
        <default_data_template>{
    "credential": {
      "oauth_entity": {
        "oauth_entity_profile": [
          {
            "grant_type": "authorization_code",
            "name": "",
            "default": true,
            "oauth_entity_profile_scope": []
          }
        ],
        "code_challenge_method": "S256",
        "type": "consumer",
        "oauth_entity_scope": [
            {
               "oauth_entity_scope": "",
                "name": ""
            }
        ],
        "client_id": "",
        "use_mutual_auth": false,
        "revoke_token_url": "",
        "default_grant_type": "authorization_code",
        "public_client": false,
        "oauth_api_script": "3e3a3a11c333210016194ffe5bba8f70",
        "name": "SmartSheet OAuth",
        "client_secret": "",
        "auth_url": "https://app.smartsheet.com/b/authorize",
        "token_url": "https://api.smartsheet.com/{version}/token",
        "redirect_url": "",
        "access_token_lifespan": 599135
      },
      "name": "SmartSheet Oauth Credentials",
      "table": "oauth_2_0_credentials"
    },
    "connection": {
      "use_mid": false,
      "connection_url": "",
      "name": "",
      "table": "http_connection"
    }
  }</default_data_template>
        <dynamic_data_schema>{
    "connection_fields": [{
      "name": "connection.name",
      "label": "Connection Name",
      "type": "text",
      "defaultValue": "SmartSheet Oauth",
      "hint": "Display name for the Connection",
          "mandatory":true
      },
      {
        "name": "connection.connection_url",
        "label": "Connection URL",
        "type": "text",
        "defaultValue": "",
        "hint": "",
          "mandatory":true
      }
    ],
    "credential_fields": [
      {
        "name": "credential.oauth_entity.client_id",
        "label": "OAuth Client ID",
        "type": "text",
        "hint": "Client ID for provider",
          "mandatory":true
      },
      {
        "name": "credential.oauth_entity.client_secret",
        "label": "OAuth Client Secret",
        "type": "password",
        "hint": "Client Secret for provider",
          "mandatory":true
      },
      {
        "name": "credential.oauth_entity.redirect_url",
        "label": "OAuth Redirect URL",
        "type": "text",
        "defaultValue": "https://&lt;instance-name&gt;.service-now.com/oauth_redirect.do",
        "hint": "Callback URL for provider",
          "mandatory":true
      }
    ]
  }</dynamic_data_schema>
        <name>SmartSheet OAuth Configuration</name>
        <on_edit_script/>
        <post_process_script><![CDATA[(function execute(aliasId, connectionSysId, jsonDefaultData, jsonDynamicData) {
	var jsonDynamicParsed = JSON.parse(jsonDynamicData);
	var connectionUrl = jsonDynamicParsed["connection.connection_url"];
	var authURL = connectionUrl.replace('api', 'app');
	
	var httpConnectionGr = new GlideRecord('http_connection');
	httpConnectionGr.get(connectionSysId);

	var credentialGr = new GlideRecord('oauth_2_0_credentials');
	credentialGr.get(httpConnectionGr.getValue('credential'));

	var entityProfileGr = new GlideRecord('oauth_entity_profile');
	entityProfileGr.get(credentialGr.getValue('oauth_entity_profile'));

	new global.GlideQuery('oauth_entity')
		.where('sys_id', entityProfileGr.getValue('oauth_entity'))
		.update({'auth_url': authURL+'b/authorize',
			'token_url': connectionUrl+httpConnectionGr.extended_attributes.u_version+'/token',
			 'refresh_token_lifespan':599135});
	
})(aliasId, connectionSysId, jsonDefaultData, jsonDynamicData);]]></post_process_script>
        <sys_class_name>sys_alias_templates</sys_class_name>
        <sys_created_by>akash</sys_created_by>
        <sys_created_on>2022-06-03 09:19:16</sys_created_on>
        <sys_id>acec71a287bb811044cc63173cbb35d9</sys_id>
        <sys_mod_count>7</sys_mod_count>
        <sys_name>SmartSheet OAuth Configuration</sys_name>
        <sys_package display_value="Smartsheet Spoke" source="sn_smrtsheet_spoke">f719677374021010fa9bb5ebcba7e550</sys_package>
        <sys_policy/>
        <sys_scope display_value="Smartsheet Spoke">f719677374021010fa9bb5ebcba7e550</sys_scope>
        <sys_update_name>sys_alias_templates_acec71a287bb811044cc63173cbb35d9</sys_update_name>
        <sys_updated_by>akash.s</sys_updated_by>
        <sys_updated_on>2022-06-06 11:38:33</sys_updated_on>
    </sys_alias_templates>
</record_update>
