<?xml version="1.0" encoding="UTF-8"?><record_update sys_domain="global" table="sys_complex_object">
    <sys_complex_object action="INSERT_OR_UPDATE">
        <label/>
        <name>FD93c8ed74275d011037763d41c287d13a</name>
        <namespace>FlowDesigner</namespace>
        <scope_name>f719677374021010fa9bb5ebcba7e550</scope_name>
        <serialized_content>{"FlowDesigner:FD93c8ed74275d011037763d41c287d13a":{"$COCollectionField":[{"cell":{"hyperlink":{"attribute":"String","attribute.$field_facets":{"SimpleMapFacet":"{\"uiTypeLabel\":\"Choice\",\"read_only\":\"false\",\"hint\":\"\",\"uiType\":\"choice\",\"default_value\":\"\",\"label\":\"Attribute\",\"mandatory\":\"false\",\"order\":\"1\",\"max_length\":\"32\"}","SimpleChoiceFacet":"{\"complex_choice_map_key$\":{},\"choice_map_key$\":{\"Report Id\":\"{\\\"label\\\":\\\"Report Id\\\",\\\"value\\\":\\\"reportId\\\",\\\"order\\\":1}\",\"Sheet Id\":\"{\\\"label\\\":\\\"Sheet Id\\\",\\\"value\\\":\\\"sheetId\\\",\\\"order\\\":2}\",\"Url\":\"{\\\"label\\\":\\\"Url\\\",\\\"value\\\":\\\"url\\\",\\\"order\\\":3}\"}}"},"value":"String","value.$field_facets":{"SimpleMapFacet":"{\"uiTypeLabel\":\"String\",\"read_only\":\"false\",\"hint\":\"\",\"uiType\":\"string\",\"default_value\":\"\",\"label\":\"Value\",\"mandatory\":\"false\",\"order\":\"2\",\"max_length\":\"0\"}"}},"hyperlink.$field_facets":{"SimpleMapFacet":"{\"uiTypeLabel\":\"Object\",\"read_only\":\"false\",\"hint\":\"\",\"uiType\":\"object\",\"default_value\":\"\",\"label\":\"Hyperlink\",\"mandatory\":\"false\",\"order\":\"4\",\"max_length\":\"0\"}"},"columnId":"Number","columnId.$field_facets":{"SimpleMapFacet":"{\"uiTypeLabel\":\"Number\",\"read_only\":\"false\",\"hint\":\"\",\"uiType\":\"number\",\"default_value\":\"\",\"label\":\"Column Id\",\"mandatory\":\"true\",\"order\":\"1\",\"max_length\":\"0\"}"},"format":"String","format.$field_facets":{"SimpleMapFacet":"{\"uiTypeLabel\":\"String\",\"read_only\":\"false\",\"hint\":\"\",\"uiType\":\"string\",\"default_value\":\"\",\"label\":\"Format\",\"mandatory\":\"false\",\"order\":\"7\",\"max_length\":\"0\"}"},"formula":"String","formula.$field_facets":{"SimpleMapFacet":"{\"uiTypeLabel\":\"String\",\"read_only\":\"false\",\"hint\":\"\",\"uiType\":\"string\",\"default_value\":\"\",\"label\":\"Formula\",\"mandatory\":\"false\",\"order\":\"2\",\"max_length\":\"0\"}"},"strict":"String","strict.$field_facets":{"SimpleMapFacet":"{\"uiTypeLabel\":\"Choice\",\"read_only\":\"false\",\"hint\":\"\",\"uiType\":\"choice\",\"default_value\":\"\",\"label\":\"Strict\",\"mandatory\":\"false\",\"order\":\"6\",\"max_length\":\"32\"}","SimpleChoiceFacet":"{\"complex_choice_map_key$\":{},\"choice_map_key$\":{\"True\":\"{\\\"label\\\":\\\"True\\\",\\\"value\\\":\\\"true\\\",\\\"order\\\":1}\",\"False\":\"{\\\"label\\\":\\\"False\\\",\\\"value\\\":\\\"false\\\",\\\"order\\\":2}\"}}"},"linkInFromCell":{"columnId":"Number","columnId.$field_facets":{"SimpleMapFacet":"{\"uiTypeLabel\":\"Number\",\"read_only\":\"false\",\"hint\":\"\",\"uiType\":\"number\",\"default_value\":\"\",\"label\":\"Column Id\",\"mandatory\":\"false\",\"order\":\"1\",\"max_length\":\"0\"}"},"sheetId":"Number","sheetId.$field_facets":{"SimpleMapFacet":"{\"uiTypeLabel\":\"Number\",\"read_only\":\"false\",\"hint\":\"\",\"uiType\":\"number\",\"default_value\":\"\",\"label\":\"Sheet Id\",\"mandatory\":\"false\",\"order\":\"3\",\"max_length\":\"0\"}"},"rowId":"Number","rowId.$field_facets":{"SimpleMapFacet":"{\"uiTypeLabel\":\"Number\",\"read_only\":\"false\",\"hint\":\"\",\"uiType\":\"number\",\"default_value\":\"\",\"label\":\"Row Id\",\"mandatory\":\"false\",\"order\":\"2\",\"max_length\":\"0\"}"}},"linkInFromCell.$field_facets":{"SimpleMapFacet":"{\"uiTypeLabel\":\"Object\",\"read_only\":\"false\",\"hint\":\"\",\"uiType\":\"object\",\"default_value\":\"\",\"label\":\"Link In From Cell\",\"mandatory\":\"false\",\"order\":\"5\",\"max_length\":\"0\"}"},"value":"String","value.$field_facets":{"SimpleMapFacet":"{\"uiTypeLabel\":\"String\",\"read_only\":\"false\",\"hint\":\"\",\"uiType\":\"string\",\"default_value\":\"\",\"label\":\"Value\",\"mandatory\":\"false\",\"order\":\"3\",\"max_length\":\"0\"}"}}}],"$COCollectionField.$type_facets":{"SimpleMapFacet":"{\"sourceId\":\"\",\"default_value\":\"\",\"child_hint\":\"\",\"child_maxsize\":\"\",\"label\":\"Cells\",\"mandatory\":\"false\",\"child_name\":\"cell\",\"uiUniqueId\":\"924b64db-5b4f-4aec-92d5-0238e1cd2489\",\"uiTypeLabel\":\"Array.Object\",\"co_type_name\":\"FD93c8ed74275d011037763d41c287d13a\",\"child_label\":\"Cell\",\"child_type_label\":\"Object\",\"element_mapping_provider\":\"com.glide.flow_design.action.data.FlowDesignVariableMapper\",\"read_only\":\"false\",\"sourceUiUniqueId\":\"\",\"sourceType\":\"\",\"hint\":null,\"uiType\":\"array.object\",\"child_defaultValue\":\"\",\"child_type\":\"object\",\"order\":\"6\",\"max_length\":\"65000\",\"child_uiUniqueId\":\"df3fd53b-4bc2-4e40-aa36-410bb1e7e42f\"}"},"$COCollectionField.$field_facets":{"SimpleMapFacet":"{\"up-shift-collection-level\":\"true\"}"}},"FlowDesigner:FD93c8ed74275d011037763d41c287d13a.$type_facets":{"SimpleMapFacet":"{\"sourceId\":\"\",\"default_value\":\"\",\"child_hint\":\"\",\"child_maxsize\":\"\",\"label\":\"Cells\",\"mandatory\":\"false\",\"child_name\":\"cell\",\"uiUniqueId\":\"924b64db-5b4f-4aec-92d5-0238e1cd2489\",\"uiTypeLabel\":\"Array.Object\",\"co_type_name\":\"FD93c8ed74275d011037763d41c287d13a\",\"child_label\":\"Cell\",\"child_type_label\":\"Object\",\"element_mapping_provider\":\"com.glide.flow_design.action.data.FlowDesignVariableMapper\",\"read_only\":\"false\",\"sourceUiUniqueId\":\"\",\"sourceType\":\"\",\"hint\":null,\"uiType\":\"array.object\",\"child_defaultValue\":\"\",\"child_type\":\"object\",\"order\":\"6\",\"max_length\":\"65000\",\"child_uiUniqueId\":\"df3fd53b-4bc2-4e40-aa36-410bb1e7e42f\"}"}}</serialized_content>
        <sys_class_name>sys_complex_object</sys_class_name>
        <sys_created_by>akash.s</sys_created_by>
        <sys_created_on>2022-01-24 14:34:52</sys_created_on>
        <sys_domain>global</sys_domain>
        <sys_domain_path>/</sys_domain_path>
        <sys_id>13c8edb4975d01101ecb350e6253af68</sys_id>
        <sys_mod_count>0</sys_mod_count>
        <sys_name>FD93c8ed74275d011037763d41c287d13a</sys_name>
        <sys_overrides/>
        <sys_package display_value="Smartsheet Spoke" source="sn_smrtsheet_spoke">f719677374021010fa9bb5ebcba7e550</sys_package>
        <sys_policy/>
        <sys_scope display_value="Smartsheet Spoke">f719677374021010fa9bb5ebcba7e550</sys_scope>
        <sys_update_name>sys_complex_object_13c8edb4975d01101ecb350e6253af68</sys_update_name>
        <sys_updated_by>akash.s</sys_updated_by>
        <sys_updated_on>2022-01-24 14:34:52</sys_updated_on>
        <type>complex_object_collection</type>
    </sys_complex_object>
</record_update>
