<?xml version="1.0" encoding="UTF-8"?><record_update sys_domain="global" table="sys_complex_object">
    <sys_complex_object action="INSERT_OR_UPDATE">
        <label/>
        <name>FD45fb8877c1405110b967f6577d2202f7</name>
        <namespace>FlowDesigner</namespace>
        <scope_name>f719677374021010fa9bb5ebcba7e550</scope_name>
        <serialized_content>{"FlowDesigner:FD45fb8877c1405110b967f6577d2202f7":{"$COCollectionField":[{"row":{"expanded":"String","expanded.$field_facets":{"SimpleMapFacet":"{\"uiTypeLabel\":\"Choice\",\"read_only\":\"false\",\"hint\":\"\",\"uiType\":\"choice\",\"default_value\":\"\",\"label\":\"Expanded\",\"mandatory\":\"false\",\"order\":\"1\",\"max_length\":\"32\"}","SimpleChoiceFacet":"{\"complex_choice_map_key$\":{},\"choice_map_key$\":{\"True\":\"{\\\"label\\\":\\\"True\\\",\\\"value\\\":\\\"true\\\",\\\"order\\\":1}\",\"-- None --\":\"{\\\"label\\\":\\\"-- None --\\\",\\\"value\\\":\\\"\\\",\\\"order\\\":0}\",\"False\":\"{\\\"label\\\":\\\"False\\\",\\\"value\\\":\\\"false\\\",\\\"order\\\":2}\"}}"},"cells":[{"$701_cells":{"hyperlink":{"attribute":"String","attribute.$field_facets":{"SimpleMapFacet":"{\"uiTypeLabel\":\"Choice\",\"read_only\":\"false\",\"hint\":\"\",\"uiType\":\"choice\",\"default_value\":\"\",\"label\":\"Attribute\",\"mandatory\":\"false\",\"order\":\"1\",\"max_length\":\"32\"}","SimpleChoiceFacet":"{\"complex_choice_map_key$\":{},\"choice_map_key$\":{\"Report ID\":\"{\\\"label\\\":\\\"Report ID\\\",\\\"value\\\":\\\"reportId\\\",\\\"order\\\":1}\",\"Sheet ID\":\"{\\\"label\\\":\\\"Sheet ID\\\",\\\"value\\\":\\\"sheetId\\\",\\\"order\\\":2}\",\"None\":\"{\\\"label\\\":\\\"None\\\",\\\"value\\\":\\\"\\\",\\\"order\\\":4}\",\"URL\":\"{\\\"label\\\":\\\"URL\\\",\\\"value\\\":\\\"url\\\",\\\"order\\\":3}\"}}"},"value":"String","value.$field_facets":{"SimpleMapFacet":"{\"uiTypeLabel\":\"String\",\"read_only\":\"false\",\"hint\":\"\",\"uiType\":\"string\",\"default_value\":\"\",\"label\":\"Value\",\"mandatory\":\"false\",\"order\":\"2\",\"max_length\":\"0\"}"}},"hyperlink.$field_facets":{"SimpleMapFacet":"{\"uiTypeLabel\":\"Object\",\"read_only\":\"false\",\"hint\":\"\",\"uiType\":\"object\",\"default_value\":\"\",\"label\":\"Hyperlink\",\"mandatory\":\"false\",\"order\":\"4\",\"max_length\":\"0\"}"},"override_validation":"String","override_validation.$field_facets":{"SimpleMapFacet":"{\"uiTypeLabel\":\"Choice\",\"read_only\":\"false\",\"hint\":\"\",\"uiType\":\"choice\",\"default_value\":\"\",\"label\":\"Override Validation\",\"mandatory\":\"false\",\"order\":\"8\",\"max_length\":\"32\"}","SimpleChoiceFacet":"{\"complex_choice_map_key$\":{},\"choice_map_key$\":{\"True\":\"{\\\"label\\\":\\\"True\\\",\\\"value\\\":\\\"true\\\",\\\"order\\\":1}\",\"False\":\"{\\\"label\\\":\\\"False\\\",\\\"value\\\":\\\"false\\\",\\\"order\\\":2}\"}}"},"format":"String","format.$field_facets":{"SimpleMapFacet":"{\"uiTypeLabel\":\"String\",\"read_only\":\"false\",\"hint\":\"\",\"uiType\":\"string\",\"default_value\":\"\",\"label\":\"Format\",\"mandatory\":\"false\",\"order\":\"7\",\"max_length\":\"0\"}"},"formula":"String","formula.$field_facets":{"SimpleMapFacet":"{\"uiTypeLabel\":\"String\",\"read_only\":\"false\",\"hint\":\"\",\"uiType\":\"string\",\"default_value\":\"\",\"label\":\"Formula\",\"mandatory\":\"false\",\"order\":\"2\",\"max_length\":\"0\"}"},"cell_columnid":"String","cell_columnid.$field_facets":{"SimpleMapFacet":"{\"uiTypeLabel\":\"String\",\"read_only\":\"false\",\"hint\":\"\",\"uiType\":\"string\",\"default_value\":\"\",\"label\":\"Column ID\",\"mandatory\":\"true\",\"order\":\"1\",\"max_length\":\"0\"}"},"cell_value":"String","cell_value.$field_facets":{"SimpleMapFacet":"{\"uiTypeLabel\":\"String\",\"read_only\":\"false\",\"hint\":\"\",\"uiType\":\"string\",\"default_value\":\"\",\"label\":\"Value\",\"mandatory\":\"false\",\"order\":\"3\",\"max_length\":\"0\"}"},"strict":"String","strict.$field_facets":{"SimpleMapFacet":"{\"uiTypeLabel\":\"Choice\",\"read_only\":\"false\",\"hint\":\"\",\"uiType\":\"choice\",\"default_value\":\"\",\"label\":\"Strict\",\"mandatory\":\"false\",\"order\":\"6\",\"max_length\":\"32\"}","SimpleChoiceFacet":"{\"complex_choice_map_key$\":{},\"choice_map_key$\":{\"True\":\"{\\\"label\\\":\\\"True\\\",\\\"value\\\":\\\"true\\\",\\\"order\\\":1}\",\"False\":\"{\\\"label\\\":\\\"False\\\",\\\"value\\\":\\\"false\\\",\\\"order\\\":2}\"}}"},"linkInFromCell":{"columnId":"String","columnId.$field_facets":{"SimpleMapFacet":"{\"uiTypeLabel\":\"String\",\"read_only\":\"false\",\"hint\":\"\",\"uiType\":\"string\",\"default_value\":\"\",\"label\":\"Column ID\",\"mandatory\":\"false\",\"order\":\"1\",\"max_length\":\"0\"}"},"sheetId":"String","sheetId.$field_facets":{"SimpleMapFacet":"{\"uiTypeLabel\":\"String\",\"read_only\":\"false\",\"hint\":\"\",\"uiType\":\"string\",\"default_value\":\"\",\"label\":\"Sheet ID\",\"mandatory\":\"false\",\"order\":\"3\",\"max_length\":\"0\"}"},"rowId":"String","rowId.$field_facets":{"SimpleMapFacet":"{\"uiTypeLabel\":\"String\",\"read_only\":\"false\",\"hint\":\"\",\"uiType\":\"string\",\"default_value\":\"\",\"label\":\"Row ID\",\"mandatory\":\"false\",\"order\":\"2\",\"max_length\":\"0\"}"}},"linkInFromCell.$field_facets":{"SimpleMapFacet":"{\"uiTypeLabel\":\"Object\",\"read_only\":\"false\",\"hint\":\"\",\"uiType\":\"object\",\"default_value\":\"\",\"label\":\"Link In From Cell\",\"mandatory\":\"false\",\"order\":\"5\",\"max_length\":\"0\"}"}}}],"cells.$field_facets":{"SimpleMapFacet":"{\"default_value\":\"\",\"child_hint\":\"\",\"child_maxsize\":\"\",\"label\":\"Cells\",\"mandatory\":\"false\",\"child_name\":\"cell\",\"uiTypeLabel\":\"Array.Object\",\"child_label\":\"Cell\",\"child_type_label\":\"Object\",\"read_only\":\"false\",\"hint\":\"\",\"uiType\":\"array.object\",\"child_defaultValue\":\"\",\"child_type\":\"object\",\"order\":\"3\",\"max_length\":\"65000\",\"child_uiUniqueId\":\"df3fd53b-4bc2-4e40-aa36-410bb1e7e42f\"}"},"format":"String","format.$field_facets":{"SimpleMapFacet":"{\"uiTypeLabel\":\"String\",\"read_only\":\"false\",\"hint\":\"\",\"uiType\":\"string\",\"default_value\":\"\",\"label\":\"Format\",\"mandatory\":\"false\",\"order\":\"2\",\"max_length\":\"8000\"}"},"locked":"String","locked.$field_facets":{"SimpleMapFacet":"{\"uiTypeLabel\":\"Choice\",\"read_only\":\"false\",\"hint\":\"\",\"uiType\":\"choice\",\"default_value\":\"\",\"label\":\"Locked\",\"mandatory\":\"false\",\"order\":\"4\",\"max_length\":\"32\"}","SimpleChoiceFacet":"{\"complex_choice_map_key$\":{},\"choice_map_key$\":{\"True\":\"{\\\"label\\\":\\\"True\\\",\\\"value\\\":\\\"true\\\",\\\"order\\\":1}\",\"-- None --\":\"{\\\"label\\\":\\\"-- None --\\\",\\\"value\\\":\\\"\\\",\\\"order\\\":0}\",\"False\":\"{\\\"label\\\":\\\"False\\\",\\\"value\\\":\\\"false\\\",\\\"order\\\":2}\"}}"}}}],"$COCollectionField.$type_facets":{"SimpleMapFacet":"{\"sourceId\":\"\",\"default_value\":\"\",\"child_hint\":\"\",\"child_maxsize\":\"\",\"label\":\"Rows\",\"mandatory\":\"false\",\"child_name\":\"row\",\"uiUniqueId\":\"742be171-0414-4b83-b08e-2768eee60117\",\"uiTypeLabel\":\"Array.Object\",\"co_type_name\":\"FD45fb8877c1405110b967f6577d2202f7\",\"child_label\":\"Row\",\"child_type_label\":\"Object\",\"element_mapping_provider\":\"com.glide.flow_design.action.data.FlowDesignVariableMapper\",\"read_only\":\"false\",\"sourceUiUniqueId\":\"\",\"sourceType\":\"\",\"hint\":null,\"uiType\":\"array.object\",\"child_defaultValue\":\"\",\"child_type\":\"object\",\"order\":\"5\",\"max_length\":\"65000\",\"child_uiUniqueId\":\"35941ea7-a3f0-432e-9d6d-e7a11c3ac64d\"}"},"$COCollectionField.$field_facets":{"SimpleMapFacet":"{\"up-shift-collection-level\":\"true\"}"}},"FlowDesigner:FD45fb8877c1405110b967f6577d2202f7.$type_facets":{"SimpleMapFacet":"{\"sourceId\":\"\",\"default_value\":\"\",\"child_hint\":\"\",\"child_maxsize\":\"\",\"label\":\"Rows\",\"mandatory\":\"false\",\"child_name\":\"row\",\"uiUniqueId\":\"742be171-0414-4b83-b08e-2768eee60117\",\"uiTypeLabel\":\"Array.Object\",\"co_type_name\":\"FD45fb8877c1405110b967f6577d2202f7\",\"child_label\":\"Row\",\"child_type_label\":\"Object\",\"element_mapping_provider\":\"com.glide.flow_design.action.data.FlowDesignVariableMapper\",\"read_only\":\"false\",\"sourceUiUniqueId\":\"\",\"sourceType\":\"\",\"hint\":null,\"uiType\":\"array.object\",\"child_defaultValue\":\"\",\"child_type\":\"object\",\"order\":\"5\",\"max_length\":\"65000\",\"child_uiUniqueId\":\"35941ea7-a3f0-432e-9d6d-e7a11c3ac64d\"}"}}</serialized_content>
        <sys_class_name>sys_complex_object</sys_class_name>
        <sys_created_by>akash.s</sys_created_by>
        <sys_created_on>2022-06-19 08:23:40</sys_created_on>
        <sys_domain>global</sys_domain>
        <sys_domain_path>/</sys_domain_path>
        <sys_id>09fb8877874051103bdd4226dabb35f7</sys_id>
        <sys_name>FD45fb8877c1405110b967f6577d2202f7</sys_name>
        <sys_overrides/>
        <sys_package display_value="Smartsheet Spoke" source="sn_smrtsheet_spoke">f719677374021010fa9bb5ebcba7e550</sys_package>
        <sys_policy/>
        <sys_scope display_value="Smartsheet Spoke">f719677374021010fa9bb5ebcba7e550</sys_scope>
        <sys_update_name>sys_complex_object_09fb8877874051103bdd4226dabb35f7</sys_update_name>
        <type>complex_object_collection</type>
    </sys_complex_object>
</record_update>
