<?xml version="1.0" encoding="UTF-8"?><record_update sys_domain="global" table="sys_complex_object">
    <sys_complex_object action="INSERT_OR_UPDATE">
        <label/>
        <name>FD4a9712d06df80d500aa4c3eb69ce34ab</name>
        <namespace>FlowDesigner</namespace>
        <scope_name>f719677374021010fa9bb5ebcba7e550</scope_name>
        <serialized_content>{"FlowDesigner:FD4a9712d06df80d500aa4c3eb69ce34ab":{"access_level":"String","access_level.$field_facets":{"SimpleMapFacet":"{\"uiTypeLabel\":\"String\",\"read_only\":\"false\",\"hint\":\"\",\"uiType\":\"string\",\"default_value\":\"\",\"label\":\"access_level\",\"mandatory\":\"false\",\"order\":\"3\",\"max_length\":\"0\"}"},"sheet_id":"Number","sheet_id.$field_facets":{"SimpleMapFacet":"{\"uiTypeLabel\":\"Number\",\"read_only\":\"false\",\"hint\":\"\",\"uiType\":\"number\",\"default_value\":\"\",\"label\":\"sheet_id\",\"mandatory\":\"false\",\"order\":\"2\",\"max_length\":\"0\"}"},"sheet_name":"String","sheet_name.$field_facets":{"SimpleMapFacet":"{\"uiTypeLabel\":\"String\",\"read_only\":\"false\",\"hint\":\"\",\"uiType\":\"string\",\"default_value\":\"\",\"label\":\"sheet_name\",\"mandatory\":\"false\",\"order\":\"1\",\"max_length\":\"0\"}"}},"FlowDesigner:FD4a9712d06df80d500aa4c3eb69ce34ab.$type_facets":{"SimpleMapFacet":"{\"sourceId\":\"\",\"default_value\":\"\",\"label\":\"Output\",\"mandatory\":\"false\",\"uiUniqueId\":\"683cd2e8-9e72-4b7d-b804-9bf36b073b3c\",\"uiTypeLabel\":\"Object\",\"co_type_name\":\"FD4a9712d06df80d500aa4c3eb69ce34ab\",\"element_mapping_provider\":\"com.glide.flow_design.action.data.FlowDesignVariableMapper\",\"read_only\":\"false\",\"sourceUiUniqueId\":\"\",\"sourceType\":\"\",\"hint\":null,\"uiType\":\"object\",\"order\":\"1\",\"max_length\":\"65000\"}"}}</serialized_content>
        <sys_class_name>sys_complex_object</sys_class_name>
        <sys_created_by>chethan.k</sys_created_by>
        <sys_created_on>2021-12-29 08:10:57</sys_created_on>
        <sys_domain>global</sys_domain>
        <sys_domain_path>/</sys_domain_path>
        <sys_id>0e9712d097f80d501ecb350e6253afab</sys_id>
        <sys_mod_count>0</sys_mod_count>
        <sys_name>FD4a9712d06df80d500aa4c3eb69ce34ab</sys_name>
        <sys_overrides/>
        <sys_package display_value="Smartsheet Spoke" source="sn_smrtsheet_spoke">f719677374021010fa9bb5ebcba7e550</sys_package>
        <sys_policy/>
        <sys_scope display_value="Smartsheet Spoke">f719677374021010fa9bb5ebcba7e550</sys_scope>
        <sys_update_name>sys_complex_object_0e9712d097f80d501ecb350e6253afab</sys_update_name>
        <sys_updated_by>chethan.k</sys_updated_by>
        <sys_updated_on>2021-12-29 08:10:57</sys_updated_on>
        <type>complex_object_schema</type>
    </sys_complex_object>
</record_update>
