<?xml version="1.0" encoding="UTF-8"?><record_update sys_domain="global" table="sys_complex_object">
    <sys_complex_object action="INSERT_OR_UPDATE">
        <label/>
        <name>FD5245b4e3501409500e38950c1dbd2317</name>
        <namespace>FlowDesigner</namespace>
        <scope_name>f719677374021010fa9bb5ebcba7e550</scope_name>
        <serialized_content>{"FlowDesigner:FD5245b4e3501409500e38950c1dbd2317":{"id":"String","id.$field_facets":{"SimpleMapFacet":"{\"uiTypeLabel\":\"String\",\"read_only\":\"false\",\"hint\":\"\",\"uiType\":\"string\",\"default_value\":\"\",\"label\":\"ID\",\"mandatory\":\"false\",\"order\":\"1\",\"max_length\":\"8000\"}"},"email":"String","email.$field_facets":{"SimpleMapFacet":"{\"uiTypeLabel\":\"String\",\"read_only\":\"false\",\"hint\":\"\",\"uiType\":\"string\",\"default_value\":\"\",\"label\":\"Email\",\"mandatory\":\"false\",\"order\":\"2\",\"max_length\":\"8000\"}"},"licensedSheetCreator":"Boolean","licensedSheetCreator.$field_facets":{"SimpleMapFacet":"{\"uiTypeLabel\":\"True/False\",\"read_only\":\"false\",\"hint\":\"\",\"uiType\":\"boolean\",\"default_value\":\"\",\"label\":\"LicensedSheetCreator\",\"mandatory\":\"false\",\"order\":\"3\",\"max_length\":\"0\"}"},"status":"String","status.$field_facets":{"SimpleMapFacet":"{\"uiTypeLabel\":\"String\",\"read_only\":\"false\",\"hint\":\"\",\"uiType\":\"string\",\"default_value\":\"\",\"label\":\"Status\",\"mandatory\":\"false\",\"order\":\"4\",\"max_length\":\"8000\"}"}},"FlowDesigner:FD5245b4e3501409500e38950c1dbd2317.$type_facets":{"SimpleMapFacet":"{\"sourceId\":\"\",\"default_value\":\"\",\"label\":\"Output\",\"mandatory\":\"false\",\"uiUniqueId\":\"fcc492e3-4d95-4bfd-a18d-b04b9ea1fe31\",\"uiTypeLabel\":\"Object\",\"co_type_name\":\"FD5245b4e3501409500e38950c1dbd2317\",\"element_mapping_provider\":\"com.glide.flow_design.action.data.FlowDesignVariableMapper\",\"read_only\":\"false\",\"sourceUiUniqueId\":\"\",\"sourceType\":\"\",\"hint\":null,\"uiType\":\"object\",\"order\":\"1\",\"max_length\":\"65000\"}"}}</serialized_content>
        <sys_class_name>sys_complex_object</sys_class_name>
        <sys_created_by>admin</sys_created_by>
        <sys_created_on>2021-12-14 06:50:19</sys_created_on>
        <sys_domain>global</sys_domain>
        <sys_domain_path>/</sys_domain_path>
        <sys_id>1645b4e3971409501ecb350e6253af17</sys_id>
        <sys_mod_count>0</sys_mod_count>
        <sys_name>FD5245b4e3501409500e38950c1dbd2317</sys_name>
        <sys_overrides/>
        <sys_package display_value="Smartsheet Spoke" source="sn_smrtsheet_spoke">f719677374021010fa9bb5ebcba7e550</sys_package>
        <sys_policy/>
        <sys_scope display_value="Smartsheet Spoke">f719677374021010fa9bb5ebcba7e550</sys_scope>
        <sys_update_name>sys_complex_object_1645b4e3971409501ecb350e6253af17</sys_update_name>
        <sys_updated_by>admin</sys_updated_by>
        <sys_updated_on>2021-12-14 06:50:19</sys_updated_on>
        <type>complex_object_schema</type>
    </sys_complex_object>
</record_update>
