<?xml version="1.0" encoding="UTF-8"?><record_update sys_domain="global" table="sys_complex_object">
    <sys_complex_object action="INSERT_OR_UPDATE">
        <label/>
        <name>FD42edc8000f9f41103cf5c1c4bcb3c167</name>
        <namespace>FlowDesigner</namespace>
        <scope_name>f719677374021010fa9bb5ebcba7e550</scope_name>
        <serialized_content>{"FlowDesigner:FD42edc8000f9f41103cf5c1c4bcb3c167":{"$COCollectionField":[{"FDChangeDetails":{"previous_display_value":"String","previous_display_value.$field_facets":{"SimpleMapFacet":"{\"uiTypeLabel\":\"String\",\"read_only\":\"false\",\"hint\":\"\",\"uiType\":\"string\",\"default_value\":\"\",\"label\":\"Previous Display Value\",\"mandatory\":\"false\",\"order\":\"4\",\"max_length\":\"0\"}"},"previous_value":"String","previous_value.$field_facets":{"SimpleMapFacet":"{\"uiTypeLabel\":\"String\",\"read_only\":\"false\",\"hint\":\"\",\"uiType\":\"string\",\"default_value\":\"\",\"label\":\"Previous Value\",\"mandatory\":\"false\",\"order\":\"2\",\"max_length\":\"0\"}"},"current_display_value":"String","current_display_value.$field_facets":{"SimpleMapFacet":"{\"uiTypeLabel\":\"String\",\"read_only\":\"false\",\"hint\":\"\",\"uiType\":\"string\",\"default_value\":\"\",\"label\":\"Current Display Value\",\"mandatory\":\"false\",\"order\":\"5\",\"max_length\":\"0\"}"},"current_value":"String","current_value.$field_facets":{"SimpleMapFacet":"{\"uiTypeLabel\":\"String\",\"read_only\":\"false\",\"hint\":\"\",\"uiType\":\"string\",\"default_value\":\"\",\"label\":\"Current Value\",\"mandatory\":\"false\",\"order\":\"3\",\"max_length\":\"0\"}"},"field_name":"String","field_name.$field_facets":{"SimpleMapFacet":"{\"uiTypeLabel\":\"String\",\"read_only\":\"false\",\"hint\":\"\",\"uiType\":\"string\",\"default_value\":\"\",\"label\":\"Field Name\",\"mandatory\":\"false\",\"order\":\"1\",\"max_length\":\"0\"}"}}}],"$COCollectionField.$type_facets":{"SimpleMapFacet":"{\"pwd2droppable\":\"true\",\"default_value\":\"\",\"label\":\"Changed Fields\",\"mandatory\":\"false\",\"child_name\":\"FDChangeDetails\",\"uiTypeLabel\":\"Array.Object\",\"co_type_name\":\"FD42edc8000f9f41103cf5c1c4bcb3c167\",\"child_label\":\"FDChangeDetails\",\"child_type_label\":\"Object\",\"element_mapping_provider\":\"com.glide.flow_design.action.data.FlowDesignVariableMapper\",\"read_only\":\"false\",\"hint\":\"\",\"uiType\":\"array.object\",\"child_type\":\"object\",\"order\":\"100\",\"max_length\":\"4000\"}"},"$COCollectionField.$field_facets":{"SimpleMapFacet":"{\"up-shift-collection-level\":\"true\"}"}},"FlowDesigner:FD42edc8000f9f41103cf5c1c4bcb3c167.$type_facets":{"SimpleMapFacet":"{\"pwd2droppable\":\"true\",\"default_value\":\"\",\"label\":\"Changed Fields\",\"mandatory\":\"false\",\"child_name\":\"FDChangeDetails\",\"uiTypeLabel\":\"Array.Object\",\"co_type_name\":\"FD42edc8000f9f41103cf5c1c4bcb3c167\",\"child_label\":\"FDChangeDetails\",\"child_type_label\":\"Object\",\"element_mapping_provider\":\"com.glide.flow_design.action.data.FlowDesignVariableMapper\",\"read_only\":\"false\",\"hint\":\"\",\"uiType\":\"array.object\",\"child_type\":\"object\",\"order\":\"100\",\"max_length\":\"4000\"}"}}</serialized_content>
        <sys_class_name>sys_complex_object</sys_class_name>
        <sys_created_by>akash.s</sys_created_by>
        <sys_created_on>2022-05-01 10:07:53</sys_created_on>
        <sys_domain>global</sys_domain>
        <sys_domain_path>/</sys_domain_path>
        <sys_id>06edc800879f41103bdd4226dabb3567</sys_id>
        <sys_mod_count>0</sys_mod_count>
        <sys_name>FD42edc8000f9f41103cf5c1c4bcb3c167</sys_name>
        <sys_overrides/>
        <sys_package display_value="Smartsheet Spoke" source="sn_smrtsheet_spoke">f719677374021010fa9bb5ebcba7e550</sys_package>
        <sys_policy/>
        <sys_scope display_value="Smartsheet Spoke">f719677374021010fa9bb5ebcba7e550</sys_scope>
        <sys_update_name>sys_complex_object_06edc800879f41103bdd4226dabb3567</sys_update_name>
        <sys_updated_by>akash.s</sys_updated_by>
        <sys_updated_on>2022-05-01 10:07:53</sys_updated_on>
        <type>complex_object_collection</type>
    </sys_complex_object>
</record_update>
