<?xml version="1.0" encoding="UTF-8"?><record_update sys_domain="global" table="sys_complex_object">
    <sys_complex_object action="INSERT_OR_UPDATE">
        <label/>
        <name>FD496f6dd61f70c590af213591f6fe9ae7</name>
        <namespace>FlowDesigner</namespace>
        <scope_name>f719677374021010fa9bb5ebcba7e550</scope_name>
        <serialized_content>{"FlowDesigner:FD496f6dd61f70c590af213591f6fe9ae7":{"createdBy":{"name":"String","name.$field_facets":{"SimpleMapFacet":"{\"uiTypeLabel\":\"String\",\"read_only\":\"false\",\"hint\":\"\",\"uiType\":\"string\",\"default_value\":\"\",\"label\":\"name\",\"mandatory\":\"false\",\"order\":\"1\",\"max_length\":\"0\"}"},"email":"String","email.$field_facets":{"SimpleMapFacet":"{\"uiTypeLabel\":\"String\",\"read_only\":\"false\",\"hint\":\"\",\"uiType\":\"string\",\"default_value\":\"\",\"label\":\"email\",\"mandatory\":\"false\",\"order\":\"2\",\"max_length\":\"0\"}"}},"createdBy.$field_facets":{"SimpleMapFacet":"{\"uiTypeLabel\":\"Object\",\"read_only\":\"false\",\"hint\":\"\",\"uiType\":\"object\",\"default_value\":\"\",\"label\":\"Created By\",\"mandatory\":\"false\",\"order\":\"5\",\"max_length\":\"0\"}"},"name":"String","name.$field_facets":{"SimpleMapFacet":"{\"uiTypeLabel\":\"String\",\"read_only\":\"false\",\"hint\":\"\",\"uiType\":\"string\",\"default_value\":\"\",\"label\":\"Name\",\"mandatory\":\"false\",\"order\":\"2\",\"max_length\":\"0\"}"},"id":"Number","id.$field_facets":{"SimpleMapFacet":"{\"uiTypeLabel\":\"Number\",\"read_only\":\"false\",\"hint\":\"\",\"uiType\":\"number\",\"default_value\":\"\",\"label\":\"Id\",\"mandatory\":\"false\",\"order\":\"1\",\"max_length\":\"0\"}"},"parentId":"Number","parentId.$field_facets":{"SimpleMapFacet":"{\"uiTypeLabel\":\"Number\",\"read_only\":\"false\",\"hint\":\"\",\"uiType\":\"number\",\"default_value\":\"\",\"label\":\"Parent Id\",\"mandatory\":\"false\",\"order\":\"4\",\"max_length\":\"0\"}"},"url":"String","url.$field_facets":{"SimpleMapFacet":"{\"uiTypeLabel\":\"String\",\"read_only\":\"false\",\"hint\":\"\",\"uiType\":\"string\",\"default_value\":\"\",\"label\":\"Url\",\"mandatory\":\"false\",\"order\":\"3\",\"max_length\":\"0\"}"}},"FlowDesigner:FD496f6dd61f70c590af213591f6fe9ae7.$type_facets":{"SimpleMapFacet":"{\"sourceId\":\"\",\"default_value\":\"\",\"label\":\"Data\",\"mandatory\":\"false\",\"uiUniqueId\":\"6270aad2-e982-454c-8e72-e836fffcdd97\",\"uiTypeLabel\":\"Object\",\"co_type_name\":\"FD496f6dd61f70c590af213591f6fe9ae7\",\"element_mapping_provider\":\"com.glide.flow_design.action.data.FlowDesignVariableMapper\",\"read_only\":\"false\",\"sourceUiUniqueId\":\"\",\"sourceType\":\"\",\"hint\":null,\"uiType\":\"object\",\"order\":\"12\",\"max_length\":\"65000\"}"}}</serialized_content>
        <sys_class_name>sys_complex_object</sys_class_name>
        <sys_created_by>admin</sys_created_by>
        <sys_created_on>2022-01-04 10:23:10</sys_created_on>
        <sys_domain>global</sys_domain>
        <sys_domain_path>/</sys_domain_path>
        <sys_id>0d6f6dd69770c5901ecb350e6253afe7</sys_id>
        <sys_mod_count>0</sys_mod_count>
        <sys_name>FD496f6dd61f70c590af213591f6fe9ae7</sys_name>
        <sys_overrides/>
        <sys_package display_value="Smartsheet Spoke" source="sn_smrtsheet_spoke">f719677374021010fa9bb5ebcba7e550</sys_package>
        <sys_policy/>
        <sys_scope display_value="Smartsheet Spoke">f719677374021010fa9bb5ebcba7e550</sys_scope>
        <sys_update_name>sys_complex_object_0d6f6dd69770c5901ecb350e6253afe7</sys_update_name>
        <sys_updated_by>admin</sys_updated_by>
        <sys_updated_on>2022-01-04 10:23:10</sys_updated_on>
        <type>complex_object_schema</type>
    </sys_complex_object>
</record_update>
