<?xml version="1.0" encoding="UTF-8"?><record_update sys_domain="global" table="sys_complex_object">
    <sys_complex_object action="INSERT_OR_UPDATE">
        <label/>
        <name>FD4ed0af6b7cd8d510bb0378ff483bcbad</name>
        <namespace>FlowDesigner</namespace>
        <scope_name>f719677374021010fa9bb5ebcba7e550</scope_name>
        <serialized_content>{"FlowDesigner:FD4ed0af6b7cd8d510bb0378ff483bcbad":{"$COCollectionField":[{"Column":{"symbol":"String","symbol.$field_facets":{"SimpleMapFacet":"{\"uiTypeLabel\":\"String\",\"read_only\":\"false\",\"hint\":\"\",\"uiType\":\"string\",\"default_value\":\"\",\"label\":\"Symbol\",\"mandatory\":\"false\",\"order\":\"9\",\"max_length\":\"8000\"}"},"options":["Any"],"options.$field_facets":{"SimpleMapFacet":"{\"default_value\":\"\",\"child_hint\":\"\",\"child_maxsize\":\"\",\"label\":\"Options\",\"mandatory\":\"false\",\"child_name\":\"option\",\"uiTypeLabel\":\"Array.String\",\"child_label\":\"Option\",\"child_type_label\":\"String\",\"read_only\":\"false\",\"hint\":\"\",\"uiType\":\"array.string\",\"child_defaultValue\":\"\",\"child_type\":\"string\",\"order\":\"8\",\"max_length\":\"65000\",\"child_uiUniqueId\":\"2945ee68-b399-4b16-b527-e16c25b4a902\"}"},"system_column_type":"String","system_column_type.$field_facets":{"SimpleMapFacet":"{\"uiTypeLabel\":\"Choice\",\"read_only\":\"false\",\"hint\":\"\",\"uiType\":\"choice\",\"default_value\":\"\",\"label\":\"System Column Type\",\"mandatory\":\"false\",\"order\":\"10\",\"max_length\":\"32\"}","SimpleChoiceFacet":"{\"complex_choice_map_key$\":{},\"choice_map_key$\":{\"AUTO NUMBER\":\"{\\\"label\\\":\\\"AUTO NUMBER\\\",\\\"value\\\":\\\"AUTO_NUMBER\\\",\\\"order\\\":1}\",\"CREATED BY\":\"{\\\"label\\\":\\\"CREATED BY\\\",\\\"value\\\":\\\"CREATED_BY\\\",\\\"order\\\":2}\",\"MODIFIED BY\":\"{\\\"label\\\":\\\"MODIFIED BY\\\",\\\"value\\\":\\\"MODIFIED_BY\\\",\\\"order\\\":4}\",\"MODIFIED DATE\":\"{\\\"label\\\":\\\"MODIFIED DATE\\\",\\\"value\\\":\\\"MODIFIED_DATE\\\",\\\"order\\\":5}\",\"-- None --\":\"{\\\"label\\\":\\\"-- None --\\\",\\\"value\\\":\\\"\\\",\\\"order\\\":0}\",\"CREATED DATE\":\"{\\\"label\\\":\\\"CREATED DATE\\\",\\\"value\\\":\\\"CREATED_DATE\\\",\\\"order\\\":3}\"}}"},"width":"Integer","width.$field_facets":{"SimpleMapFacet":"{\"uiTypeLabel\":\"Integer\",\"read_only\":\"false\",\"hint\":\"\",\"uiType\":\"integer\",\"default_value\":\"\",\"label\":\"Width\",\"mandatory\":\"false\",\"order\":\"12\",\"max_length\":\"40\"}"},"description":"String","description.$field_facets":{"SimpleMapFacet":"{\"uiTypeLabel\":\"String\",\"read_only\":\"false\",\"hint\":\"\",\"uiType\":\"string\",\"default_value\":\"\",\"label\":\"Description\",\"mandatory\":\"false\",\"order\":\"6\",\"max_length\":\"8000\"}"},"formula":"String","formula.$field_facets":{"SimpleMapFacet":"{\"uiTypeLabel\":\"String\",\"read_only\":\"false\",\"hint\":\"\",\"uiType\":\"string\",\"default_value\":\"\",\"label\":\"Formula\",\"mandatory\":\"false\",\"order\":\"4\",\"max_length\":\"8000\"}"},"index":"Integer","index.$field_facets":{"SimpleMapFacet":"{\"uiTypeLabel\":\"Integer\",\"read_only\":\"false\",\"hint\":\"\",\"uiType\":\"integer\",\"default_value\":\"\",\"label\":\"Index\",\"mandatory\":\"true\",\"order\":\"3\",\"max_length\":\"40\"}"},"locked":"Boolean","locked.$field_facets":{"SimpleMapFacet":"{\"uiTypeLabel\":\"True/False\",\"read_only\":\"false\",\"hint\":\"\",\"uiType\":\"boolean\",\"default_value\":\"\",\"label\":\"Locked\",\"mandatory\":\"false\",\"order\":\"7\",\"max_length\":\"40\"}"},"title":"String","title.$field_facets":{"SimpleMapFacet":"{\"uiTypeLabel\":\"String\",\"read_only\":\"false\",\"hint\":\"\",\"uiType\":\"string\",\"default_value\":\"\",\"label\":\"Title\",\"mandatory\":\"true\",\"order\":\"1\",\"max_length\":\"8000\"}"},"type":"String","type.$field_facets":{"SimpleMapFacet":"{\"uiTypeLabel\":\"Choice\",\"read_only\":\"false\",\"hint\":\"\",\"uiType\":\"choice\",\"default_value\":\"TEXT_NUMBER\",\"label\":\"Type\",\"mandatory\":\"true\",\"order\":\"2\",\"max_length\":\"32\"}","SimpleChoiceFacet":"{\"complex_choice_map_key$\":{},\"choice_map_key$\":{\"MULTI CONTACT LIST\":\"{\\\"label\\\":\\\"MULTI CONTACT LIST\\\",\\\"value\\\":\\\"MULTI_CONTACT_LIST\\\",\\\"order\\\":6}\",\"DATE\":\"{\\\"label\\\":\\\"DATE\\\",\\\"value\\\":\\\"DATE\\\",\\\"order\\\":3}\",\"PICKLIST\":\"{\\\"label\\\":\\\"PICKLIST\\\",\\\"value\\\":\\\"PICKLIST\\\",\\\"order\\\":8}\",\"CHECKBOX\":\"{\\\"label\\\":\\\"CHECKBOX\\\",\\\"value\\\":\\\"CHECKBOX\\\",\\\"order\\\":1}\",\"ABSTRACT DATETIME\":\"{\\\"label\\\":\\\"ABSTRACT DATETIME\\\",\\\"value\\\":\\\"ABSTRACT_DATETIME\\\",\\\"order\\\":10}\",\"DATETIME\":\"{\\\"label\\\":\\\"DATETIME\\\",\\\"value\\\":\\\"DATETIME\\\",\\\"order\\\":4}\",\"PREDECESSOR\":\"{\\\"label\\\":\\\"PREDECESSOR\\\",\\\"value\\\":\\\"PREDECESSOR\\\",\\\"order\\\":9}\",\"MULTI PICKLIST\":\"{\\\"label\\\":\\\"MULTI PICKLIST\\\",\\\"value\\\":\\\"MULTI_PICKLIST\\\",\\\"order\\\":7}\",\"TEXT NUMBER\":\"{\\\"label\\\":\\\"TEXT NUMBER\\\",\\\"value\\\":\\\"TEXT_NUMBER\\\",\\\"order\\\":0}\",\"DURATION\":\"{\\\"label\\\":\\\"DURATION\\\",\\\"value\\\":\\\"DURATION\\\",\\\"order\\\":5}\",\"CONTACT LIST\":\"{\\\"label\\\":\\\"CONTACT LIST\\\",\\\"value\\\":\\\"CONTACT_LIST\\\",\\\"order\\\":2}\"}}"},"auto_number_format":{"prefix":"String","prefix.$field_facets":{"SimpleMapFacet":"{\"uiTypeLabel\":\"String\",\"read_only\":\"false\",\"hint\":\"\",\"uiType\":\"string\",\"default_value\":\"\",\"label\":\"Prefix\",\"mandatory\":\"false\",\"order\":\"2\",\"max_length\":\"0\"}"},"startingNumber":"Number","startingNumber.$field_facets":{"SimpleMapFacet":"{\"uiTypeLabel\":\"Number\",\"read_only\":\"false\",\"hint\":\"\",\"uiType\":\"number\",\"default_value\":\"\",\"label\":\"Starting Number\",\"mandatory\":\"false\",\"order\":\"3\",\"max_length\":\"0\"}"},"fill":"String","fill.$field_facets":{"SimpleMapFacet":"{\"uiTypeLabel\":\"String\",\"read_only\":\"false\",\"hint\":\"\",\"uiType\":\"string\",\"default_value\":\"\",\"label\":\"Fill\",\"mandatory\":\"false\",\"order\":\"1\",\"max_length\":\"0\"}"},"suffix":"String","suffix.$field_facets":{"SimpleMapFacet":"{\"uiTypeLabel\":\"String\",\"read_only\":\"false\",\"hint\":\"\",\"uiType\":\"string\",\"default_value\":\"\",\"label\":\"Suffix\",\"mandatory\":\"false\",\"order\":\"4\",\"max_length\":\"0\"}"}},"auto_number_format.$field_facets":{"SimpleMapFacet":"{\"uiTypeLabel\":\"Object\",\"read_only\":\"false\",\"hint\":\"\",\"uiType\":\"object\",\"default_value\":\"\",\"label\":\"Auto Number Format\",\"mandatory\":\"false\",\"order\":\"5\",\"max_length\":\"65000\"}"},"validation":"String","validation.$field_facets":{"SimpleMapFacet":"{\"uiTypeLabel\":\"Choice\",\"read_only\":\"false\",\"hint\":\"\",\"uiType\":\"choice\",\"default_value\":\"\",\"label\":\"Validation\",\"mandatory\":\"false\",\"order\":\"11\",\"max_length\":\"32\"}","SimpleChoiceFacet":"{\"complex_choice_map_key$\":{},\"choice_map_key$\":{\"True\":\"{\\\"label\\\":\\\"True\\\",\\\"value\\\":\\\"true\\\",\\\"order\\\":1}\",\"False\":\"{\\\"label\\\":\\\"False\\\",\\\"value\\\":\\\"false\\\",\\\"order\\\":2}\"}}"}}}],"$COCollectionField.$type_facets":{"SimpleMapFacet":"{\"sourceId\":\"\",\"default_value\":\"\",\"child_hint\":\"\",\"child_maxsize\":\"\",\"label\":\"Columns\",\"mandatory\":\"false\",\"child_name\":\"Column\",\"uiUniqueId\":\"22cfa17a-9149-4ed7-bb5d-107cd8f6ec1f\",\"uiTypeLabel\":\"Array.Object\",\"co_type_name\":\"FD4ed0af6b7cd8d510bb0378ff483bcbad\",\"child_label\":\"Column\",\"child_type_label\":\"Object\",\"element_mapping_provider\":\"com.glide.flow_design.action.data.FlowDesignVariableMapper\",\"read_only\":\"false\",\"sourceUiUniqueId\":\"\",\"sourceType\":\"\",\"hint\":null,\"uiType\":\"array.object\",\"child_defaultValue\":\"\",\"child_type\":\"object\",\"order\":\"2\",\"max_length\":\"65000\",\"child_uiUniqueId\":\"75663fb5-ed35-427a-960c-c5bcc45df3c9\"}"},"$COCollectionField.$field_facets":{"SimpleMapFacet":"{\"up-shift-collection-level\":\"true\"}"}},"FlowDesigner:FD4ed0af6b7cd8d510bb0378ff483bcbad.$type_facets":{"SimpleMapFacet":"{\"sourceId\":\"\",\"default_value\":\"\",\"child_hint\":\"\",\"child_maxsize\":\"\",\"label\":\"Columns\",\"mandatory\":\"false\",\"child_name\":\"Column\",\"uiUniqueId\":\"22cfa17a-9149-4ed7-bb5d-107cd8f6ec1f\",\"uiTypeLabel\":\"Array.Object\",\"co_type_name\":\"FD4ed0af6b7cd8d510bb0378ff483bcbad\",\"child_label\":\"Column\",\"child_type_label\":\"Object\",\"element_mapping_provider\":\"com.glide.flow_design.action.data.FlowDesignVariableMapper\",\"read_only\":\"false\",\"sourceUiUniqueId\":\"\",\"sourceType\":\"\",\"hint\":null,\"uiType\":\"array.object\",\"child_defaultValue\":\"\",\"child_type\":\"object\",\"order\":\"2\",\"max_length\":\"65000\",\"child_uiUniqueId\":\"75663fb5-ed35-427a-960c-c5bcc45df3c9\"}"}}</serialized_content>
        <sys_class_name>sys_complex_object</sys_class_name>
        <sys_created_by>akash.s</sys_created_by>
        <sys_created_on>2022-07-01 15:31:01</sys_created_on>
        <sys_domain>global</sys_domain>
        <sys_domain_path>/</sys_domain_path>
        <sys_id>02d0af6b87d8d5103bdd4226dabb35ae</sys_id>
        <sys_name>FD4ed0af6b7cd8d510bb0378ff483bcbad</sys_name>
        <sys_overrides/>
        <sys_package display_value="Smartsheet Spoke" source="sn_smrtsheet_spoke">f719677374021010fa9bb5ebcba7e550</sys_package>
        <sys_policy/>
        <sys_scope display_value="Smartsheet Spoke">f719677374021010fa9bb5ebcba7e550</sys_scope>
        <sys_update_name>sys_complex_object_02d0af6b87d8d5103bdd4226dabb35ae</sys_update_name>
        <type>complex_object_collection</type>
    </sys_complex_object>
</record_update>
