<?xml version="1.0" encoding="UTF-8"?><record_update sys_domain="global" table="sys_complex_object">
    <sys_complex_object action="INSERT_OR_UPDATE">
        <label/>
        <name>FD43dc22ea613805903fa46228309d2d5e</name>
        <namespace>FlowDesigner</namespace>
        <scope_name>f719677374021010fa9bb5ebcba7e550</scope_name>
        <serialized_content>{"FlowDesigner:FD43dc22ea613805903fa46228309d2d5e":{"accessLevel":"String","accessLevel.$field_facets":{"SimpleMapFacet":"{\"uiTypeLabel\":\"String\",\"read_only\":\"false\",\"hint\":\"\",\"uiType\":\"string\",\"mapped\":\"{\\\"accessLevel\\\":\\\"{{step[542253e6-3fce-4b7a-ad6a-875acf5ec2cd].details.accessLevel}}\\\"}\",\"default_value\":\"\",\"label\":\"accessLevel\",\"mandatory\":\"false\",\"order\":\"4\",\"max_length\":\"0\",\"uiUniqueId\":\"7c3d8892-da28-466d-bac1-c8fb91eea2b4\"}"},"name":"String","name.$field_facets":{"SimpleMapFacet":"{\"uiTypeLabel\":\"String\",\"read_only\":\"false\",\"hint\":\"\",\"uiType\":\"string\",\"mapped\":\"{\\\"name\\\":\\\"{{step[542253e6-3fce-4b7a-ad6a-875acf5ec2cd].details.name}}\\\"}\",\"default_value\":\"\",\"label\":\"name\",\"mandatory\":\"false\",\"order\":\"3\",\"max_length\":\"0\",\"uiUniqueId\":\"6eafc141-88f5-4691-a561-8dd1d7b66361\"}"},"id":"Integer","id.$field_facets":{"SimpleMapFacet":"{\"uiTypeLabel\":\"Integer\",\"read_only\":\"false\",\"hint\":\"\",\"uiType\":\"integer\",\"mapped\":\"{\\\"id\\\":\\\"{{step[542253e6-3fce-4b7a-ad6a-875acf5ec2cd].details.id}}\\\"}\",\"default_value\":\"\",\"label\":\"id\",\"mandatory\":\"false\",\"order\":\"2\",\"max_length\":\"0\",\"uiUniqueId\":\"2b19c420-2ad8-463d-bd1b-b0bdb9e9a0a5\"}"},"message":"String","message.$field_facets":{"SimpleMapFacet":"{\"uiTypeLabel\":\"String\",\"read_only\":\"false\",\"hint\":\"\",\"uiType\":\"string\",\"mapped\":\"{\\\"message\\\":\\\"{{step[542253e6-3fce-4b7a-ad6a-875acf5ec2cd].details.message}}\\\"}\",\"default_value\":\"\",\"label\":\"message\",\"mandatory\":\"false\",\"order\":\"1\",\"max_length\":\"0\",\"uiUniqueId\":\"b5c1cffc-469c-442a-a4b4-c28795dc3090\"}"}},"FlowDesigner:FD43dc22ea613805903fa46228309d2d5e.$type_facets":{"SimpleMapFacet":"{\"sourceId\":\"542253e6-3fce-4b7a-ad6a-875acf5ec2cd\",\"default_value\":\"\",\"label\":\"details\",\"mandatory\":\"false\",\"uiUniqueId\":\"6165667a-f0f2-4b45-87f1-8d46a850ceb5\",\"uiTypeLabel\":\"Object\",\"co_type_name\":\"FD43dc22ea613805903fa46228309d2d5e\",\"element_mapping_provider\":\"com.glide.flow_design.action.data.FlowDesignVariableMapper\",\"read_only\":\"false\",\"sourceType\":\"step\",\"sourceUiUniqueId\":\"21a7a5de-c87b-43a4-af01-70b61f54a3f1\",\"hint\":null,\"uiType\":\"object\",\"order\":\"6\",\"max_length\":\"65000\"}"}}</serialized_content>
        <sys_class_name>sys_complex_object</sys_class_name>
        <sys_created_by>akash.s</sys_created_by>
        <sys_created_on>2022-01-05 09:30:12</sys_created_on>
        <sys_domain>global</sys_domain>
        <sys_domain_path>/</sys_domain_path>
        <sys_id>07dc22ea47380590bd95a144846d435e</sys_id>
        <sys_mod_count>0</sys_mod_count>
        <sys_name>FD43dc22ea613805903fa46228309d2d5e</sys_name>
        <sys_overrides/>
        <sys_package display_value="Smartsheet Spoke" source="sn_smrtsheet_spoke">f719677374021010fa9bb5ebcba7e550</sys_package>
        <sys_policy/>
        <sys_scope display_value="Smartsheet Spoke">f719677374021010fa9bb5ebcba7e550</sys_scope>
        <sys_update_name>sys_complex_object_07dc22ea47380590bd95a144846d435e</sys_update_name>
        <sys_updated_by>akash.s</sys_updated_by>
        <sys_updated_on>2022-01-05 09:30:12</sys_updated_on>
        <type>complex_object_schema</type>
    </sys_complex_object>
</record_update>
