<?xml version="1.0" encoding="UTF-8"?><record_update sys_domain="global" table="sys_complex_object">
    <sys_complex_object action="INSERT_OR_UPDATE">
        <label/>
        <name>FD512a3b24f7c74950b59d5c0177d23713</name>
        <namespace>FlowDesigner</namespace>
        <scope_name>f719677374021010fa9bb5ebcba7e550</scope_name>
        <serialized_content>{"FlowDesigner:FD512a3b24f7c74950b59d5c0177d23713":{"accessLevel":"String","accessLevel.$field_facets":{"SimpleMapFacet":"{\"uiTypeLabel\":\"String\",\"read_only\":\"false\",\"hint\":\"\",\"uiType\":\"string\",\"default_value\":\"\",\"label\":\"Access Level\",\"mandatory\":\"false\",\"order\":\"5\",\"max_length\":\"0\",\"uiUniqueId\":\"48f1d075-cd67-473d-adda-366fe4bc17ec\"}"},"groupId":"String","groupId.$field_facets":{"SimpleMapFacet":"{\"uiTypeLabel\":\"String\",\"read_only\":\"false\",\"hint\":\"\",\"uiType\":\"string\",\"default_value\":\"\",\"label\":\"Group ID\",\"mandatory\":\"false\",\"order\":\"7\",\"max_length\":\"0\",\"uiUniqueId\":\"2f19fea4-ad51-4ad4-9f0f-f29c94d0e0fe\"}"},"scope":"String","scope.$field_facets":{"SimpleMapFacet":"{\"uiTypeLabel\":\"String\",\"read_only\":\"false\",\"hint\":\"\",\"uiType\":\"string\",\"default_value\":\"\",\"label\":\"Scope\",\"mandatory\":\"false\",\"order\":\"6\",\"max_length\":\"0\",\"uiUniqueId\":\"48ba6182-db5a-42e9-bf50-8760057f3e89\"}"},"id":"String","id.$field_facets":{"SimpleMapFacet":"{\"uiTypeLabel\":\"String\",\"read_only\":\"false\",\"hint\":\"\",\"uiType\":\"string\",\"default_value\":\"\",\"label\":\"ID\",\"mandatory\":\"false\",\"order\":\"1\",\"max_length\":\"0\",\"uiUniqueId\":\"67251094-d170-48fd-8b05-6e0cb77fa0f1\"}"},"type":"String","type.$field_facets":{"SimpleMapFacet":"{\"uiTypeLabel\":\"String\",\"read_only\":\"false\",\"hint\":\"\",\"uiType\":\"string\",\"default_value\":\"\",\"label\":\"Type\",\"mandatory\":\"false\",\"order\":\"2\",\"max_length\":\"0\",\"uiUniqueId\":\"2a988652-74ed-4b18-8706-c8608a0ad78e\"}"},"userId":"String","userId.$field_facets":{"SimpleMapFacet":"{\"uiTypeLabel\":\"String\",\"read_only\":\"false\",\"hint\":\"\",\"uiType\":\"string\",\"default_value\":\"\",\"label\":\"User ID\",\"mandatory\":\"false\",\"order\":\"3\",\"max_length\":\"0\",\"uiUniqueId\":\"54719cbe-1277-4575-bf93-3736c88c93e8\"}"},"email":"String","email.$field_facets":{"SimpleMapFacet":"{\"uiTypeLabel\":\"String\",\"read_only\":\"false\",\"hint\":\"\",\"uiType\":\"string\",\"default_value\":\"\",\"label\":\"Email\",\"mandatory\":\"false\",\"order\":\"4\",\"max_length\":\"0\",\"uiUniqueId\":\"4105bd06-a798-4c49-8a97-194c9740d6ef\"}"}},"FlowDesigner:FD512a3b24f7c74950b59d5c0177d23713.$type_facets":{"SimpleMapFacet":"{\"sourceId\":\"07bd4510-5d67-4110-bfde-b3d2527c74de\",\"pwd2droppable\":\"true\",\"default_value\":\"\",\"label\":\"Details\",\"mandatory\":\"false\",\"uiUniqueId\":\"74fa7d1d-d77f-41e1-922b-bcf9cb7185c0\",\"uiTypeLabel\":\"Object\",\"co_type_name\":\"FD512a3b24f7c74950b59d5c0177d23713\",\"element_mapping_provider\":\"com.glide.flow_design.action.data.FlowDesignVariableMapper\",\"read_only\":\"false\",\"sourceType\":\"step\",\"sourceUiUniqueId\":\"81f68b57-5c53-4ecf-ab2a-4199d6e533de\",\"hint\":null,\"uiType\":\"object\",\"order\":\"3\",\"max_length\":\"65000\"}"}}</serialized_content>
        <sys_class_name>sys_complex_object</sys_class_name>
        <sys_created_by>akash</sys_created_by>
        <sys_created_on>2022-04-21 06:21:18</sys_created_on>
        <sys_domain>global</sys_domain>
        <sys_domain_path>/</sys_domain_path>
        <sys_id>152a3b2487c7495044cc63173cbb3513</sys_id>
        <sys_mod_count>0</sys_mod_count>
        <sys_name>FD512a3b24f7c74950b59d5c0177d23713</sys_name>
        <sys_overrides/>
        <sys_package display_value="Smartsheet Spoke" source="sn_smrtsheet_spoke">f719677374021010fa9bb5ebcba7e550</sys_package>
        <sys_policy/>
        <sys_scope display_value="Smartsheet Spoke">f719677374021010fa9bb5ebcba7e550</sys_scope>
        <sys_update_name>sys_complex_object_152a3b2487c7495044cc63173cbb3513</sys_update_name>
        <sys_updated_by>akash</sys_updated_by>
        <sys_updated_on>2022-04-21 06:21:18</sys_updated_on>
        <type>complex_object_schema</type>
    </sys_complex_object>
</record_update>
