<?xml version="1.0" encoding="UTF-8"?><record_update sys_domain="global" table="sys_complex_object">
    <sys_complex_object action="INSERT_OR_UPDATE">
        <label/>
        <name>FD826e33008d79c110fa2014dc5b42c271</name>
        <namespace>FlowDesigner</namespace>
        <scope_name>f719677374021010fa9bb5ebcba7e550</scope_name>
        <serialized_content>{"FlowDesigner:FD826e33008d79c110fa2014dc5b42c271":{"$COCollectionField":[{"columns":{"symbol":"String","symbol.$field_facets":{"SimpleMapFacet":"{\"uiTypeLabel\":\"String\",\"read_only\":\"false\",\"hint\":\"\",\"uiType\":\"string\",\"default_value\":\"\",\"label\":\"Symbol\",\"mandatory\":\"false\",\"order\":\"4\",\"max_length\":\"0\"}"},"autoNumberFormat":{"prefix":"String","prefix.$field_facets":{"SimpleMapFacet":"{\"uiTypeLabel\":\"String\",\"read_only\":\"false\",\"hint\":\"\",\"uiType\":\"string\",\"default_value\":\"\",\"label\":\"Prefix\",\"mandatory\":\"false\",\"order\":\"2\",\"max_length\":\"0\"}"},"startingNumber":"Number","startingNumber.$field_facets":{"SimpleMapFacet":"{\"uiTypeLabel\":\"Number\",\"read_only\":\"false\",\"hint\":\"\",\"uiType\":\"number\",\"default_value\":\"\",\"label\":\"Starting Number\",\"mandatory\":\"false\",\"order\":\"3\",\"max_length\":\"0\"}"},"fill":"String","fill.$field_facets":{"SimpleMapFacet":"{\"uiTypeLabel\":\"String\",\"read_only\":\"false\",\"hint\":\"\",\"uiType\":\"string\",\"default_value\":\"\",\"label\":\"Fill\",\"mandatory\":\"false\",\"order\":\"1\",\"max_length\":\"0\"}"},"suffix":"String","suffix.$field_facets":{"SimpleMapFacet":"{\"uiTypeLabel\":\"String\",\"read_only\":\"false\",\"hint\":\"\",\"uiType\":\"string\",\"default_value\":\"\",\"label\":\"Suffix\",\"mandatory\":\"false\",\"order\":\"4\",\"max_length\":\"0\"}"}},"autoNumberFormat.$field_facets":{"SimpleMapFacet":"{\"uiTypeLabel\":\"Object\",\"read_only\":\"false\",\"hint\":\"\",\"uiType\":\"object\",\"default_value\":\"\",\"label\":\"Auto Number Format\",\"mandatory\":\"false\",\"order\":\"8\",\"max_length\":\"0\"}"},"options":["Any"],"options.$field_facets":{"SimpleMapFacet":"{\"default_value\":\"\",\"child_hint\":\"\",\"child_maxsize\":\"\",\"label\":\"Options\",\"mandatory\":\"false\",\"child_name\":\"Option\",\"uiTypeLabel\":\"Array.String\",\"child_label\":\"Option\",\"child_type_label\":\"String\",\"read_only\":\"false\",\"hint\":\"\",\"uiType\":\"array.string\",\"child_defaultValue\":\"\",\"child_type\":\"string\",\"order\":\"6\",\"max_length\":\"0\",\"child_uiUniqueId\":\"d2fb40c0-e716-4646-8d22-ca460c193ce1\"}"},"system_column_type":"String","system_column_type.$field_facets":{"SimpleMapFacet":"{\"uiTypeLabel\":\"Choice\",\"read_only\":\"false\",\"hint\":\"\",\"uiType\":\"choice\",\"default_value\":\"\",\"label\":\"System Column Type\",\"mandatory\":\"false\",\"order\":\"5\",\"max_length\":\"32\"}","SimpleChoiceFacet":"{\"complex_choice_map_key$\":{},\"choice_map_key$\":{\"AUTO NUMBER\":\"{\\\"label\\\":\\\"AUTO NUMBER\\\",\\\"value\\\":\\\"AUTO_NUMBER\\\",\\\"order\\\":1}\",\"CREATED BY\":\"{\\\"label\\\":\\\"CREATED BY\\\",\\\"value\\\":\\\"CREATED_BY\\\",\\\"order\\\":2}\",\"MODIFIED BY\":\"{\\\"label\\\":\\\"MODIFIED BY\\\",\\\"value\\\":\\\"MODIFIED_BY\\\",\\\"order\\\":4}\",\"MODIFIED DATE\":\"{\\\"label\\\":\\\"MODIFIED DATE\\\",\\\"value\\\":\\\"MODIFIED_DATE\\\",\\\"order\\\":5}\",\"CREATED DATE\":\"{\\\"label\\\":\\\"CREATED DATE\\\",\\\"value\\\":\\\"CREATED_DATE\\\",\\\"order\\\":3}\"}}"},"width":"Number","width.$field_facets":{"SimpleMapFacet":"{\"uiTypeLabel\":\"Number\",\"read_only\":\"false\",\"hint\":\"\",\"uiType\":\"number\",\"default_value\":\"\",\"label\":\"Width\",\"mandatory\":\"false\",\"order\":\"7\",\"max_length\":\"0\"}"},"title":"String","title.$field_facets":{"SimpleMapFacet":"{\"uiTypeLabel\":\"String\",\"read_only\":\"false\",\"hint\":\"\",\"uiType\":\"string\",\"default_value\":\"\",\"label\":\"Title\",\"mandatory\":\"true\",\"order\":\"1\",\"max_length\":\"0\"}"},"type":"String","type.$field_facets":{"SimpleMapFacet":"{\"uiTypeLabel\":\"Choice\",\"read_only\":\"false\",\"hint\":\"\",\"uiType\":\"choice\",\"default_value\":\"TEXT_NUMBER\",\"label\":\"Type\",\"mandatory\":\"true\",\"order\":\"2\",\"max_length\":\"32\"}","SimpleChoiceFacet":"{\"complex_choice_map_key$\":{},\"choice_map_key$\":{\"Contact List\":\"{\\\"label\\\":\\\"Contact List\\\",\\\"value\\\":\\\"CONTACT_LIST\\\",\\\"order\\\":5}\",\"Abstract Datetime\":\"{\\\"label\\\":\\\"Abstract Datetime\\\",\\\"value\\\":\\\"ABSTRACT_DATETIME\\\",\\\"order\\\":10}\",\"Predecessor\":\"{\\\"label\\\":\\\"Predecessor\\\",\\\"value\\\":\\\"PREDECESSOR\\\",\\\"order\\\":11}\",\"Checkbox\":\"{\\\"label\\\":\\\"Checkbox\\\",\\\"value\\\":\\\"CHECKBOX\\\",\\\"order\\\":2}\",\"Text Number\":\"{\\\"label\\\":\\\"Text Number\\\",\\\"value\\\":\\\"TEXT_NUMBER\\\",\\\"order\\\":1}\",\"Date Time\":\"{\\\"label\\\":\\\"Date Time\\\",\\\"value\\\":\\\"DATETIME\\\",\\\"order\\\":4}\",\"Duration\":\"{\\\"label\\\":\\\"Duration\\\",\\\"value\\\":\\\"DURATION\\\",\\\"order\\\":7}\",\"Multi Contact List\":\"{\\\"label\\\":\\\"Multi Contact List\\\",\\\"value\\\":\\\"MULTI_CONTACT_LIST\\\",\\\"order\\\":8}\",\"Multi Picklist\":\"{\\\"label\\\":\\\"Multi Picklist\\\",\\\"value\\\":\\\"MULTI_PICKLIST\\\",\\\"order\\\":9}\",\"Picklist\":\"{\\\"label\\\":\\\"Picklist\\\",\\\"value\\\":\\\"PICKLIST\\\",\\\"order\\\":6}\",\"Date\":\"{\\\"label\\\":\\\"Date\\\",\\\"value\\\":\\\"DATE\\\",\\\"order\\\":3}\"}}"},"primary":"String","primary.$field_facets":{"SimpleMapFacet":"{\"uiTypeLabel\":\"Choice\",\"read_only\":\"false\",\"hint\":\"\",\"uiType\":\"choice\",\"default_value\":\"false\",\"label\":\"Primary\",\"mandatory\":\"true\",\"order\":\"3\",\"max_length\":\"32\"}","SimpleChoiceFacet":"{\"complex_choice_map_key$\":{},\"choice_map_key$\":{\"True\":\"{\\\"label\\\":\\\"True\\\",\\\"value\\\":\\\"true\\\",\\\"order\\\":1}\",\"False\":\"{\\\"label\\\":\\\"False\\\",\\\"value\\\":\\\"false\\\",\\\"order\\\":2}\"}}"}}}],"$COCollectionField.$type_facets":{"SimpleMapFacet":"{\"sourceId\":\"\",\"default_value\":\"\",\"child_hint\":\"\",\"child_maxsize\":\"\",\"label\":\"Sheet Details\",\"mandatory\":\"false\",\"child_name\":\"columns\",\"uiUniqueId\":\"3652d7cc-afa7-4528-b8fb-629ba607d58e\",\"uiTypeLabel\":\"Array.Object\",\"co_type_name\":\"FD826e33008d79c110fa2014dc5b42c271\",\"child_label\":\"Columns\",\"child_type_label\":\"Object\",\"element_mapping_provider\":\"com.glide.flow_design.action.data.FlowDesignVariableMapper\",\"read_only\":\"false\",\"sourceUiUniqueId\":\"\",\"sourceType\":\"\",\"hint\":null,\"uiType\":\"array.object\",\"child_defaultValue\":\"\",\"child_type\":\"object\",\"order\":\"2\",\"max_length\":\"65000\",\"child_uiUniqueId\":\"c6ac03a0-aff7-4a4a-97f7-5369658c2c06\"}"},"$COCollectionField.$field_facets":{"SimpleMapFacet":"{\"up-shift-collection-level\":\"true\"}"}},"FlowDesigner:FD826e33008d79c110fa2014dc5b42c271.$type_facets":{"SimpleMapFacet":"{\"sourceId\":\"\",\"default_value\":\"\",\"child_hint\":\"\",\"child_maxsize\":\"\",\"label\":\"Sheet Details\",\"mandatory\":\"false\",\"child_name\":\"columns\",\"uiUniqueId\":\"3652d7cc-afa7-4528-b8fb-629ba607d58e\",\"uiTypeLabel\":\"Array.Object\",\"co_type_name\":\"FD826e33008d79c110fa2014dc5b42c271\",\"child_label\":\"Columns\",\"child_type_label\":\"Object\",\"element_mapping_provider\":\"com.glide.flow_design.action.data.FlowDesignVariableMapper\",\"read_only\":\"false\",\"sourceUiUniqueId\":\"\",\"sourceType\":\"\",\"hint\":null,\"uiType\":\"array.object\",\"child_defaultValue\":\"\",\"child_type\":\"object\",\"order\":\"2\",\"max_length\":\"65000\",\"child_uiUniqueId\":\"c6ac03a0-aff7-4a4a-97f7-5369658c2c06\"}"}}</serialized_content>
        <sys_class_name>sys_complex_object</sys_class_name>
        <sys_created_by>akash.sri</sys_created_by>
        <sys_created_on>2022-02-16 14:04:28</sys_created_on>
        <sys_domain>global</sys_domain>
        <sys_domain_path>/</sys_domain_path>
        <sys_id>0e6ebb408779c110740c99783cbb35eb</sys_id>
        <sys_mod_count>0</sys_mod_count>
        <sys_name>FD826e33008d79c110fa2014dc5b42c271</sys_name>
        <sys_overrides/>
        <sys_package display_value="Smartsheet Spoke" source="sn_smrtsheet_spoke">f719677374021010fa9bb5ebcba7e550</sys_package>
        <sys_policy/>
        <sys_scope display_value="Smartsheet Spoke">f719677374021010fa9bb5ebcba7e550</sys_scope>
        <sys_update_name>sys_complex_object_0e6ebb408779c110740c99783cbb35eb</sys_update_name>
        <sys_updated_by>akash.sri</sys_updated_by>
        <sys_updated_on>2022-02-16 14:04:28</sys_updated_on>
        <type>complex_object_collection</type>
    </sys_complex_object>
</record_update>
