<?xml version="1.0" encoding="UTF-8"?><record_update sys_domain="global" table="sys_complex_object">
    <sys_complex_object action="INSERT_OR_UPDATE">
        <label/>
        <name>FD505388d0d1a48510c0939944b2a067fd</name>
        <namespace>FlowDesigner</namespace>
        <scope_name>f719677374021010fa9bb5ebcba7e550</scope_name>
        <serialized_content>{"FlowDesigner:FD505388d0d1a48510c0939944b2a067fd":{"$COCollectionField":[{"list_arr4":{"access_level":"String","access_level.$field_facets":{"SimpleMapFacet":"{\"uiTypeLabel\":\"String\",\"read_only\":\"false\",\"hint\":\"\",\"uiType\":\"string\",\"default_value\":\"\",\"label\":\"access_level\",\"mandatory\":\"false\",\"order\":\"3\",\"max_length\":\"0\",\"uiUniqueId\":\"e25d479c-fe45-4a36-8baf-4778ad9d20df\"}"},"sheet_id":"Number","sheet_id.$field_facets":{"SimpleMapFacet":"{\"uiTypeLabel\":\"Number\",\"read_only\":\"false\",\"hint\":\"\",\"uiType\":\"number\",\"default_value\":\"\",\"label\":\"sheet_id\",\"mandatory\":\"false\",\"order\":\"2\",\"max_length\":\"0\",\"uiUniqueId\":\"dbea5a04-79ba-465d-a832-c2f865097a0f\"}"},"sheet_name":"String","sheet_name.$field_facets":{"SimpleMapFacet":"{\"uiTypeLabel\":\"String\",\"read_only\":\"false\",\"hint\":\"\",\"uiType\":\"string\",\"default_value\":\"\",\"label\":\"sheet_name\",\"mandatory\":\"false\",\"order\":\"1\",\"max_length\":\"0\",\"uiUniqueId\":\"09770191-a620-428c-b7b9-7b4ab1fe7dea\"}"}}}],"$COCollectionField.$type_facets":{"SimpleMapFacet":"{\"sourceId\":\"\",\"default_value\":\"\",\"child_hint\":\"\",\"child_maxsize\":\"\",\"label\":\"list_arr\",\"mandatory\":\"false\",\"child_name\":\"list_arr4\",\"uiUniqueId\":\"070ffc19-e87c-4299-abb6-cb0593a5a8c5\",\"uiTypeLabel\":\"Array.Object\",\"co_type_name\":\"FD505388d0d1a48510c0939944b2a067fd\",\"child_label\":\"list_arr\",\"child_type_label\":\"Object\",\"element_mapping_provider\":\"com.glide.flow_design.action.data.FlowDesignVariableMapper\",\"read_only\":\"false\",\"sourceUiUniqueId\":\"\",\"sourceType\":\"\",\"hint\":null,\"uiType\":\"array.object\",\"child_defaultValue\":\"\",\"child_type\":\"object\",\"order\":\"4\",\"max_length\":\"65000\",\"child_uiUniqueId\":\"5645365e-80d8-470c-ac89-f32e4a9863f9\"}"},"$COCollectionField.$field_facets":{"SimpleMapFacet":"{\"up-shift-collection-level\":\"true\"}"}},"FlowDesigner:FD505388d0d1a48510c0939944b2a067fd.$type_facets":{"SimpleMapFacet":"{\"sourceId\":\"\",\"default_value\":\"\",\"child_hint\":\"\",\"child_maxsize\":\"\",\"label\":\"list_arr\",\"mandatory\":\"false\",\"child_name\":\"list_arr4\",\"uiUniqueId\":\"070ffc19-e87c-4299-abb6-cb0593a5a8c5\",\"uiTypeLabel\":\"Array.Object\",\"co_type_name\":\"FD505388d0d1a48510c0939944b2a067fd\",\"child_label\":\"list_arr\",\"child_type_label\":\"Object\",\"element_mapping_provider\":\"com.glide.flow_design.action.data.FlowDesignVariableMapper\",\"read_only\":\"false\",\"sourceUiUniqueId\":\"\",\"sourceType\":\"\",\"hint\":null,\"uiType\":\"array.object\",\"child_defaultValue\":\"\",\"child_type\":\"object\",\"order\":\"4\",\"max_length\":\"65000\",\"child_uiUniqueId\":\"5645365e-80d8-470c-ac89-f32e4a9863f9\"}"}}</serialized_content>
        <sys_class_name>sys_complex_object</sys_class_name>
        <sys_created_by>admin</sys_created_by>
        <sys_created_on>2021-12-16 11:07:26</sys_created_on>
        <sys_domain>global</sys_domain>
        <sys_domain_path>/</sys_domain_path>
        <sys_id>145388d097a485101ecb350e6253affd</sys_id>
        <sys_mod_count>0</sys_mod_count>
        <sys_name>FD505388d0d1a48510c0939944b2a067fd</sys_name>
        <sys_overrides/>
        <sys_package display_value="Smartsheet Spoke" source="sn_smrtsheet_spoke">f719677374021010fa9bb5ebcba7e550</sys_package>
        <sys_policy/>
        <sys_scope display_value="Smartsheet Spoke">f719677374021010fa9bb5ebcba7e550</sys_scope>
        <sys_update_name>sys_complex_object_145388d097a485101ecb350e6253affd</sys_update_name>
        <sys_updated_by>admin</sys_updated_by>
        <sys_updated_on>2021-12-16 11:07:26</sys_updated_on>
        <type>complex_object_collection</type>
    </sys_complex_object>
</record_update>
