<?xml version="1.0" encoding="UTF-8"?><record_update sys_domain="global" table="sys_complex_object">
    <sys_complex_object action="INSERT_OR_UPDATE">
        <label/>
        <name>FD4332ee0791481150cecfdf78d1ee03c8</name>
        <namespace>FlowDesigner</namespace>
        <scope_name>f719677374021010fa9bb5ebcba7e550</scope_name>
        <serialized_content>{"FlowDesigner:FD4332ee0791481150cecfdf78d1ee03c8":{"width":"Number","width.$field_facets":{"SimpleMapFacet":"{\"uiTypeLabel\":\"Number\",\"read_only\":\"false\",\"hint\":\"\",\"uiType\":\"number\",\"default_value\":\"\",\"label\":\"Width\",\"mandatory\":\"false\",\"order\":\"8\",\"max_length\":\"0\"}"},"index":"Number","index.$field_facets":{"SimpleMapFacet":"{\"uiTypeLabel\":\"Number\",\"read_only\":\"false\",\"hint\":\"\",\"uiType\":\"number\",\"default_value\":\"\",\"label\":\"Index\",\"mandatory\":\"false\",\"order\":\"6\",\"max_length\":\"0\"}"},"id":"Number","id.$field_facets":{"SimpleMapFacet":"{\"uiTypeLabel\":\"Number\",\"read_only\":\"false\",\"hint\":\"\",\"uiType\":\"number\",\"default_value\":\"\",\"label\":\"ID\",\"mandatory\":\"false\",\"order\":\"1\",\"max_length\":\"0\"}"},"title":"String","title.$field_facets":{"SimpleMapFacet":"{\"uiTypeLabel\":\"String\",\"read_only\":\"false\",\"hint\":\"\",\"uiType\":\"string\",\"default_value\":\"\",\"label\":\"Title\",\"mandatory\":\"false\",\"order\":\"2\",\"max_length\":\"0\"}"},"type":"String","type.$field_facets":{"SimpleMapFacet":"{\"uiTypeLabel\":\"String\",\"read_only\":\"false\",\"hint\":\"\",\"uiType\":\"string\",\"default_value\":\"\",\"label\":\"Type\",\"mandatory\":\"false\",\"order\":\"3\",\"max_length\":\"0\"}"},"version":"Number","version.$field_facets":{"SimpleMapFacet":"{\"uiTypeLabel\":\"Number\",\"read_only\":\"false\",\"hint\":\"\",\"uiType\":\"number\",\"default_value\":\"\",\"label\":\"Version\",\"mandatory\":\"false\",\"order\":\"5\",\"max_length\":\"0\"}"},"validation":"String","validation.$field_facets":{"SimpleMapFacet":"{\"uiTypeLabel\":\"String\",\"read_only\":\"false\",\"hint\":\"\",\"uiType\":\"string\",\"default_value\":\"\",\"label\":\"Validation\",\"mandatory\":\"false\",\"order\":\"7\",\"max_length\":\"0\"}"},"primary":"String","primary.$field_facets":{"SimpleMapFacet":"{\"uiTypeLabel\":\"String\",\"read_only\":\"false\",\"hint\":\"\",\"uiType\":\"string\",\"default_value\":\"\",\"label\":\"Primary\",\"mandatory\":\"false\",\"order\":\"4\",\"max_length\":\"0\"}"}},"FlowDesigner:FD4332ee0791481150cecfdf78d1ee03c8.$type_facets":{"SimpleMapFacet":"{\"sourceId\":\"\",\"default_value\":\"\",\"label\":\"Data\",\"mandatory\":\"false\",\"uiUniqueId\":\"6270aad2-e982-454c-8e72-e836fffcdd97\",\"uiTypeLabel\":\"Object\",\"co_type_name\":\"FD4332ee0791481150cecfdf78d1ee03c8\",\"element_mapping_provider\":\"com.glide.flow_design.action.data.FlowDesignVariableMapper\",\"read_only\":\"false\",\"sourceUiUniqueId\":\"\",\"sourceType\":\"\",\"hint\":null,\"uiType\":\"object\",\"order\":\"12\",\"max_length\":\"65000\"}"}}</serialized_content>
        <sys_class_name>sys_complex_object</sys_class_name>
        <sys_created_by>akash.s</sys_created_by>
        <sys_created_on>2022-06-17 11:24:48</sys_created_on>
        <sys_domain>global</sys_domain>
        <sys_domain_path>/</sys_domain_path>
        <sys_id>0732ee07874811503bdd4226dabb35c8</sys_id>
        <sys_name>FD4332ee0791481150cecfdf78d1ee03c8</sys_name>
        <sys_overrides/>
        <sys_package display_value="Smartsheet Spoke" source="sn_smrtsheet_spoke">f719677374021010fa9bb5ebcba7e550</sys_package>
        <sys_policy/>
        <sys_scope display_value="Smartsheet Spoke">f719677374021010fa9bb5ebcba7e550</sys_scope>
        <sys_update_name>sys_complex_object_0732ee07874811503bdd4226dabb35c8</sys_update_name>
        <type>complex_object_schema</type>
    </sys_complex_object>
</record_update>
