<?xml version="1.0" encoding="UTF-8"?><record_update sys_domain="global" table="sys_complex_object">
    <sys_complex_object action="INSERT_OR_UPDATE">
        <label/>
        <name>FD44a6aa22e9b30510796972b2bbcffae6</name>
        <namespace>FlowDesigner</namespace>
        <scope_name>f719677374021010fa9bb5ebcba7e550</scope_name>
        <serialized_content>{"FlowDesigner:FD44a6aa22e9b30510796972b2bbcffae6":{"$COCollectionField":[{"choices":{"include":"String","include.$field_facets":{"SimpleMapFacet":"{\"uiTypeLabel\":\"Choice\",\"read_only\":\"false\",\"hint\":\"\",\"uiType\":\"choice\",\"default_value\":\"\",\"label\":\"Include\",\"mandatory\":\"false\",\"order\":\"1\",\"max_length\":\"32\"}","SimpleChoiceFacet":"{\"complex_choice_map_key$\":{},\"choice_map_key$\":{\"Proofs\":\"{\\\"label\\\":\\\"Proofs\\\",\\\"value\\\":\\\"ownerInfo\\\",\\\"order\\\":9}\",\"Cross Sheet References\":\"{\\\"label\\\":\\\"Cross Sheet References\\\",\\\"value\\\":\\\"crossSheetReferences\\\",\\\"order\\\":2}\",\"Filters\":\"{\\\"label\\\":\\\"Filters\\\",\\\"value\\\":\\\"filters\\\",\\\"order\\\":4}\",\"Filter Definitions\":\"{\\\"label\\\":\\\"Filter Definitions\\\",\\\"value\\\":\\\"filterDefinitions\\\",\\\"order\\\":5}\",\"Format\":\"{\\\"label\\\":\\\"Format\\\",\\\"value\\\":\\\"format\\\",\\\"order\\\":6}\",\"Object Value\":\"{\\\"label\\\":\\\"Object Value\\\",\\\"value\\\":\\\"objectValue\\\",\\\"order\\\":8}\",\"Discussions\":\"{\\\"label\\\":\\\"Discussions\\\",\\\"value\\\":\\\"discussions\\\",\\\"order\\\":3}\",\"Attachments\":\"{\\\"label\\\":\\\"Attachments\\\",\\\"value\\\":\\\"attachments\\\",\\\"order\\\":1}\",\"None\":\"{\\\"label\\\":\\\"None\\\",\\\"value\\\":\\\"\\\",\\\"order\\\":11}\",\"Source\":\"{\\\"label\\\":\\\"Source\\\",\\\"value\\\":\\\"source\\\",\\\"order\\\":10}\",\"Gantt Config\":\"{\\\"label\\\":\\\"Gantt Config\\\",\\\"value\\\":\\\"ganttConfig\\\",\\\"order\\\":7}\"}}"}}}],"$COCollectionField.$type_facets":{"SimpleMapFacet":"{\"sourceId\":\"\",\"default_value\":\"\",\"child_hint\":\"\",\"child_maxsize\":\"\",\"label\":\"Includes\",\"mandatory\":\"false\",\"child_name\":\"choices\",\"uiUniqueId\":\"172e0c0f-a4b6-487d-9ef0-4efa68b2c07e\",\"uiTypeLabel\":\"Array.Object\",\"co_type_name\":\"FD44a6aa22e9b30510796972b2bbcffae6\",\"child_label\":\"Choices\",\"child_type_label\":\"Object\",\"element_mapping_provider\":\"com.glide.flow_design.action.data.FlowDesignVariableMapper\",\"read_only\":\"false\",\"sourceUiUniqueId\":\"\",\"sourceType\":\"\",\"hint\":null,\"uiType\":\"array.object\",\"child_defaultValue\":\"\",\"child_type\":\"object\",\"order\":\"2\",\"max_length\":\"65000\",\"child_uiUniqueId\":\"dec55c70-4430-4081-a8ec-fdf52d4b6a4b\"}"},"$COCollectionField.$field_facets":{"SimpleMapFacet":"{\"up-shift-collection-level\":\"true\"}"}},"FlowDesigner:FD44a6aa22e9b30510796972b2bbcffae6.$type_facets":{"SimpleMapFacet":"{\"sourceId\":\"\",\"default_value\":\"\",\"child_hint\":\"\",\"child_maxsize\":\"\",\"label\":\"Includes\",\"mandatory\":\"false\",\"child_name\":\"choices\",\"uiUniqueId\":\"172e0c0f-a4b6-487d-9ef0-4efa68b2c07e\",\"uiTypeLabel\":\"Array.Object\",\"co_type_name\":\"FD44a6aa22e9b30510796972b2bbcffae6\",\"child_label\":\"Choices\",\"child_type_label\":\"Object\",\"element_mapping_provider\":\"com.glide.flow_design.action.data.FlowDesignVariableMapper\",\"read_only\":\"false\",\"sourceUiUniqueId\":\"\",\"sourceType\":\"\",\"hint\":null,\"uiType\":\"array.object\",\"child_defaultValue\":\"\",\"child_type\":\"object\",\"order\":\"2\",\"max_length\":\"65000\",\"child_uiUniqueId\":\"dec55c70-4430-4081-a8ec-fdf52d4b6a4b\"}"}}</serialized_content>
        <sys_class_name>sys_complex_object</sys_class_name>
        <sys_created_by>akash.s</sys_created_by>
        <sys_created_on>2022-06-03 12:11:20</sys_created_on>
        <sys_domain>global</sys_domain>
        <sys_domain_path>/</sys_domain_path>
        <sys_id>08a6aa2287b30510ab1d0e94dabb35e6</sys_id>
        <sys_mod_count>0</sys_mod_count>
        <sys_name>FD44a6aa22e9b30510796972b2bbcffae6</sys_name>
        <sys_overrides/>
        <sys_package display_value="Smartsheet Spoke" source="sn_smrtsheet_spoke">f719677374021010fa9bb5ebcba7e550</sys_package>
        <sys_policy/>
        <sys_scope display_value="Smartsheet Spoke">f719677374021010fa9bb5ebcba7e550</sys_scope>
        <sys_update_name>sys_complex_object_08a6aa2287b30510ab1d0e94dabb35e6</sys_update_name>
        <sys_updated_by>akash.s</sys_updated_by>
        <sys_updated_on>2022-06-03 12:11:20</sys_updated_on>
        <type>complex_object_collection</type>
    </sys_complex_object>
</record_update>
