<?xml version="1.0" encoding="UTF-8"?><record_update sys_domain="global" table="sys_complex_object">
    <sys_complex_object action="INSERT_OR_UPDATE">
        <label/>
        <name>FD44a872df975c95107592907a47c728c8</name>
        <namespace>FlowDesigner</namespace>
        <scope_name>f719677374021010fa9bb5ebcba7e550</scope_name>
        <serialized_content>{"FlowDesigner:FD44a872df975c95107592907a47c728c8":{"$COCollectionField":[{"choices":{"exclude":"String","exclude.$field_facets":{"SimpleMapFacet":"{\"uiTypeLabel\":\"Choice\",\"read_only\":\"false\",\"hint\":\"\",\"uiType\":\"choice\",\"default_value\":\"\",\"label\":\"Exclude\",\"mandatory\":\"false\",\"order\":\"1\",\"max_length\":\"32\"}","SimpleChoiceFacet":"{\"complex_choice_map_key$\":{},\"choice_map_key$\":{\"Nonexistent Cells\":\"{\\\"label\\\":\\\"Nonexistent Cells\\\",\\\"value\\\":\\\"nonexistentCells\\\",\\\"order\\\":3}\",\"None\":\"{\\\"label\\\":\\\"None\\\",\\\"value\\\":\\\"\\\",\\\"order\\\":4}\",\"Link In From Cell Details\":\"{\\\"label\\\":\\\"Link In From Cell Details\\\",\\\"value\\\":\\\"linkInFromCellDetails\\\",\\\"order\\\":1}\",\"Links Out To Cells Details\":\"{\\\"label\\\":\\\"Links Out To Cells Details\\\",\\\"value\\\":\\\"linksOutToCellsDetails\\\",\\\"order\\\":2}\"}}"}}}],"$COCollectionField.$type_facets":{"SimpleMapFacet":"{\"sourceId\":\"\",\"default_value\":\"\",\"child_hint\":\"\",\"child_maxsize\":\"\",\"label\":\"Excludes\",\"mandatory\":\"false\",\"child_name\":\"choices\",\"uiUniqueId\":\"8228d6d8-4b62-4049-af5a-c5d4696a403a\",\"uiTypeLabel\":\"Array.Object\",\"co_type_name\":\"FD44a872df975c95107592907a47c728c8\",\"child_label\":\"Choices\",\"child_type_label\":\"Object\",\"element_mapping_provider\":\"com.glide.flow_design.action.data.FlowDesignVariableMapper\",\"read_only\":\"false\",\"sourceUiUniqueId\":\"\",\"sourceType\":\"\",\"hint\":null,\"uiType\":\"array.object\",\"child_defaultValue\":\"\",\"child_type\":\"object\",\"order\":\"5\",\"max_length\":\"65000\",\"child_uiUniqueId\":\"d2ab5a76-049f-4e63-9f63-b4eb5706a5ec\"}"},"$COCollectionField.$field_facets":{"SimpleMapFacet":"{\"up-shift-collection-level\":\"true\"}"}},"FlowDesigner:FD44a872df975c95107592907a47c728c8.$type_facets":{"SimpleMapFacet":"{\"sourceId\":\"\",\"default_value\":\"\",\"child_hint\":\"\",\"child_maxsize\":\"\",\"label\":\"Excludes\",\"mandatory\":\"false\",\"child_name\":\"choices\",\"uiUniqueId\":\"8228d6d8-4b62-4049-af5a-c5d4696a403a\",\"uiTypeLabel\":\"Array.Object\",\"co_type_name\":\"FD44a872df975c95107592907a47c728c8\",\"child_label\":\"Choices\",\"child_type_label\":\"Object\",\"element_mapping_provider\":\"com.glide.flow_design.action.data.FlowDesignVariableMapper\",\"read_only\":\"false\",\"sourceUiUniqueId\":\"\",\"sourceType\":\"\",\"hint\":null,\"uiType\":\"array.object\",\"child_defaultValue\":\"\",\"child_type\":\"object\",\"order\":\"5\",\"max_length\":\"65000\",\"child_uiUniqueId\":\"d2ab5a76-049f-4e63-9f63-b4eb5706a5ec\"}"}}</serialized_content>
        <sys_class_name>sys_complex_object</sys_class_name>
        <sys_created_by>akash.s</sys_created_by>
        <sys_created_on>2022-06-30 17:56:49</sys_created_on>
        <sys_domain>global</sys_domain>
        <sys_domain_path>/</sys_domain_path>
        <sys_id>08a872df875c95103bdd4226dabb35c8</sys_id>
        <sys_name>FD44a872df975c95107592907a47c728c8</sys_name>
        <sys_overrides/>
        <sys_package display_value="Smartsheet Spoke" source="sn_smrtsheet_spoke">f719677374021010fa9bb5ebcba7e550</sys_package>
        <sys_policy/>
        <sys_scope display_value="Smartsheet Spoke">f719677374021010fa9bb5ebcba7e550</sys_scope>
        <sys_update_name>sys_complex_object_08a872df875c95103bdd4226dabb35c8</sys_update_name>
        <type>complex_object_collection</type>
    </sys_complex_object>
</record_update>
