<?xml version="1.0" encoding="UTF-8"?><record_update sys_domain="global" table="sys_complex_object">
    <sys_complex_object action="INSERT_OR_UPDATE">
        <label/>
        <name>FD5e54a1fac9850dd03b109c222b3d1ab8</name>
        <namespace>FlowDesigner</namespace>
        <scope_name>f719677374021010fa9bb5ebcba7e550</scope_name>
        <serialized_content>{"FlowDesigner:FD5e54a1fac9850dd03b109c222b3d1ab8":{"$COCollectionField":["String"],"$COCollectionField.$field_facets":{"SimpleMapFacet":"{\"up-shift-collection-level\":\"true\"}"}},"FlowDesigner:FD5e54a1fac9850dd03b109c222b3d1ab8.$type_facets":{"SimpleMapFacet":"{\"sourceId\":\"\",\"default_value\":\"\",\"child_hint\":\"\",\"child_maxsize\":\"\",\"label\":\"Options\",\"mandatory\":\"false\",\"child_name\":\"option\",\"uiUniqueId\":\"fb3e595d-d226-4c13-a5be-23acca9a407d\",\"uiTypeLabel\":\"Array.String\",\"co_type_name\":\"FD5e54a1fac9850dd03b109c222b3d1ab8\",\"child_label\":\"Option\",\"child_type_label\":\"String\",\"element_mapping_provider\":\"com.glide.flow_design.action.data.FlowDesignVariableMapper\",\"read_only\":\"false\",\"sourceUiUniqueId\":\"\",\"sourceType\":\"\",\"hint\":null,\"uiType\":\"array.string\",\"child_defaultValue\":\"\",\"child_type\":\"string\",\"order\":\"9\",\"max_length\":\"65000\",\"child_uiUniqueId\":\"2945ee68-b399-4b16-b527-e16c25b4a902\"}"}}</serialized_content>
        <sys_class_name>sys_complex_object</sys_class_name>
        <sys_created_by>akash.s</sys_created_by>
        <sys_created_on>2022-01-18 09:07:34</sys_created_on>
        <sys_domain>global</sys_domain>
        <sys_domain_path>/</sys_domain_path>
        <sys_id>1254a1fa47850dd0bd95a144846d43b9</sys_id>
        <sys_mod_count>0</sys_mod_count>
        <sys_name>FD5e54a1fac9850dd03b109c222b3d1ab8</sys_name>
        <sys_overrides/>
        <sys_package display_value="Smartsheet Spoke" source="sn_smrtsheet_spoke">f719677374021010fa9bb5ebcba7e550</sys_package>
        <sys_policy/>
        <sys_scope display_value="Smartsheet Spoke">f719677374021010fa9bb5ebcba7e550</sys_scope>
        <sys_update_name>sys_complex_object_1254a1fa47850dd0bd95a144846d43b9</sys_update_name>
        <sys_updated_by>akash.s</sys_updated_by>
        <sys_updated_on>2022-01-18 09:07:34</sys_updated_on>
        <type>complex_object_collection</type>
    </sys_complex_object>
</record_update>
