<?xml version="1.0" encoding="UTF-8"?><record_update table="sys_alias">
    <sys_alias action="INSERT_OR_UPDATE">
        <configuration_template display_value="Smartsheet API Key Configuration">e62aa5de736e1010b8f6259dfaf6a71e</configuration_template>
        <connection_type>http_connection</connection_type>
        <id>sn_smrtsheet_spoke.Smartsheet</id>
        <multiple_connections>false</multiple_connections>
        <name>Smartsheet</name>
        <parent/>
        <retry_policy display_value="Default HTTP Retry Policy">ef751ff07301330025d71afe2ff6a7f9</retry_policy>
        <sys_class_name>sys_alias</sys_class_name>
        <sys_created_by>admin</sys_created_by>
        <sys_created_on>2020-07-22 21:51:40</sys_created_on>
        <sys_id>55a8692773021010b8f6259dfaf6a726</sys_id>
        <sys_mod_count>7</sys_mod_count>
        <sys_name>sn_smrtsheet_spoke.Smartsheet</sys_name>
        <sys_package display_value="Smartsheet Spoke" source="sn_smrtsheet_spoke">f719677374021010fa9bb5ebcba7e550</sys_package>
        <sys_policy/>
        <sys_scope display_value="Smartsheet Spoke">f719677374021010fa9bb5ebcba7e550</sys_scope>
        <sys_update_name>sys_alias_55a8692773021010b8f6259dfaf6a726</sys_update_name>
        <sys_updated_by>akash.s</sys_updated_by>
        <sys_updated_on>2022-06-08 08:18:42</sys_updated_on>
        <type>connection</type>
    </sys_alias>
</record_update>
