<?xml version="1.0" encoding="UTF-8"?><record_update sys_domain="global" table="sys_complex_object">
    <sys_complex_object action="INSERT_OR_UPDATE">
        <label/>
        <name>FD40a7df9672a08150cc7f44b57dc4382d</name>
        <namespace>FlowDesigner</namespace>
        <scope_name>f719677374021010fa9bb5ebcba7e550</scope_name>
        <serialized_content>{"FlowDesigner:FD40a7df9672a08150cc7f44b57dc4382d":{"name":"String","name.$field_facets":{"SimpleMapFacet":"{\"uiTypeLabel\":\"String\",\"read_only\":\"false\",\"hint\":\"\",\"uiType\":\"string\",\"default_value\":\"\",\"label\":\"name\",\"mandatory\":\"false\",\"order\":\"1\",\"max_length\":\"0\",\"uiUniqueId\":\"8ec5e32f-eaae-42c9-88c3-b18c01f0e4e1\"}"},"id":"Number","id.$field_facets":{"SimpleMapFacet":"{\"uiTypeLabel\":\"Number\",\"read_only\":\"false\",\"hint\":\"\",\"uiType\":\"number\",\"default_value\":\"\",\"label\":\"id\",\"mandatory\":\"false\",\"order\":\"2\",\"max_length\":\"0\",\"uiUniqueId\":\"f198dd06-f99d-4fd1-b121-2e699a642946\"}"}},"FlowDesigner:FD40a7df9672a08150cc7f44b57dc4382d.$type_facets":{"SimpleMapFacet":"{\"sourceId\":\"\",\"default_value\":\"\",\"label\":\"Sheet\",\"mandatory\":\"false\",\"uiUniqueId\":\"3dfe5450-34e0-41b7-9724-465c8613923a\",\"uiTypeLabel\":\"Object\",\"co_type_name\":\"FD40a7df9672a08150cc7f44b57dc4382d\",\"element_mapping_provider\":\"com.glide.flow_design.action.data.FlowDesignVariableMapper\",\"read_only\":\"false\",\"sourceUiUniqueId\":\"\",\"sourceType\":\"\",\"hint\":null,\"uiType\":\"object\",\"order\":\"4\",\"max_length\":\"65000\"}"}}</serialized_content>
        <sys_class_name>sys_complex_object</sys_class_name>
        <sys_created_by>admin</sys_created_by>
        <sys_created_on>2021-12-23 07:42:52</sys_created_on>
        <sys_domain>global</sys_domain>
        <sys_domain_path>/</sys_domain_path>
        <sys_id>04a7df9697a081501ecb350e6253af2d</sys_id>
        <sys_mod_count>0</sys_mod_count>
        <sys_name>FD40a7df9672a08150cc7f44b57dc4382d</sys_name>
        <sys_overrides/>
        <sys_package display_value="Smartsheet Spoke" source="sn_smrtsheet_spoke">f719677374021010fa9bb5ebcba7e550</sys_package>
        <sys_policy/>
        <sys_scope display_value="Smartsheet Spoke">f719677374021010fa9bb5ebcba7e550</sys_scope>
        <sys_update_name>sys_complex_object_04a7df9697a081501ecb350e6253af2d</sys_update_name>
        <sys_updated_by>admin</sys_updated_by>
        <sys_updated_on>2021-12-23 07:42:52</sys_updated_on>
        <type>complex_object_schema</type>
    </sys_complex_object>
</record_update>
