<?xml version="1.0" encoding="UTF-8"?><record_update sys_domain="global" table="sys_complex_object">
    <sys_complex_object action="INSERT_OR_UPDATE">
        <label/>
        <name>FD5e6f64c34119011095ec56975b7cf8bc</name>
        <namespace>FlowDesigner</namespace>
        <scope_name>f719677374021010fa9bb5ebcba7e550</scope_name>
        <serialized_content>{"FlowDesigner:FD5e6f64c34119011095ec56975b7cf8bc":{"message":"String","message.$field_facets":{"SimpleMapFacet":"{\"uiTypeLabel\":\"String\",\"read_only\":\"false\",\"hint\":\"\",\"uiType\":\"string\",\"default_value\":\"\",\"label\":\"Message\",\"mandatory\":\"false\",\"order\":\"1\",\"max_length\":\"0\",\"uiUniqueId\":\"b123c737-969d-4dac-b978-a2394ea3b4c7\"}"}},"FlowDesigner:FD5e6f64c34119011095ec56975b7cf8bc.$type_facets":{"SimpleMapFacet":"{\"sourceId\":\"07bd4510-5d67-4110-bfde-b3d2527c74de\",\"default_value\":\"\",\"label\":\"Details\",\"mandatory\":\"false\",\"uiUniqueId\":\"a8ffb470-d639-4bab-a0b8-900525db6e14\",\"uiTypeLabel\":\"Object\",\"co_type_name\":\"FD5e6f64c34119011095ec56975b7cf8bc\",\"element_mapping_provider\":\"com.glide.flow_design.action.data.FlowDesignVariableMapper\",\"read_only\":\"false\",\"sourceType\":\"step\",\"sourceUiUniqueId\":\"81f68b57-5c53-4ecf-ab2a-4199d6e533de\",\"hint\":\"\",\"uiType\":\"object\",\"order\":\"3\",\"max_length\":\"65000\"}"}}</serialized_content>
        <sys_class_name>sys_complex_object</sys_class_name>
        <sys_created_by>akash.s</sys_created_by>
        <sys_created_on>2022-01-31 10:10:28</sys_created_on>
        <sys_domain>global</sys_domain>
        <sys_domain_path>/</sys_domain_path>
        <sys_id>126f64c3971901101ecb350e6253afbd</sys_id>
        <sys_mod_count>1</sys_mod_count>
        <sys_name>FD5e6f64c34119011095ec56975b7cf8bc</sys_name>
        <sys_overrides/>
        <sys_package display_value="Smartsheet Spoke" source="sn_smrtsheet_spoke">f719677374021010fa9bb5ebcba7e550</sys_package>
        <sys_policy/>
        <sys_scope display_value="Smartsheet Spoke">f719677374021010fa9bb5ebcba7e550</sys_scope>
        <sys_update_name>sys_complex_object_126f64c3971901101ecb350e6253afbd</sys_update_name>
        <sys_updated_by>akash.s</sys_updated_by>
        <sys_updated_on>2022-01-31 10:43:41</sys_updated_on>
        <type>complex_object_schema</type>
    </sys_complex_object>
</record_update>
