<?xml version="1.0" encoding="UTF-8"?><record_update sys_domain="global" table="sys_complex_object">
    <sys_complex_object action="INSERT_OR_UPDATE">
        <label/>
        <name>FD5d8a9d71a78b0d508e299f9f118d8e23</name>
        <namespace>FlowDesigner</namespace>
        <scope_name>f719677374021010fa9bb5ebcba7e550</scope_name>
        <serialized_content>{"FlowDesigner:FD5d8a9d71a78b0d508e299f9f118d8e23":{"$COCollectionField":[{"choices":{"exclude":"String","exclude.$field_facets":{"SimpleMapFacet":"{\"uiTypeLabel\":\"Choice\",\"read_only\":\"false\",\"hint\":\"\",\"uiType\":\"choice\",\"default_value\":\"\",\"label\":\"Exclude\",\"mandatory\":\"false\",\"order\":\"1\",\"max_length\":\"32\"}","SimpleChoiceFacet":"{\"complex_choice_map_key$\":{},\"choice_map_key$\":{\"Nonexistent Cells\":\"{\\\"label\\\":\\\"Nonexistent Cells\\\",\\\"value\\\":\\\"nonexistentCells\\\",\\\"order\\\":5}\",\"LinksOut To Cells Details\":\"{\\\"label\\\":\\\"LinksOut To Cells Details\\\",\\\"value\\\":\\\"linksOutToCellsDetails\\\",\\\"order\\\":4}\",\"LinkIn From Cell Details\":\"{\\\"label\\\":\\\"LinkIn From Cell Details\\\",\\\"value\\\":\\\"linkInFromCellDetails\\\",\\\"order\\\":3}\",\"filteredOutRows\":\"{\\\"label\\\":\\\"filteredOutRows\\\",\\\"value\\\":\\\"filteredOutRows\\\",\\\"order\\\":1}\",\"None\":\"{\\\"label\\\":\\\"None\\\",\\\"value\\\":\\\"\\\",\\\"order\\\":5}\"}}"}}}],"$COCollectionField.$type_facets":{"SimpleMapFacet":"{\"sourceId\":\"\",\"default_value\":\"\",\"child_hint\":\"\",\"child_maxsize\":\"\",\"label\":\"Excludes\",\"mandatory\":\"false\",\"child_name\":\"choices\",\"uiUniqueId\":\"35f67e04-c4ca-4647-ae78-b7f8e44181b0\",\"uiTypeLabel\":\"Array.Object\",\"co_type_name\":\"FD5d8a9d71a78b0d508e299f9f118d8e23\",\"child_label\":\"Choices\",\"child_type_label\":\"Object\",\"element_mapping_provider\":\"com.glide.flow_design.action.data.FlowDesignVariableMapper\",\"read_only\":\"false\",\"sourceUiUniqueId\":\"\",\"sourceType\":\"\",\"hint\":null,\"uiType\":\"array.object\",\"child_defaultValue\":\"\",\"child_type\":\"object\",\"order\":\"3\",\"max_length\":\"65000\",\"child_uiUniqueId\":\"937cae54-7943-4cbe-b402-9690f56ff7e1\"}"},"$COCollectionField.$field_facets":{"SimpleMapFacet":"{\"up-shift-collection-level\":\"true\"}"}},"FlowDesigner:FD5d8a9d71a78b0d508e299f9f118d8e23.$type_facets":{"SimpleMapFacet":"{\"sourceId\":\"\",\"default_value\":\"\",\"child_hint\":\"\",\"child_maxsize\":\"\",\"label\":\"Excludes\",\"mandatory\":\"false\",\"child_name\":\"choices\",\"uiUniqueId\":\"35f67e04-c4ca-4647-ae78-b7f8e44181b0\",\"uiTypeLabel\":\"Array.Object\",\"co_type_name\":\"FD5d8a9d71a78b0d508e299f9f118d8e23\",\"child_label\":\"Choices\",\"child_type_label\":\"Object\",\"element_mapping_provider\":\"com.glide.flow_design.action.data.FlowDesignVariableMapper\",\"read_only\":\"false\",\"sourceUiUniqueId\":\"\",\"sourceType\":\"\",\"hint\":null,\"uiType\":\"array.object\",\"child_defaultValue\":\"\",\"child_type\":\"object\",\"order\":\"3\",\"max_length\":\"65000\",\"child_uiUniqueId\":\"937cae54-7943-4cbe-b402-9690f56ff7e1\"}"}}</serialized_content>
        <sys_class_name>sys_complex_object</sys_class_name>
        <sys_created_by>akash</sys_created_by>
        <sys_created_on>2022-04-24 15:56:18</sys_created_on>
        <sys_domain>global</sys_domain>
        <sys_domain_path>/</sys_domain_path>
        <sys_id>118a9d71878b0d5044cc63173cbb3524</sys_id>
        <sys_mod_count>0</sys_mod_count>
        <sys_name>FD5d8a9d71a78b0d508e299f9f118d8e23</sys_name>
        <sys_overrides/>
        <sys_package display_value="Smartsheet Spoke" source="sn_smrtsheet_spoke">f719677374021010fa9bb5ebcba7e550</sys_package>
        <sys_policy/>
        <sys_scope display_value="Smartsheet Spoke">f719677374021010fa9bb5ebcba7e550</sys_scope>
        <sys_update_name>sys_complex_object_118a9d71878b0d5044cc63173cbb3524</sys_update_name>
        <sys_updated_by>akash</sys_updated_by>
        <sys_updated_on>2022-04-24 15:56:18</sys_updated_on>
        <type>complex_object_collection</type>
    </sys_complex_object>
</record_update>
