<?xml version="1.0" encoding="UTF-8"?><record_update sys_domain="global" table="sys_complex_object">
    <sys_complex_object action="INSERT_OR_UPDATE">
        <label/>
        <name>FD4baa9e93671c951052cb5e2369b251b0</name>
        <namespace>FlowDesigner</namespace>
        <scope_name>f719677374021010fa9bb5ebcba7e550</scope_name>
        <serialized_content>{"FlowDesigner:FD4baa9e93671c951052cb5e2369b251b0":{"$COCollectionField":[{"choices":{"include":"String","include.$field_facets":{"SimpleMapFacet":"{\"uiTypeLabel\":\"Choice\",\"read_only\":\"false\",\"hint\":\"\",\"uiType\":\"choice\",\"default_value\":\"\",\"label\":\"Include\",\"mandatory\":\"false\",\"order\":\"1\",\"max_length\":\"32\"}","SimpleChoiceFacet":"{\"complex_choice_map_key$\":{},\"choice_map_key$\":{\"Sheet Version\":\"{\\\"label\\\":\\\"Sheet Version\\\",\\\"value\\\":\\\"sheetVersion\\\",\\\"order\\\":1}\",\"Source\":\"{\\\"label\\\":\\\"Source\\\",\\\"value\\\":\\\"source\\\",\\\"order\\\":2}\"}}"}}}],"$COCollectionField.$type_facets":{"SimpleMapFacet":"{\"sourceId\":\"\",\"default_value\":\"\",\"child_hint\":\"\",\"child_maxsize\":\"\",\"label\":\"Includes\",\"mandatory\":\"false\",\"child_name\":\"choices\",\"uiUniqueId\":\"25452d5a-1a93-4dac-95b0-ac1e00f635b7\",\"uiTypeLabel\":\"Array.Object\",\"co_type_name\":\"FD4baa9e93671c951052cb5e2369b251b0\",\"child_label\":\"Choices\",\"child_type_label\":\"Object\",\"element_mapping_provider\":\"com.glide.flow_design.action.data.FlowDesignVariableMapper\",\"read_only\":\"false\",\"sourceUiUniqueId\":\"\",\"sourceType\":\"\",\"hint\":null,\"uiType\":\"array.object\",\"child_defaultValue\":\"\",\"child_type\":\"object\",\"order\":\"1\",\"max_length\":\"65000\",\"child_uiUniqueId\":\"3141eac7-ce2f-4b4f-b82e-286479d12299\"}"},"$COCollectionField.$field_facets":{"SimpleMapFacet":"{\"up-shift-collection-level\":\"true\"}"}},"FlowDesigner:FD4baa9e93671c951052cb5e2369b251b0.$type_facets":{"SimpleMapFacet":"{\"sourceId\":\"\",\"default_value\":\"\",\"child_hint\":\"\",\"child_maxsize\":\"\",\"label\":\"Includes\",\"mandatory\":\"false\",\"child_name\":\"choices\",\"uiUniqueId\":\"25452d5a-1a93-4dac-95b0-ac1e00f635b7\",\"uiTypeLabel\":\"Array.Object\",\"co_type_name\":\"FD4baa9e93671c951052cb5e2369b251b0\",\"child_label\":\"Choices\",\"child_type_label\":\"Object\",\"element_mapping_provider\":\"com.glide.flow_design.action.data.FlowDesignVariableMapper\",\"read_only\":\"false\",\"sourceUiUniqueId\":\"\",\"sourceType\":\"\",\"hint\":null,\"uiType\":\"array.object\",\"child_defaultValue\":\"\",\"child_type\":\"object\",\"order\":\"1\",\"max_length\":\"65000\",\"child_uiUniqueId\":\"3141eac7-ce2f-4b4f-b82e-286479d12299\"}"}}</serialized_content>
        <sys_class_name>sys_complex_object</sys_class_name>
        <sys_created_by>akash.s</sys_created_by>
        <sys_created_on>2022-06-30 15:45:57</sys_created_on>
        <sys_domain>global</sys_domain>
        <sys_domain_path>/</sys_domain_path>
        <sys_id>0faa9e93871c95103bdd4226dabb35b0</sys_id>
        <sys_name>FD4baa9e93671c951052cb5e2369b251b0</sys_name>
        <sys_overrides/>
        <sys_package display_value="Smartsheet Spoke" source="sn_smrtsheet_spoke">f719677374021010fa9bb5ebcba7e550</sys_package>
        <sys_policy/>
        <sys_scope display_value="Smartsheet Spoke">f719677374021010fa9bb5ebcba7e550</sys_scope>
        <sys_update_name>sys_complex_object_0faa9e93871c95103bdd4226dabb35b0</sys_update_name>
        <type>complex_object_collection</type>
    </sys_complex_object>
</record_update>
