<?xml version="1.0" encoding="UTF-8"?><record_update sys_domain="global" table="sys_complex_object">
    <sys_complex_object action="INSERT_OR_UPDATE">
        <label/>
        <name>FD4ee14de46dfd011000a71b75490f6cbd</name>
        <namespace>FlowDesigner</namespace>
        <scope_name>f719677374021010fa9bb5ebcba7e550</scope_name>
        <serialized_content>{"FlowDesigner:FD4ee14de46dfd011000a71b75490f6cbd":{"criticalPathEnabled":"String","criticalPathEnabled.$field_facets":{"SimpleMapFacet":"{\"uiTypeLabel\":\"Choice\",\"read_only\":\"false\",\"hint\":\"\",\"uiType\":\"choice\",\"default_value\":\"\",\"label\":\"Critical Path Enabled\",\"mandatory\":\"false\",\"order\":\"2\",\"max_length\":\"32\"}","SimpleChoiceFacet":"{\"complex_choice_map_key$\":{},\"choice_map_key$\":{\"True\":\"{\\\"label\\\":\\\"True\\\",\\\"value\\\":\\\"true\\\",\\\"order\\\":1}\",\"False\":\"{\\\"label\\\":\\\"False\\\",\\\"value\\\":\\\"false\\\",\\\"order\\\":0}\"}}"},"displaySummaryTasks":"String","displaySummaryTasks.$field_facets":{"SimpleMapFacet":"{\"uiTypeLabel\":\"Choice\",\"read_only\":\"false\",\"hint\":\"\",\"uiType\":\"choice\",\"default_value\":\"\",\"label\":\"Display Summary Tasks\",\"mandatory\":\"false\",\"order\":\"1\",\"max_length\":\"32\"}","SimpleChoiceFacet":"{\"complex_choice_map_key$\":{},\"choice_map_key$\":{\"True\":\"{\\\"label\\\":\\\"True\\\",\\\"value\\\":\\\"true\\\",\\\"order\\\":1}\",\"False\":\"{\\\"label\\\":\\\"False\\\",\\\"value\\\":\\\"false\\\",\\\"order\\\":0}\"}}"}},"FlowDesigner:FD4ee14de46dfd011000a71b75490f6cbd.$type_facets":{"SimpleMapFacet":"{\"sourceId\":\"\",\"default_value\":\"\",\"label\":\"User Settings\",\"mandatory\":\"false\",\"uiUniqueId\":\"c7a2b287-0c9d-4729-bd6b-a0ceb7272f6c\",\"uiTypeLabel\":\"Object\",\"co_type_name\":\"FD4ee14de46dfd011000a71b75490f6cbd\",\"element_mapping_provider\":\"com.glide.flow_design.action.data.FlowDesignVariableMapper\",\"read_only\":\"false\",\"sourceUiUniqueId\":\"\",\"sourceType\":\"\",\"hint\":null,\"uiType\":\"object\",\"order\":\"4\",\"max_length\":\"65000\"}"}}</serialized_content>
        <sys_class_name>sys_complex_object</sys_class_name>
        <sys_created_by>akash.sri</sys_created_by>
        <sys_created_on>2022-02-17 13:37:52</sys_created_on>
        <sys_domain>global</sys_domain>
        <sys_domain_path>/</sys_domain_path>
        <sys_id>02e14de497fd01108ac03f0e6253afbe</sys_id>
        <sys_mod_count>0</sys_mod_count>
        <sys_name>FD4ee14de46dfd011000a71b75490f6cbd</sys_name>
        <sys_overrides/>
        <sys_package display_value="Smartsheet Spoke" source="sn_smrtsheet_spoke">f719677374021010fa9bb5ebcba7e550</sys_package>
        <sys_policy/>
        <sys_scope display_value="Smartsheet Spoke">f719677374021010fa9bb5ebcba7e550</sys_scope>
        <sys_update_name>sys_complex_object_02e14de497fd01108ac03f0e6253afbe</sys_update_name>
        <sys_updated_by>akash.sri</sys_updated_by>
        <sys_updated_on>2022-02-17 13:37:52</sys_updated_on>
        <type>complex_object_schema</type>
    </sys_complex_object>
</record_update>
