<?xml version="1.0" encoding="UTF-8"?><record_update sys_domain="global" table="sys_complex_object">
    <sys_complex_object action="INSERT_OR_UPDATE">
        <label/>
        <name>FD444fe82728490114d074e2277ce33a2e</name>
        <namespace>FlowDesigner</namespace>
        <scope_name>f719677374021010fa9bb5ebcba7e550</scope_name>
        <serialized_content>{"FlowDesigner:FD444fe82728490114d074e2277ce33a2e":{"nonWorkingDays":["Any"],"nonWorkingDays.$field_facets":{"SimpleMapFacet":"{\"default_value\":\"\",\"child_hint\":\"\",\"child_maxsize\":\"\",\"label\":\"Non Working Days\",\"mandatory\":\"false\",\"child_name\":\"timestamp\",\"uiTypeLabel\":\"Array.String\",\"child_label\":\"Timestamp\",\"child_type_label\":\"String\",\"read_only\":\"false\",\"hint\":\"\",\"uiType\":\"array.string\",\"child_defaultValue\":\"\",\"child_type\":\"string\",\"order\":\"2\",\"max_length\":\"0\",\"child_uiUniqueId\":\"67bfe7eb-172b-4b04-9634-97933d181074\"}"},"workingDays":["Any"],"workingDays.$field_facets":{"SimpleMapFacet":"{\"default_value\":\"\",\"child_hint\":\"\",\"child_maxsize\":\"\",\"label\":\"Working Days\",\"mandatory\":\"false\",\"child_name\":\"days\",\"uiTypeLabel\":\"Array.String\",\"child_label\":\"Days\",\"child_type_label\":\"String\",\"read_only\":\"false\",\"hint\":\"\",\"uiType\":\"array.string\",\"child_defaultValue\":\"\",\"child_type\":\"string\",\"order\":\"3\",\"max_length\":\"0\",\"child_uiUniqueId\":\"fd9a9605-145c-4b2e-aa35-fb74825d4a8a\"}"},"lengthOfDay":"Number","lengthOfDay.$field_facets":{"SimpleMapFacet":"{\"uiTypeLabel\":\"Number\",\"read_only\":\"false\",\"hint\":\"\",\"uiType\":\"number\",\"default_value\":\"\",\"label\":\"Length Of Day\",\"mandatory\":\"false\",\"order\":\"1\",\"max_length\":\"0\"}"}},"FlowDesigner:FD444fe82728490114d074e2277ce33a2e.$type_facets":{"SimpleMapFacet":"{\"sourceId\":\"\",\"default_value\":\"\",\"label\":\"Project Settings\",\"mandatory\":\"false\",\"uiUniqueId\":\"3033f195-35cc-4f7e-9f0c-493a77d5d138\",\"uiTypeLabel\":\"Object\",\"co_type_name\":\"FD444fe82728490114d074e2277ce33a2e\",\"element_mapping_provider\":\"com.glide.flow_design.action.data.FlowDesignVariableMapper\",\"read_only\":\"false\",\"sourceUiUniqueId\":\"\",\"sourceType\":\"\",\"hint\":null,\"uiType\":\"object\",\"order\":\"3\",\"max_length\":\"65000\"}"}}</serialized_content>
        <sys_class_name>sys_complex_object</sys_class_name>
        <sys_created_by>akash.s</sys_created_by>
        <sys_created_on>2022-01-20 13:11:02</sys_created_on>
        <sys_domain>global</sys_domain>
        <sys_domain_path>/</sys_domain_path>
        <sys_id>084fe82747490114bd95a144846d432e</sys_id>
        <sys_mod_count>0</sys_mod_count>
        <sys_name>FD444fe82728490114d074e2277ce33a2e</sys_name>
        <sys_overrides/>
        <sys_package display_value="Smartsheet Spoke" source="sn_smrtsheet_spoke">f719677374021010fa9bb5ebcba7e550</sys_package>
        <sys_policy/>
        <sys_scope display_value="Smartsheet Spoke">f719677374021010fa9bb5ebcba7e550</sys_scope>
        <sys_update_name>sys_complex_object_084fe82747490114bd95a144846d432e</sys_update_name>
        <sys_updated_by>akash.s</sys_updated_by>
        <sys_updated_on>2022-01-20 13:11:02</sys_updated_on>
        <type>complex_object_schema</type>
    </sys_complex_object>
</record_update>
