<?xml version="1.0" encoding="UTF-8"?><record_update sys_domain="global" table="sys_complex_object">
    <sys_complex_object action="INSERT_OR_UPDATE">
        <label/>
        <name>FD411bd69c28300950312db887c850c4e1</name>
        <namespace>FlowDesigner</namespace>
        <scope_name>f719677374021010fa9bb5ebcba7e550</scope_name>
        <serialized_content>{"FlowDesigner:FD411bd69c28300950312db887c850c4e1":{"createdBy":"String","createdBy.$field_facets":{"SimpleMapFacet":"{\"uiTypeLabel\":\"String\",\"read_only\":\"false\",\"hint\":\"\",\"uiType\":\"string\",\"mapped\":\"{\\\"createdBy\\\":\\\"{{step[07bd4510-5d67-4110-bfde-b3d2527c74de].attachment_details.createdBy}}\\\"}\",\"default_value\":\"\",\"label\":\"createdBy\",\"mandatory\":\"false\",\"order\":\"3\",\"max_length\":\"0\"}"},"name":"String","name.$field_facets":{"SimpleMapFacet":"{\"uiTypeLabel\":\"String\",\"read_only\":\"false\",\"hint\":\"\",\"uiType\":\"string\",\"mapped\":\"{\\\"name\\\":\\\"{{step[07bd4510-5d67-4110-bfde-b3d2527c74de].attachment_details.name}}\\\"}\",\"default_value\":\"\",\"label\":\"name\",\"mandatory\":\"false\",\"order\":\"1\",\"max_length\":\"0\"}"},"url":"String","url.$field_facets":{"SimpleMapFacet":"{\"uiTypeLabel\":\"String\",\"read_only\":\"false\",\"hint\":\"\",\"uiType\":\"string\",\"mapped\":\"{\\\"url\\\":\\\"{{step[07bd4510-5d67-4110-bfde-b3d2527c74de].attachment_details.url}}\\\"}\",\"default_value\":\"\",\"label\":\"url\",\"mandatory\":\"false\",\"order\":\"2\",\"max_length\":\"0\"}"}},"FlowDesigner:FD411bd69c28300950312db887c850c4e1.$type_facets":{"SimpleMapFacet":"{\"sourceId\":\"\",\"default_value\":\"\",\"label\":\"attachment_details\",\"mandatory\":\"false\",\"uiUniqueId\":\"81b3e452-beb7-417a-985e-be2ff611803d\",\"uiTypeLabel\":\"Object\",\"co_type_name\":\"FD411bd69c28300950312db887c850c4e1\",\"element_mapping_provider\":\"com.glide.flow_design.action.data.FlowDesignVariableMapper\",\"read_only\":\"false\",\"sourceUiUniqueId\":\"\",\"sourceType\":\"\",\"hint\":null,\"uiType\":\"object\",\"order\":\"6\",\"max_length\":\"65000\"}"}}</serialized_content>
        <sys_class_name>sys_complex_object</sys_class_name>
        <sys_created_by>akash.s</sys_created_by>
        <sys_created_on>2021-12-29 08:26:11</sys_created_on>
        <sys_domain>global</sys_domain>
        <sys_domain_path>/</sys_domain_path>
        <sys_id>051bd69c47300950bd95a144846d43e1</sys_id>
        <sys_mod_count>0</sys_mod_count>
        <sys_name>FD411bd69c28300950312db887c850c4e1</sys_name>
        <sys_overrides/>
        <sys_package display_value="Smartsheet Spoke" source="sn_smrtsheet_spoke">f719677374021010fa9bb5ebcba7e550</sys_package>
        <sys_policy/>
        <sys_scope display_value="Smartsheet Spoke">f719677374021010fa9bb5ebcba7e550</sys_scope>
        <sys_update_name>sys_complex_object_051bd69c47300950bd95a144846d43e1</sys_update_name>
        <sys_updated_by>akash.s</sys_updated_by>
        <sys_updated_on>2021-12-29 08:26:11</sys_updated_on>
        <type>complex_object_schema</type>
    </sys_complex_object>
</record_update>
