<?xml version="1.0" encoding="UTF-8"?><record_update sys_domain="global" table="sys_complex_object">
    <sys_complex_object action="INSERT_OR_UPDATE">
        <label/>
        <name>FD46128778768941d025a5ad88e8034029</name>
        <namespace>FlowDesigner</namespace>
        <scope_name>f719677374021010fa9bb5ebcba7e550</scope_name>
        <serialized_content>{"FlowDesigner:FD46128778768941d025a5ad88e8034029":{"startRowId":"Number","startRowId.$field_facets":{"SimpleMapFacet":"{\"uiTypeLabel\":\"Number\",\"read_only\":\"false\",\"hint\":\"\",\"uiType\":\"number\",\"default_value\":\"\",\"label\":\"Start Row Id\",\"mandatory\":\"false\",\"order\":\"6\",\"max_length\":\"0\",\"uiUniqueId\":\"be8906be-feca-42e7-b6d5-3a6cc519718b\"}"},"name":"String","name.$field_facets":{"SimpleMapFacet":"{\"uiTypeLabel\":\"String\",\"read_only\":\"false\",\"hint\":\"\",\"uiType\":\"string\",\"default_value\":\"\",\"label\":\"Name\",\"mandatory\":\"false\",\"order\":\"4\",\"max_length\":\"0\",\"uiUniqueId\":\"f954dc30-7400-4984-bf55-2ea42b486ef1\"}"},"startColumnId":"Number","startColumnId.$field_facets":{"SimpleMapFacet":"{\"uiTypeLabel\":\"Number\",\"read_only\":\"false\",\"hint\":\"\",\"uiType\":\"number\",\"default_value\":\"\",\"label\":\"Start Column Id\",\"mandatory\":\"false\",\"order\":\"5\",\"max_length\":\"0\",\"uiUniqueId\":\"21b8ea2d-f86e-4cc9-9d41-440df7668cd2\"}"},"sourceSheetId":"Number","sourceSheetId.$field_facets":{"SimpleMapFacet":"{\"uiTypeLabel\":\"Number\",\"read_only\":\"false\",\"hint\":\"\",\"uiType\":\"number\",\"default_value\":\"\",\"label\":\"Source Sheet Id\",\"mandatory\":\"false\",\"order\":\"7\",\"max_length\":\"0\",\"uiUniqueId\":\"e2694f7f-885b-44ab-aed7-22231e0070e2\"}"},"endColumnId":"Number","endColumnId.$field_facets":{"SimpleMapFacet":"{\"uiTypeLabel\":\"Number\",\"read_only\":\"false\",\"hint\":\"\",\"uiType\":\"number\",\"default_value\":\"\",\"label\":\"End Column Id\",\"mandatory\":\"false\",\"order\":\"1\",\"max_length\":\"0\",\"uiUniqueId\":\"bf2ef2de-8e7c-4607-a77d-ebfa875a32f5\"}"},"endRowId":"Number","endRowId.$field_facets":{"SimpleMapFacet":"{\"uiTypeLabel\":\"Number\",\"read_only\":\"false\",\"hint\":\"\",\"uiType\":\"number\",\"default_value\":\"\",\"label\":\"End Row Id\",\"mandatory\":\"false\",\"order\":\"2\",\"max_length\":\"0\",\"uiUniqueId\":\"8b7ccf21-08a7-4553-96f0-0456fa5b645d\"}"},"id":"Number","id.$field_facets":{"SimpleMapFacet":"{\"uiTypeLabel\":\"Number\",\"read_only\":\"false\",\"hint\":\"\",\"uiType\":\"number\",\"default_value\":\"\",\"label\":\"Id\",\"mandatory\":\"false\",\"order\":\"3\",\"max_length\":\"0\",\"uiUniqueId\":\"67251094-d170-48fd-8b05-6e0cb77fa0f1\"}"}},"FlowDesigner:FD46128778768941d025a5ad88e8034029.$type_facets":{"SimpleMapFacet":"{\"sourceId\":\"\",\"default_value\":\"\",\"label\":\"Details\",\"mandatory\":\"false\",\"uiUniqueId\":\"81f68b57-5c53-4ecf-ab2a-4199d6e533de\",\"uiTypeLabel\":\"Object\",\"co_type_name\":\"FD46128778768941d025a5ad88e8034029\",\"element_mapping_provider\":\"com.glide.flow_design.action.data.FlowDesignVariableMapper\",\"read_only\":\"false\",\"sourceUiUniqueId\":\"\",\"sourceType\":\"\",\"hint\":null,\"uiType\":\"object\",\"order\":\"4\",\"max_length\":\"65000\"}"}}</serialized_content>
        <sys_class_name>sys_complex_object</sys_class_name>
        <sys_created_by>admin</sys_created_by>
        <sys_created_on>2022-01-12 10:49:19</sys_created_on>
        <sys_domain>global</sys_domain>
        <sys_domain_path>/</sys_domain_path>
        <sys_id>0a128778478941d0bd95a144846d4329</sys_id>
        <sys_mod_count>0</sys_mod_count>
        <sys_name>FD46128778768941d025a5ad88e8034029</sys_name>
        <sys_overrides/>
        <sys_package display_value="Smartsheet Spoke" source="sn_smrtsheet_spoke">f719677374021010fa9bb5ebcba7e550</sys_package>
        <sys_policy/>
        <sys_scope display_value="Smartsheet Spoke">f719677374021010fa9bb5ebcba7e550</sys_scope>
        <sys_update_name>sys_complex_object_0a128778478941d0bd95a144846d4329</sys_update_name>
        <sys_updated_by>admin</sys_updated_by>
        <sys_updated_on>2022-01-12 10:49:19</sys_updated_on>
        <type>complex_object_schema</type>
    </sys_complex_object>
</record_update>
