<?xml version="1.0" encoding="UTF-8"?><record_update sys_domain="09ff3d105f231000b12e3572f2b4775d" table="sys_app_application">
    <sys_app_application action="INSERT_OR_UPDATE">
        <active>true</active>
        <category display_value="Custom Applications">e0355b31ef303000a61d5a3615c0fb78</category>
        <description/>
        <device_type>browser</device_type>
        <hint/>
        <name>SmartSheets Sheets</name>
        <order>100</order>
        <roles>sn_smrtsheet_spoke.smartsheet_admin</roles>
        <sys_class_name>sys_app_application</sys_class_name>
        <sys_created_by>akash.srivatsav</sys_created_by>
        <sys_created_on>2022-07-06 15:09:46</sys_created_on>
        <sys_domain>09ff3d105f231000b12e3572f2b4775d</sys_domain>
        <sys_domain_path>!!!/!!!/</sys_domain_path>
        <sys_id>afeb499147a41110395052a5d36d43e0</sys_id>
        <sys_name>Smartsheet </sys_name>
        <sys_overrides display_value="Smartsheets ">52de6507875e85104cbb42e5dabb35e3</sys_overrides>
        <sys_package display_value="Smartsheet Spoke" source="sn_smrtsheet_spoke">f719677374021010fa9bb5ebcba7e550</sys_package>
        <sys_policy/>
        <sys_scope display_value="Smartsheet Spoke">f719677374021010fa9bb5ebcba7e550</sys_scope>
        <sys_update_name>sys_app_application_afeb499147a41110395052a5d36d43e0</sys_update_name>
        <title>Smartsheet </title>
        <view_name/>
    </sys_app_application>
</record_update>
