<?xml version="1.0" encoding="UTF-8"?><record_update sys_domain="global" table="sys_complex_object">
    <sys_complex_object action="INSERT_OR_UPDATE">
        <label/>
        <name>FD464eeef3f2534d10f5c53915428a0f37</name>
        <namespace>FlowDesigner</namespace>
        <scope_name>f719677374021010fa9bb5ebcba7e550</scope_name>
        <serialized_content>{"FlowDesigner:FD464eeef3f2534d10f5c53915428a0f37":{"userSettings":{"criticalPathEnabled":"String","criticalPathEnabled.$field_facets":{"SimpleMapFacet":"{\"uiTypeLabel\":\"String\",\"read_only\":\"false\",\"hint\":\"\",\"uiType\":\"string\",\"default_value\":\"\",\"label\":\"Critical Path Enabled\",\"mandatory\":\"false\",\"order\":\"1\",\"max_length\":\"0\",\"uiUniqueId\":\"2b441cf6-b60e-45c2-a93a-48614c872190\"}"},"displaySummaryTasks":"String","displaySummaryTasks.$field_facets":{"SimpleMapFacet":"{\"uiTypeLabel\":\"String\",\"read_only\":\"false\",\"hint\":\"\",\"uiType\":\"string\",\"default_value\":\"\",\"label\":\"Display Summary Tasks\",\"mandatory\":\"false\",\"order\":\"2\",\"max_length\":\"0\",\"uiUniqueId\":\"200b4346-2e32-444f-8b57-7f5d8bed2ea6\"}"}},"userSettings.$field_facets":{"SimpleMapFacet":"{\"uiTypeLabel\":\"Object\",\"read_only\":\"false\",\"hint\":\"\",\"uiType\":\"object\",\"default_value\":\"\",\"label\":\"User Settings\",\"mandatory\":\"false\",\"order\":\"6\",\"max_length\":\"0\",\"uiUniqueId\":\"6851b50c-86ec-4251-aa41-c77e0634aa05\"}"},"accessLevel":"String","accessLevel.$field_facets":{"SimpleMapFacet":"{\"uiTypeLabel\":\"String\",\"read_only\":\"false\",\"hint\":\"\",\"uiType\":\"string\",\"default_value\":\"\",\"label\":\"Access Level\",\"mandatory\":\"false\",\"order\":\"3\",\"max_length\":\"0\",\"uiUniqueId\":\"8ac9f3a5-1f64-4bf0-b877-a55746f717e5\"}"},"name":"String","name.$field_facets":{"SimpleMapFacet":"{\"uiTypeLabel\":\"String\",\"read_only\":\"false\",\"hint\":\"\",\"uiType\":\"string\",\"default_value\":\"\",\"label\":\"Name\",\"mandatory\":\"false\",\"order\":\"2\",\"max_length\":\"0\",\"uiUniqueId\":\"8cb5377a-b3c1-4129-83eb-0f8384605a1e\"}"},"id":"Number","id.$field_facets":{"SimpleMapFacet":"{\"uiTypeLabel\":\"Number\",\"read_only\":\"false\",\"hint\":\"\",\"uiType\":\"number\",\"default_value\":\"\",\"label\":\"ID\",\"mandatory\":\"false\",\"order\":\"1\",\"max_length\":\"0\",\"uiUniqueId\":\"67251094-d170-48fd-8b05-6e0cb77fa0f1\"}"},"permalink":"String","permalink.$field_facets":{"SimpleMapFacet":"{\"uiTypeLabel\":\"String\",\"read_only\":\"false\",\"hint\":\"\",\"uiType\":\"string\",\"default_value\":\"\",\"label\":\"Permalink\",\"mandatory\":\"false\",\"order\":\"4\",\"max_length\":\"0\",\"uiUniqueId\":\"5bbaddb5-7a58-4a5e-8846-a261aae30712\"}"},"projectSettings":{"nonWorkingDays":["Any"],"nonWorkingDays.$field_facets":{"SimpleMapFacet":"{\"default_value\":\"\",\"child_hint\":\"\",\"child_maxsize\":\"\",\"label\":\"Non Working Days\",\"mandatory\":\"false\",\"child_name\":\"timestamps\",\"uiUniqueId\":\"7015c846-126e-449a-8cbe-f113114db35c\",\"uiTypeLabel\":\"Array.String\",\"child_label\":\"Timestamps\",\"child_type_label\":\"String\",\"read_only\":\"false\",\"hint\":\"\",\"uiType\":\"array.string\",\"child_defaultValue\":\"\",\"child_type\":\"string\",\"order\":\"3\",\"max_length\":\"0\",\"child_uiUniqueId\":\"bbac1748-094a-44cf-89c8-d7f020a48d16\"}"},"workingDays":["Any"],"workingDays.$field_facets":{"SimpleMapFacet":"{\"default_value\":\"\",\"child_hint\":\"\",\"child_maxsize\":\"\",\"label\":\"Working Days\",\"mandatory\":\"false\",\"child_name\":\"days\",\"uiUniqueId\":\"3315434f-7a3c-442f-8aa7-3ba04eec4573\",\"uiTypeLabel\":\"Array.String\",\"child_label\":\"Days\",\"child_type_label\":\"String\",\"read_only\":\"false\",\"hint\":\"\",\"uiType\":\"array.string\",\"child_defaultValue\":\"\",\"child_type\":\"string\",\"order\":\"2\",\"max_length\":\"0\",\"child_uiUniqueId\":\"f36705d9-1c18-415c-b8ae-45c9cf0883f1\"}"},"lengthOfDay":"Number","lengthOfDay.$field_facets":{"SimpleMapFacet":"{\"uiTypeLabel\":\"Number\",\"read_only\":\"false\",\"hint\":\"\",\"uiType\":\"number\",\"default_value\":\"\",\"label\":\"Length Of Day\",\"mandatory\":\"false\",\"order\":\"1\",\"max_length\":\"0\",\"uiUniqueId\":\"a8bdccc4-43b9-4764-b771-02b7d055da1a\"}"}},"projectSettings.$field_facets":{"SimpleMapFacet":"{\"uiTypeLabel\":\"Object\",\"read_only\":\"false\",\"hint\":\"\",\"uiType\":\"object\",\"default_value\":\"\",\"label\":\"Project Settings\",\"mandatory\":\"false\",\"order\":\"5\",\"max_length\":\"0\",\"uiUniqueId\":\"634b1cdc-18ea-4f4c-b3d4-00b6b2ba2923\"}"}},"FlowDesigner:FD464eeef3f2534d10f5c53915428a0f37.$type_facets":{"SimpleMapFacet":"{\"sourceId\":\"07bd4510-5d67-4110-bfde-b3d2527c74de\",\"pwd2droppable\":\"true\",\"default_value\":\"\",\"label\":\"Details\",\"mandatory\":\"false\",\"uiUniqueId\":\"60c636e3-ce83-443e-b1d5-340a55dbcd4d\",\"uiTypeLabel\":\"Object\",\"co_type_name\":\"FD464eeef3f2534d10f5c53915428a0f37\",\"element_mapping_provider\":\"com.glide.flow_design.action.data.FlowDesignVariableMapper\",\"read_only\":\"false\",\"sourceType\":\"step\",\"sourceUiUniqueId\":\"81f68b57-5c53-4ecf-ab2a-4199d6e533de\",\"hint\":null,\"uiType\":\"object\",\"order\":\"3\",\"max_length\":\"65000\"}"}}</serialized_content>
        <sys_class_name>sys_complex_object</sys_class_name>
        <sys_created_by>akash.s</sys_created_by>
        <sys_created_on>2022-05-13 13:25:48</sys_created_on>
        <sys_domain>global</sys_domain>
        <sys_domain_path>/</sys_domain_path>
        <sys_id>0a4eeef387534d103bdd4226dabb3537</sys_id>
        <sys_mod_count>0</sys_mod_count>
        <sys_name>FD464eeef3f2534d10f5c53915428a0f37</sys_name>
        <sys_overrides/>
        <sys_package display_value="Smartsheet Spoke" source="sn_smrtsheet_spoke">f719677374021010fa9bb5ebcba7e550</sys_package>
        <sys_policy/>
        <sys_scope display_value="Smartsheet Spoke">f719677374021010fa9bb5ebcba7e550</sys_scope>
        <sys_update_name>sys_complex_object_0a4eeef387534d103bdd4226dabb3537</sys_update_name>
        <sys_updated_by>akash.s</sys_updated_by>
        <sys_updated_on>2022-05-13 13:25:48</sys_updated_on>
        <type>complex_object_schema</type>
    </sys_complex_object>
</record_update>
