<?xml version="1.0" encoding="UTF-8"?><record_update sys_domain="global" table="sys_complex_object">
    <sys_complex_object action="INSERT_OR_UPDATE">
        <label/>
        <name>FD43ec4e1c3e780d50b5aacaf36d35ef33</name>
        <namespace>FlowDesigner</namespace>
        <scope_name>f719677374021010fa9bb5ebcba7e550</scope_name>
        <serialized_content>{"FlowDesigner:FD43ec4e1c3e780d50b5aacaf36d35ef33":{"accessLevel":"String","accessLevel.$field_facets":{"SimpleMapFacet":"{\"uiTypeLabel\":\"String\",\"read_only\":\"false\",\"hint\":\"\",\"uiType\":\"string\",\"default_value\":\"\",\"label\":\"accessLevel\",\"mandatory\":\"false\",\"order\":\"3\",\"max_length\":\"0\",\"uiUniqueId\":\"1a63e2c3-7681-4b46-ade2-23a424c1b163\"}"},"name":"String","name.$field_facets":{"SimpleMapFacet":"{\"uiTypeLabel\":\"String\",\"read_only\":\"false\",\"hint\":\"\",\"uiType\":\"string\",\"default_value\":\"\",\"label\":\"name\",\"mandatory\":\"false\",\"order\":\"1\",\"max_length\":\"0\",\"uiUniqueId\":\"8ec5e32f-eaae-42c9-88c3-b18c01f0e4e1\"}"},"id":"Number","id.$field_facets":{"SimpleMapFacet":"{\"uiTypeLabel\":\"Number\",\"read_only\":\"false\",\"hint\":\"\",\"uiType\":\"number\",\"default_value\":\"\",\"label\":\"id\",\"mandatory\":\"false\",\"order\":\"2\",\"max_length\":\"0\",\"uiUniqueId\":\"f198dd06-f99d-4fd1-b121-2e699a642946\"}"}},"FlowDesigner:FD43ec4e1c3e780d50b5aacaf36d35ef33.$type_facets":{"SimpleMapFacet":"{\"sourceId\":\"\",\"default_value\":\"\",\"label\":\"sheet\",\"mandatory\":\"false\",\"uiUniqueId\":\"3dfe5450-34e0-41b7-9724-465c8613923a\",\"uiTypeLabel\":\"Object\",\"co_type_name\":\"FD43ec4e1c3e780d50b5aacaf36d35ef33\",\"element_mapping_provider\":\"com.glide.flow_design.action.data.FlowDesignVariableMapper\",\"read_only\":\"false\",\"sourceUiUniqueId\":\"\",\"sourceType\":\"\",\"hint\":null,\"uiType\":\"object\",\"order\":\"4\",\"max_length\":\"65000\"}"}}</serialized_content>
        <sys_class_name>sys_complex_object</sys_class_name>
        <sys_created_by>admin</sys_created_by>
        <sys_created_on>2021-12-29 07:24:20</sys_created_on>
        <sys_domain>global</sys_domain>
        <sys_domain_path>/</sys_domain_path>
        <sys_id>07ec4e1c97780d501ecb350e6253af33</sys_id>
        <sys_mod_count>0</sys_mod_count>
        <sys_name>FD43ec4e1c3e780d50b5aacaf36d35ef33</sys_name>
        <sys_overrides/>
        <sys_package display_value="Smartsheet Spoke" source="sn_smrtsheet_spoke">f719677374021010fa9bb5ebcba7e550</sys_package>
        <sys_policy/>
        <sys_scope display_value="Smartsheet Spoke">f719677374021010fa9bb5ebcba7e550</sys_scope>
        <sys_update_name>sys_complex_object_07ec4e1c97780d501ecb350e6253af33</sys_update_name>
        <sys_updated_by>admin</sys_updated_by>
        <sys_updated_on>2021-12-29 07:24:20</sys_updated_on>
        <type>complex_object_schema</type>
    </sys_complex_object>
</record_update>
