<?xml version="1.0" encoding="UTF-8"?><record_update sys_domain="global" table="sys_complex_object">
    <sys_complex_object action="INSERT_OR_UPDATE">
        <label/>
        <name>FD5cc6847c8a308950668a6adf0daae436</name>
        <namespace>FlowDesigner</namespace>
        <scope_name>f719677374021010fa9bb5ebcba7e550</scope_name>
        <serialized_content>{"FlowDesigner:FD5cc6847c8a308950668a6adf0daae436":{"title":"String","title.$field_facets":{"SimpleMapFacet":"{\"uiTypeLabel\":\"String\",\"read_only\":\"false\",\"hint\":\"\",\"uiType\":\"string\",\"default_value\":\"\",\"label\":\"title\",\"mandatory\":\"false\",\"order\":\"1\",\"max_length\":\"0\",\"uiUniqueId\":\"3bf860da-1238-4a7f-a807-0e9c0ca37fbd\"}"},"type":"String","type.$field_facets":{"SimpleMapFacet":"{\"uiTypeLabel\":\"String\",\"read_only\":\"false\",\"hint\":\"\",\"uiType\":\"string\",\"default_value\":\"\",\"label\":\"type\",\"mandatory\":\"false\",\"order\":\"2\",\"max_length\":\"0\",\"uiUniqueId\":\"ece09030-f9d2-4e6d-bc81-8dbf236e74ad\"}"},"primary":"String","primary.$field_facets":{"SimpleMapFacet":"{\"uiTypeLabel\":\"String\",\"read_only\":\"false\",\"hint\":\"\",\"uiType\":\"string\",\"default_value\":\"\",\"label\":\"primary\",\"mandatory\":\"false\",\"order\":\"3\",\"max_length\":\"0\",\"uiUniqueId\":\"2d66baa8-4aa2-4e38-b50d-dab52e3867db\"}"}},"FlowDesigner:FD5cc6847c8a308950668a6adf0daae436.$type_facets":{"SimpleMapFacet":"{\"sourceId\":\"\",\"default_value\":\"\",\"label\":\"column_details\",\"mandatory\":\"false\",\"uiUniqueId\":\"d50b26f3-99bc-4750-9c4e-20cea55849dd\",\"uiTypeLabel\":\"Object\",\"co_type_name\":\"FD5cc6847c8a308950668a6adf0daae436\",\"element_mapping_provider\":\"com.glide.flow_design.action.data.FlowDesignVariableMapper\",\"read_only\":\"false\",\"sourceUiUniqueId\":\"\",\"sourceType\":\"\",\"hint\":null,\"uiType\":\"object\",\"order\":\"4\",\"max_length\":\"65000\"}"}}</serialized_content>
        <sys_class_name>sys_complex_object</sys_class_name>
        <sys_created_by>akash.s</sys_created_by>
        <sys_created_on>2021-12-30 10:55:07</sys_created_on>
        <sys_domain>global</sys_domain>
        <sys_domain_path>/</sys_domain_path>
        <sys_id>10c6847c47308950bd95a144846d4337</sys_id>
        <sys_mod_count>0</sys_mod_count>
        <sys_name>FD5cc6847c8a308950668a6adf0daae436</sys_name>
        <sys_overrides/>
        <sys_package display_value="Smartsheet Spoke" source="sn_smrtsheet_spoke">f719677374021010fa9bb5ebcba7e550</sys_package>
        <sys_policy/>
        <sys_scope display_value="Smartsheet Spoke">f719677374021010fa9bb5ebcba7e550</sys_scope>
        <sys_update_name>sys_complex_object_10c6847c47308950bd95a144846d4337</sys_update_name>
        <sys_updated_by>akash.s</sys_updated_by>
        <sys_updated_on>2021-12-30 10:55:07</sys_updated_on>
        <type>complex_object_schema</type>
    </sys_complex_object>
</record_update>
