<?xml version="1.0" encoding="UTF-8"?><record_update sys_domain="global" table="sys_complex_object">
    <sys_complex_object action="INSERT_OR_UPDATE">
        <label/>
        <name>FD4742fd33939f0d1002f1b28405b88f0c</name>
        <namespace>FlowDesigner</namespace>
        <scope_name>f719677374021010fa9bb5ebcba7e550</scope_name>
        <serialized_content>{"FlowDesigner:FD4742fd33939f0d1002f1b28405b88f0c":{"owner":"String","owner.$field_facets":{"SimpleMapFacet":"{\"uiTypeLabel\":\"String\",\"read_only\":\"false\",\"hint\":\"\",\"uiType\":\"string\",\"default_value\":\"\",\"label\":\"Owner\",\"mandatory\":\"false\",\"order\":\"3\",\"max_length\":\"0\"}"},"createdAt":"Date","createdAt.$field_facets":{"SimpleMapFacet":"{\"uiTypeLabel\":\"Date/Time\",\"read_only\":\"false\",\"hint\":\"\",\"uiType\":\"glide_date_time\",\"default_value\":\"\",\"label\":\"Created At\",\"mandatory\":\"false\",\"order\":\"5\",\"max_length\":\"0\"}"},"modifiedAt":"Date","modifiedAt.$field_facets":{"SimpleMapFacet":"{\"uiTypeLabel\":\"Date/Time\",\"read_only\":\"false\",\"hint\":\"\",\"uiType\":\"glide_date_time\",\"default_value\":\"\",\"label\":\"Modified At\",\"mandatory\":\"false\",\"order\":\"6\",\"max_length\":\"0\"}"},"name":"String","name.$field_facets":{"SimpleMapFacet":"{\"uiTypeLabel\":\"String\",\"read_only\":\"false\",\"hint\":\"\",\"uiType\":\"string\",\"default_value\":\"\",\"label\":\"Name\",\"mandatory\":\"false\",\"order\":\"2\",\"max_length\":\"0\"}"},"id":"String","id.$field_facets":{"SimpleMapFacet":"{\"uiTypeLabel\":\"String\",\"read_only\":\"false\",\"hint\":\"\",\"uiType\":\"string\",\"default_value\":\"\",\"label\":\"ID\",\"mandatory\":\"false\",\"order\":\"1\",\"max_length\":\"0\"}"},"ownerId":"Number","ownerId.$field_facets":{"SimpleMapFacet":"{\"uiTypeLabel\":\"Number\",\"read_only\":\"false\",\"hint\":\"\",\"uiType\":\"number\",\"default_value\":\"\",\"label\":\"Owner ID\",\"mandatory\":\"false\",\"order\":\"4\",\"max_length\":\"0\"}"}},"FlowDesigner:FD4742fd33939f0d1002f1b28405b88f0c.$type_facets":{"SimpleMapFacet":"{\"sourceId\":\"\",\"default_value\":\"\",\"label\":\"Data\",\"mandatory\":\"false\",\"uiUniqueId\":\"b5705c41-c54a-4d48-953d-414c6cd4dbcd\",\"uiTypeLabel\":\"Object\",\"co_type_name\":\"FD4742fd33939f0d1002f1b28405b88f0c\",\"element_mapping_provider\":\"com.glide.flow_design.action.data.FlowDesignVariableMapper\",\"read_only\":\"false\",\"sourceUiUniqueId\":\"\",\"sourceType\":\"\",\"hint\":null,\"uiType\":\"object\",\"order\":\"12\",\"max_length\":\"65000\"}"}}</serialized_content>
        <sys_class_name>sys_complex_object</sys_class_name>
        <sys_created_by>akash.s</sys_created_by>
        <sys_created_on>2022-05-13 09:03:43</sys_created_on>
        <sys_domain>global</sys_domain>
        <sys_domain_path>/</sys_domain_path>
        <sys_id>0b42fd33879f0d103bdd4226dabb350c</sys_id>
        <sys_mod_count>0</sys_mod_count>
        <sys_name>FD4742fd33939f0d1002f1b28405b88f0c</sys_name>
        <sys_overrides/>
        <sys_package display_value="Smartsheet Spoke" source="sn_smrtsheet_spoke">f719677374021010fa9bb5ebcba7e550</sys_package>
        <sys_policy/>
        <sys_scope display_value="Smartsheet Spoke">f719677374021010fa9bb5ebcba7e550</sys_scope>
        <sys_update_name>sys_complex_object_0b42fd33879f0d103bdd4226dabb350c</sys_update_name>
        <sys_updated_by>akash.s</sys_updated_by>
        <sys_updated_on>2022-05-13 09:03:43</sys_updated_on>
        <type>complex_object_schema</type>
    </sys_complex_object>
</record_update>
