<?xml version="1.0" encoding="UTF-8"?><record_update sys_domain="global" table="sys_complex_object">
    <sys_complex_object action="INSERT_OR_UPDATE">
        <label/>
        <name>FD4964204b41cb4110177d9075db29025d</name>
        <namespace>FlowDesigner</namespace>
        <scope_name>f719677374021010fa9bb5ebcba7e550</scope_name>
        <serialized_content>{"FlowDesigner:FD4964204b41cb4110177d9075db29025d":{"firstName":"String","firstName.$field_facets":{"SimpleMapFacet":"{\"uiTypeLabel\":\"String\",\"read_only\":\"false\",\"hint\":\"\",\"uiType\":\"string\",\"default_value\":\"\",\"label\":\"First Name\",\"mandatory\":\"false\",\"order\":\"3\",\"max_length\":\"0\"}"},"lastName":"String","lastName.$field_facets":{"SimpleMapFacet":"{\"uiTypeLabel\":\"String\",\"read_only\":\"false\",\"hint\":\"\",\"uiType\":\"string\",\"default_value\":\"\",\"label\":\"Last Name\",\"mandatory\":\"false\",\"order\":\"4\",\"max_length\":\"0\"}"},"groupAdmin":"String","groupAdmin.$field_facets":{"SimpleMapFacet":"{\"uiTypeLabel\":\"String\",\"read_only\":\"false\",\"hint\":\"\",\"uiType\":\"string\",\"default_value\":\"\",\"label\":\"Group Admin\",\"mandatory\":\"false\",\"order\":\"7\",\"max_length\":\"0\"}"},"name":"String","name.$field_facets":{"SimpleMapFacet":"{\"uiTypeLabel\":\"String\",\"read_only\":\"false\",\"hint\":\"\",\"uiType\":\"string\",\"default_value\":\"\",\"label\":\"Name\",\"mandatory\":\"false\",\"order\":\"2\",\"max_length\":\"0\"}"},"resourceViewer":"String","resourceViewer.$field_facets":{"SimpleMapFacet":"{\"uiTypeLabel\":\"String\",\"read_only\":\"false\",\"hint\":\"\",\"uiType\":\"string\",\"default_value\":\"\",\"label\":\"Resource Viewer\",\"mandatory\":\"false\",\"order\":\"8\",\"max_length\":\"0\"}"},"admin":"String","admin.$field_facets":{"SimpleMapFacet":"{\"uiTypeLabel\":\"String\",\"read_only\":\"false\",\"hint\":\"\",\"uiType\":\"string\",\"default_value\":\"\",\"label\":\"Admin\",\"mandatory\":\"false\",\"order\":\"5\",\"max_length\":\"0\"}"},"id":"Number","id.$field_facets":{"SimpleMapFacet":"{\"uiTypeLabel\":\"Number\",\"read_only\":\"false\",\"hint\":\"\",\"uiType\":\"number\",\"default_value\":\"\",\"label\":\"ID\",\"mandatory\":\"false\",\"order\":\"9\",\"max_length\":\"0\"}"},"sheetCount":"String","sheetCount.$field_facets":{"SimpleMapFacet":"{\"uiTypeLabel\":\"String\",\"read_only\":\"false\",\"hint\":\"\",\"uiType\":\"string\",\"default_value\":\"\",\"label\":\"Sheet Count\",\"mandatory\":\"false\",\"order\":\"11\",\"max_length\":\"0\"}"},"email":"String","email.$field_facets":{"SimpleMapFacet":"{\"uiTypeLabel\":\"String\",\"read_only\":\"false\",\"hint\":\"\",\"uiType\":\"string\",\"default_value\":\"\",\"label\":\"Email\",\"mandatory\":\"false\",\"order\":\"1\",\"max_length\":\"0\"}"},"licensedSheetCreator":"String","licensedSheetCreator.$field_facets":{"SimpleMapFacet":"{\"uiTypeLabel\":\"String\",\"read_only\":\"false\",\"hint\":\"\",\"uiType\":\"string\",\"default_value\":\"\",\"label\":\"Licensed Sheet Creator\",\"mandatory\":\"false\",\"order\":\"6\",\"max_length\":\"0\"}"},"status":"String","status.$field_facets":{"SimpleMapFacet":"{\"uiTypeLabel\":\"String\",\"read_only\":\"false\",\"hint\":\"\",\"uiType\":\"string\",\"default_value\":\"\",\"label\":\"Status\",\"mandatory\":\"false\",\"order\":\"10\",\"max_length\":\"0\"}"}},"FlowDesigner:FD4964204b41cb4110177d9075db29025d.$type_facets":{"SimpleMapFacet":"{\"sourceId\":\"\",\"default_value\":\"\",\"label\":\"Data\",\"mandatory\":\"false\",\"uiUniqueId\":\"b03fcb30-7b3f-4aef-a3cc-ca47f696cfaa\",\"uiTypeLabel\":\"Object\",\"co_type_name\":\"FD4964204b41cb4110177d9075db29025d\",\"element_mapping_provider\":\"com.glide.flow_design.action.data.FlowDesignVariableMapper\",\"read_only\":\"false\",\"sourceUiUniqueId\":\"\",\"sourceType\":\"\",\"hint\":null,\"uiType\":\"object\",\"order\":\"12\",\"max_length\":\"65000\"}"}}</serialized_content>
        <sys_class_name>sys_complex_object</sys_class_name>
        <sys_created_by>akash.s</sys_created_by>
        <sys_created_on>2022-04-28 09:12:12</sys_created_on>
        <sys_domain>global</sys_domain>
        <sys_domain_path>/</sys_domain_path>
        <sys_id>0d64204b87cb41103bdd4226dabb355d</sys_id>
        <sys_mod_count>0</sys_mod_count>
        <sys_name>FD4964204b41cb4110177d9075db29025d</sys_name>
        <sys_overrides/>
        <sys_package display_value="Smartsheet Spoke" source="sn_smrtsheet_spoke">f719677374021010fa9bb5ebcba7e550</sys_package>
        <sys_policy/>
        <sys_scope display_value="Smartsheet Spoke">f719677374021010fa9bb5ebcba7e550</sys_scope>
        <sys_update_name>sys_complex_object_0d64204b87cb41103bdd4226dabb355d</sys_update_name>
        <sys_updated_by>akash.s</sys_updated_by>
        <sys_updated_on>2022-04-28 09:12:12</sys_updated_on>
        <type>complex_object_schema</type>
    </sys_complex_object>
</record_update>
