<?xml version="1.0" encoding="UTF-8"?><record_update sys_domain="global" table="sys_complex_object">
    <sys_complex_object action="INSERT_OR_UPDATE">
        <label/>
        <name>FD4a5429ba1f850dd08b9dd276119838b4</name>
        <namespace>FlowDesigner</namespace>
        <scope_name>f719677374021010fa9bb5ebcba7e550</scope_name>
        <serialized_content>{"FlowDesigner:FD4a5429ba1f850dd08b9dd276119838b4":{"prefix":"String","prefix.$field_facets":{"SimpleMapFacet":"{\"uiTypeLabel\":\"String\",\"read_only\":\"false\",\"hint\":\"\",\"uiType\":\"string\",\"default_value\":\"\",\"label\":\"Prefix\",\"mandatory\":\"false\",\"order\":\"2\",\"max_length\":\"0\"}"},"startingNumber":"Number","startingNumber.$field_facets":{"SimpleMapFacet":"{\"uiTypeLabel\":\"Number\",\"read_only\":\"false\",\"hint\":\"\",\"uiType\":\"number\",\"default_value\":\"\",\"label\":\"Starting Number\",\"mandatory\":\"false\",\"order\":\"3\",\"max_length\":\"0\"}"},"fill":"String","fill.$field_facets":{"SimpleMapFacet":"{\"uiTypeLabel\":\"String\",\"read_only\":\"false\",\"hint\":\"\",\"uiType\":\"string\",\"default_value\":\"\",\"label\":\"Fill\",\"mandatory\":\"false\",\"order\":\"1\",\"max_length\":\"0\"}"},"suffix":"String","suffix.$field_facets":{"SimpleMapFacet":"{\"uiTypeLabel\":\"String\",\"read_only\":\"false\",\"hint\":\"\",\"uiType\":\"string\",\"default_value\":\"\",\"label\":\"Suffix\",\"mandatory\":\"false\",\"order\":\"4\",\"max_length\":\"0\"}"}},"FlowDesigner:FD4a5429ba1f850dd08b9dd276119838b4.$type_facets":{"SimpleMapFacet":"{\"sourceId\":\"\",\"default_value\":\"\",\"label\":\"Auto Number Format\",\"mandatory\":\"false\",\"uiUniqueId\":\"59934bab-4efb-4e8d-9450-efb87aa25cb0\",\"uiTypeLabel\":\"Object\",\"co_type_name\":\"FD4a5429ba1f850dd08b9dd276119838b4\",\"element_mapping_provider\":\"com.glide.flow_design.action.data.FlowDesignVariableMapper\",\"read_only\":\"false\",\"sourceUiUniqueId\":\"\",\"sourceType\":\"\",\"hint\":null,\"uiType\":\"object\",\"order\":\"6\",\"max_length\":\"65000\"}"}}</serialized_content>
        <sys_class_name>sys_complex_object</sys_class_name>
        <sys_created_by>akash.s</sys_created_by>
        <sys_created_on>2022-01-18 09:07:34</sys_created_on>
        <sys_domain>global</sys_domain>
        <sys_domain_path>/</sys_domain_path>
        <sys_id>0e5429ba47850dd0bd95a144846d43b4</sys_id>
        <sys_mod_count>0</sys_mod_count>
        <sys_name>FD4a5429ba1f850dd08b9dd276119838b4</sys_name>
        <sys_overrides/>
        <sys_package display_value="Smartsheet Spoke" source="sn_smrtsheet_spoke">f719677374021010fa9bb5ebcba7e550</sys_package>
        <sys_policy/>
        <sys_scope display_value="Smartsheet Spoke">f719677374021010fa9bb5ebcba7e550</sys_scope>
        <sys_update_name>sys_complex_object_0e5429ba47850dd0bd95a144846d43b4</sys_update_name>
        <sys_updated_by>akash.s</sys_updated_by>
        <sys_updated_on>2022-01-18 09:07:34</sys_updated_on>
        <type>complex_object_schema</type>
    </sys_complex_object>
</record_update>
