<?xml version="1.0" encoding="UTF-8"?><record_update sys_domain="global" table="sys_complex_object">
    <sys_complex_object action="INSERT_OR_UPDATE">
        <label/>
        <name>FD5d7b69ace109cd902b5a75a07509da89</name>
        <namespace>FlowDesigner</namespace>
        <scope_name>f719677374021010fa9bb5ebcba7e550</scope_name>
        <serialized_content>{"FlowDesigner:FD5d7b69ace109cd902b5a75a07509da89":{"$COCollectionField":[{"Group_Member":{"email":"String","email.$field_facets":{"SimpleMapFacet":"{\"uiTypeLabel\":\"String\",\"read_only\":\"false\",\"hint\":\"\",\"uiType\":\"string\",\"default_value\":\"\",\"label\":\"Email\",\"mandatory\":\"false\",\"order\":\"1\",\"max_length\":\"0\"}"}}}],"$COCollectionField.$type_facets":{"SimpleMapFacet":"{\"sourceId\":\"\",\"default_value\":\"\",\"child_hint\":\"\",\"child_maxsize\":\"\",\"label\":\"Group Member\",\"mandatory\":\"false\",\"child_name\":\"Group_Member\",\"uiUniqueId\":\"aafb15de-5d8a-40a4-8f33-258d9bbe048a\",\"uiTypeLabel\":\"Array.Object\",\"co_type_name\":\"FD5d7b69ace109cd902b5a75a07509da89\",\"child_label\":\"Group Member\",\"child_type_label\":\"Object\",\"element_mapping_provider\":\"com.glide.flow_design.action.data.FlowDesignVariableMapper\",\"read_only\":\"false\",\"sourceUiUniqueId\":\"\",\"sourceType\":\"\",\"hint\":null,\"uiType\":\"array.object\",\"child_defaultValue\":\"\",\"child_type\":\"object\",\"order\":\"3\",\"max_length\":\"65000\",\"child_uiUniqueId\":\"e8ac4a9f-fead-4cd5-8187-0f33dbb0b61d\"}"},"$COCollectionField.$field_facets":{"SimpleMapFacet":"{\"up-shift-collection-level\":\"true\"}"}},"FlowDesigner:FD5d7b69ace109cd902b5a75a07509da89.$type_facets":{"SimpleMapFacet":"{\"sourceId\":\"\",\"default_value\":\"\",\"child_hint\":\"\",\"child_maxsize\":\"\",\"label\":\"Group Member\",\"mandatory\":\"false\",\"child_name\":\"Group_Member\",\"uiUniqueId\":\"aafb15de-5d8a-40a4-8f33-258d9bbe048a\",\"uiTypeLabel\":\"Array.Object\",\"co_type_name\":\"FD5d7b69ace109cd902b5a75a07509da89\",\"child_label\":\"Group Member\",\"child_type_label\":\"Object\",\"element_mapping_provider\":\"com.glide.flow_design.action.data.FlowDesignVariableMapper\",\"read_only\":\"false\",\"sourceUiUniqueId\":\"\",\"sourceType\":\"\",\"hint\":null,\"uiType\":\"array.object\",\"child_defaultValue\":\"\",\"child_type\":\"object\",\"order\":\"3\",\"max_length\":\"65000\",\"child_uiUniqueId\":\"e8ac4a9f-fead-4cd5-8187-0f33dbb0b61d\"}"}}</serialized_content>
        <sys_class_name>sys_complex_object</sys_class_name>
        <sys_created_by>akash.s</sys_created_by>
        <sys_created_on>2022-01-11 09:52:18</sys_created_on>
        <sys_domain>global</sys_domain>
        <sys_domain_path>/</sys_domain_path>
        <sys_id>117b69ac4709cd90bd95a144846d438a</sys_id>
        <sys_mod_count>0</sys_mod_count>
        <sys_name>FD5d7b69ace109cd902b5a75a07509da89</sys_name>
        <sys_overrides/>
        <sys_package display_value="Smartsheet Spoke" source="sn_smrtsheet_spoke">f719677374021010fa9bb5ebcba7e550</sys_package>
        <sys_policy/>
        <sys_scope display_value="Smartsheet Spoke">f719677374021010fa9bb5ebcba7e550</sys_scope>
        <sys_update_name>sys_complex_object_117b69ac4709cd90bd95a144846d438a</sys_update_name>
        <sys_updated_by>akash.s</sys_updated_by>
        <sys_updated_on>2022-01-11 09:52:18</sys_updated_on>
        <type>complex_object_collection</type>
    </sys_complex_object>
</record_update>
