<?xml version="1.0" encoding="UTF-8"?><record_update sys_domain="global" table="sys_complex_object">
    <sys_complex_object action="INSERT_OR_UPDATE">
        <label/>
        <name>FD47a4f8f25e3509102b36b88654e8962a</name>
        <namespace>FlowDesigner</namespace>
        <scope_name>f719677374021010fa9bb5ebcba7e550</scope_name>
        <serialized_content>{"FlowDesigner:FD47a4f8f25e3509102b36b88654e8962a":{"createdAt":"String","createdAt.$field_facets":{"SimpleMapFacet":"{\"uiTypeLabel\":\"String\",\"read_only\":\"false\",\"hint\":\"\",\"uiType\":\"string\",\"default_value\":\"\",\"label\":\"Created At\",\"mandatory\":\"false\",\"order\":\"5\",\"max_length\":\"0\"}"},"accessLevel":"String","accessLevel.$field_facets":{"SimpleMapFacet":"{\"uiTypeLabel\":\"String\",\"read_only\":\"false\",\"hint\":\"\",\"uiType\":\"string\",\"default_value\":\"\",\"label\":\"Access Level\",\"mandatory\":\"false\",\"order\":\"3\",\"max_length\":\"0\"}"},"modifiedAt":"String","modifiedAt.$field_facets":{"SimpleMapFacet":"{\"uiTypeLabel\":\"String\",\"read_only\":\"false\",\"hint\":\"\",\"uiType\":\"string\",\"default_value\":\"\",\"label\":\"Modified At\",\"mandatory\":\"false\",\"order\":\"6\",\"max_length\":\"0\"}"},"name":"String","name.$field_facets":{"SimpleMapFacet":"{\"uiTypeLabel\":\"String\",\"read_only\":\"false\",\"hint\":\"\",\"uiType\":\"string\",\"default_value\":\"\",\"label\":\"Name\",\"mandatory\":\"false\",\"order\":\"2\",\"max_length\":\"0\"}"},"id":"Number","id.$field_facets":{"SimpleMapFacet":"{\"uiTypeLabel\":\"Number\",\"read_only\":\"false\",\"hint\":\"\",\"uiType\":\"number\",\"default_value\":\"\",\"label\":\"Id\",\"mandatory\":\"false\",\"order\":\"1\",\"max_length\":\"0\"}"},"permalink":"String","permalink.$field_facets":{"SimpleMapFacet":"{\"uiTypeLabel\":\"String\",\"read_only\":\"false\",\"hint\":\"\",\"uiType\":\"string\",\"default_value\":\"\",\"label\":\"Permalink\",\"mandatory\":\"false\",\"order\":\"4\",\"max_length\":\"0\"}"}},"FlowDesigner:FD47a4f8f25e3509102b36b88654e8962a.$type_facets":{"SimpleMapFacet":"{\"sourceId\":\"\",\"default_value\":\"\",\"label\":\"Sheet Details\",\"mandatory\":\"false\",\"uiUniqueId\":\"683cd2e8-9e72-4b7d-b804-9bf36b073b3c\",\"uiTypeLabel\":\"Object\",\"co_type_name\":\"FD47a4f8f25e3509102b36b88654e8962a\",\"element_mapping_provider\":\"com.glide.flow_design.action.data.FlowDesignVariableMapper\",\"read_only\":\"false\",\"sourceUiUniqueId\":\"\",\"sourceType\":\"\",\"hint\":null,\"uiType\":\"object\",\"order\":\"1\",\"max_length\":\"65000\"}"}}</serialized_content>
        <sys_class_name>sys_complex_object</sys_class_name>
        <sys_created_by>akash.sri</sys_created_by>
        <sys_created_on>2022-02-24 12:26:22</sys_created_on>
        <sys_domain>global</sys_domain>
        <sys_domain_path>/</sys_domain_path>
        <sys_id>0ba4f8f2973509108ac03f0e6253af2a</sys_id>
        <sys_mod_count>0</sys_mod_count>
        <sys_name>FD47a4f8f25e3509102b36b88654e8962a</sys_name>
        <sys_overrides/>
        <sys_package display_value="Smartsheet Spoke" source="sn_smrtsheet_spoke">f719677374021010fa9bb5ebcba7e550</sys_package>
        <sys_policy/>
        <sys_scope display_value="Smartsheet Spoke">f719677374021010fa9bb5ebcba7e550</sys_scope>
        <sys_update_name>sys_complex_object_0ba4f8f2973509108ac03f0e6253af2a</sys_update_name>
        <sys_updated_by>akash.sri</sys_updated_by>
        <sys_updated_on>2022-02-24 12:26:22</sys_updated_on>
        <type>complex_object_schema</type>
    </sys_complex_object>
</record_update>
