<?xml version="1.0" encoding="UTF-8"?><record_update sys_domain="global" table="sys_complex_object">
    <sys_complex_object action="INSERT_OR_UPDATE">
        <label/>
        <name>FD5cf7a12fcd54d510314d0205ef0136ca</name>
        <namespace>FlowDesigner</namespace>
        <scope_name>f719677374021010fa9bb5ebcba7e550</scope_name>
        <serialized_content>{"FlowDesigner:FD5cf7a12fcd54d510314d0205ef0136ca":{"$COCollectionField":["String"],"$COCollectionField.$field_facets":{"SimpleMapFacet":"{\"up-shift-collection-level\":\"true\"}"}},"FlowDesigner:FD5cf7a12fcd54d510314d0205ef0136ca.$type_facets":{"SimpleMapFacet":"{\"sourceId\":\"\",\"default_value\":\"\",\"child_hint\":\"\",\"child_maxsize\":\"\",\"label\":\"Emails\",\"mandatory\":\"false\",\"child_name\":\"email\",\"uiUniqueId\":\"ae5186e7-8ac3-45fe-b0e4-3a5261b55b04\",\"uiTypeLabel\":\"Array.String\",\"co_type_name\":\"FD5cf7a12fcd54d510314d0205ef0136ca\",\"child_label\":\"Email\",\"child_type_label\":\"String\",\"element_mapping_provider\":\"com.glide.flow_design.action.data.FlowDesignVariableMapper\",\"read_only\":\"false\",\"sourceUiUniqueId\":\"\",\"sourceType\":\"\",\"hint\":null,\"uiType\":\"array.string\",\"child_defaultValue\":\"\",\"child_type\":\"string\",\"order\":\"2\",\"max_length\":\"65000\",\"child_uiUniqueId\":\"3bea9eb9-9140-4891-8821-fe72c288d995\"}"}}</serialized_content>
        <sys_class_name>sys_complex_object</sys_class_name>
        <sys_created_by>akash.s</sys_created_by>
        <sys_created_on>2022-07-01 06:42:47</sys_created_on>
        <sys_domain>global</sys_domain>
        <sys_domain_path>/</sys_domain_path>
        <sys_id>10f7a12f8754d5103bdd4226dabb35cb</sys_id>
        <sys_name>FD5cf7a12fcd54d510314d0205ef0136ca</sys_name>
        <sys_overrides/>
        <sys_package display_value="Smartsheet Spoke" source="sn_smrtsheet_spoke">f719677374021010fa9bb5ebcba7e550</sys_package>
        <sys_policy/>
        <sys_scope display_value="Smartsheet Spoke">f719677374021010fa9bb5ebcba7e550</sys_scope>
        <sys_update_name>sys_complex_object_10f7a12f8754d5103bdd4226dabb35cb</sys_update_name>
        <type>complex_object_collection</type>
    </sys_complex_object>
</record_update>
