<?xml version="1.0" encoding="UTF-8"?><record_update sys_domain="global" table="sys_complex_object">
    <sys_complex_object action="INSERT_OR_UPDATE">
        <label/>
        <name>FD4a9cab008c39c1102a3e11ba0baefffa</name>
        <namespace>FlowDesigner</namespace>
        <scope_name>f719677374021010fa9bb5ebcba7e550</scope_name>
        <serialized_content>{"FlowDesigner:FD4a9cab008c39c1102a3e11ba0baefffa":{"title":"String","title.$field_facets":{"SimpleMapFacet":"{\"uiTypeLabel\":\"String\",\"read_only\":\"false\",\"hint\":\"\",\"uiType\":\"string\",\"mapped\":\"{\\\"title\\\":\\\"{{step[07bd4510-5d67-4110-bfde-b3d2527c74de].column_details.title}}\\\"}\",\"default_value\":\"\",\"label\":\"Title\",\"mandatory\":\"false\",\"order\":\"1\",\"max_length\":\"0\"}"},"type":"String","type.$field_facets":{"SimpleMapFacet":"{\"uiTypeLabel\":\"String\",\"read_only\":\"false\",\"hint\":\"\",\"uiType\":\"string\",\"mapped\":\"{\\\"type\\\":\\\"{{step[07bd4510-5d67-4110-bfde-b3d2527c74de].column_details.type}}\\\"}\",\"default_value\":\"\",\"label\":\"Type\",\"mandatory\":\"false\",\"order\":\"2\",\"max_length\":\"0\"}"},"primary":"String","primary.$field_facets":{"SimpleMapFacet":"{\"uiTypeLabel\":\"String\",\"read_only\":\"false\",\"hint\":\"\",\"uiType\":\"string\",\"mapped\":\"{\\\"primary\\\":\\\"{{step[07bd4510-5d67-4110-bfde-b3d2527c74de].column_details.primary}}\\\"}\",\"default_value\":\"\",\"label\":\"Primary\",\"mandatory\":\"false\",\"order\":\"3\",\"max_length\":\"0\"}"}},"FlowDesigner:FD4a9cab008c39c1102a3e11ba0baefffa.$type_facets":{"SimpleMapFacet":"{\"sourceId\":\"\",\"default_value\":\"\",\"label\":\"Column Details\",\"mandatory\":\"false\",\"uiUniqueId\":\"ede6e504-48c4-452f-944e-b8006c37e67c\",\"uiTypeLabel\":\"Object\",\"co_type_name\":\"FD4a9cab008c39c1102a3e11ba0baefffa\",\"element_mapping_provider\":\"com.glide.flow_design.action.data.FlowDesignVariableMapper\",\"read_only\":\"false\",\"sourceUiUniqueId\":\"\",\"sourceType\":\"\",\"hint\":null,\"uiType\":\"object\",\"order\":\"6\",\"max_length\":\"65000\"}"}}</serialized_content>
        <sys_class_name>sys_complex_object</sys_class_name>
        <sys_created_by>akash.sri</sys_created_by>
        <sys_created_on>2022-02-16 12:46:39</sys_created_on>
        <sys_domain>global</sys_domain>
        <sys_domain_path>/</sys_domain_path>
        <sys_id>0e9cab008739c110740c99783cbb35fa</sys_id>
        <sys_mod_count>0</sys_mod_count>
        <sys_name>FD4a9cab008c39c1102a3e11ba0baefffa</sys_name>
        <sys_overrides/>
        <sys_package display_value="Smartsheet Spoke" source="sn_smrtsheet_spoke">f719677374021010fa9bb5ebcba7e550</sys_package>
        <sys_policy/>
        <sys_scope display_value="Smartsheet Spoke">f719677374021010fa9bb5ebcba7e550</sys_scope>
        <sys_update_name>sys_complex_object_0e9cab008739c110740c99783cbb35fa</sys_update_name>
        <sys_updated_by>akash.sri</sys_updated_by>
        <sys_updated_on>2022-02-16 12:46:39</sys_updated_on>
        <type>complex_object_schema</type>
    </sys_complex_object>
</record_update>
