<?xml version="1.0" encoding="UTF-8"?><record_update sys_domain="global" table="sys_complex_object">
    <sys_complex_object action="INSERT_OR_UPDATE">
        <label/>
        <name>FD470b7e786c4941d01c158acce3ff0328</name>
        <namespace>FlowDesigner</namespace>
        <scope_name>f719677374021010fa9bb5ebcba7e550</scope_name>
        <serialized_content>{"FlowDesigner:FD470b7e786c4941d01c158acce3ff0328":{"$COCollectionField":[{"member":{"email":"String","email.$field_facets":{"SimpleMapFacet":"{\"uiTypeLabel\":\"String\",\"read_only\":\"false\",\"hint\":\"\",\"uiType\":\"string\",\"default_value\":\"\",\"label\":\"Email\",\"mandatory\":\"false\",\"order\":\"1\",\"max_length\":\"0\"}"}}}],"$COCollectionField.$type_facets":{"SimpleMapFacet":"{\"sourceId\":\"\",\"default_value\":\"\",\"child_hint\":\"\",\"child_maxsize\":\"\",\"label\":\"Members\",\"mandatory\":\"false\",\"child_name\":\"member\",\"uiUniqueId\":\"efb17d5e-c22c-498b-a037-f6cd3f7d2a90\",\"uiTypeLabel\":\"Array.Object\",\"co_type_name\":\"FD470b7e786c4941d01c158acce3ff0328\",\"child_label\":\"Member\",\"child_type_label\":\"Object\",\"element_mapping_provider\":\"com.glide.flow_design.action.data.FlowDesignVariableMapper\",\"read_only\":\"false\",\"sourceUiUniqueId\":\"\",\"sourceType\":\"\",\"hint\":null,\"uiType\":\"array.object\",\"child_defaultValue\":\"\",\"child_type\":\"object\",\"order\":\"3\",\"max_length\":\"65000\",\"child_uiUniqueId\":\"3618da3b-5059-4ad7-bb24-7b916a46a533\"}"},"$COCollectionField.$field_facets":{"SimpleMapFacet":"{\"up-shift-collection-level\":\"true\"}"}},"FlowDesigner:FD470b7e786c4941d01c158acce3ff0328.$type_facets":{"SimpleMapFacet":"{\"sourceId\":\"\",\"default_value\":\"\",\"child_hint\":\"\",\"child_maxsize\":\"\",\"label\":\"Members\",\"mandatory\":\"false\",\"child_name\":\"member\",\"uiUniqueId\":\"efb17d5e-c22c-498b-a037-f6cd3f7d2a90\",\"uiTypeLabel\":\"Array.Object\",\"co_type_name\":\"FD470b7e786c4941d01c158acce3ff0328\",\"child_label\":\"Member\",\"child_type_label\":\"Object\",\"element_mapping_provider\":\"com.glide.flow_design.action.data.FlowDesignVariableMapper\",\"read_only\":\"false\",\"sourceUiUniqueId\":\"\",\"sourceType\":\"\",\"hint\":null,\"uiType\":\"array.object\",\"child_defaultValue\":\"\",\"child_type\":\"object\",\"order\":\"3\",\"max_length\":\"65000\",\"child_uiUniqueId\":\"3618da3b-5059-4ad7-bb24-7b916a46a533\"}"}}</serialized_content>
        <sys_class_name>sys_complex_object</sys_class_name>
        <sys_created_by>akash.s</sys_created_by>
        <sys_created_on>2022-01-12 10:18:32</sys_created_on>
        <sys_domain>global</sys_domain>
        <sys_domain_path>/</sys_domain_path>
        <sys_id>0b0b7e78474941d0bd95a144846d4328</sys_id>
        <sys_mod_count>0</sys_mod_count>
        <sys_name>FD470b7e786c4941d01c158acce3ff0328</sys_name>
        <sys_overrides/>
        <sys_package display_value="Smartsheet Spoke" source="sn_smrtsheet_spoke">f719677374021010fa9bb5ebcba7e550</sys_package>
        <sys_policy/>
        <sys_scope display_value="Smartsheet Spoke">f719677374021010fa9bb5ebcba7e550</sys_scope>
        <sys_update_name>sys_complex_object_0b0b7e78474941d0bd95a144846d4328</sys_update_name>
        <sys_updated_by>akash.s</sys_updated_by>
        <sys_updated_on>2022-01-12 10:18:32</sys_updated_on>
        <type>complex_object_collection</type>
    </sys_complex_object>
</record_update>
