<?xml version="1.0" encoding="UTF-8"?><record_update sys_domain="global" table="sys_complex_object">
    <sys_complex_object action="INSERT_OR_UPDATE">
        <label/>
        <name>FD459dbdfb1f9f0d10d02b410580b7777d</name>
        <namespace>FlowDesigner</namespace>
        <scope_name>f719677374021010fa9bb5ebcba7e550</scope_name>
        <serialized_content>{"FlowDesigner:FD459dbdfb1f9f0d10d02b410580b7777d":{"$COCollectionField":["String"],"$COCollectionField.$field_facets":{"SimpleMapFacet":"{\"up-shift-collection-level\":\"true\"}"}},"FlowDesigner:FD459dbdfb1f9f0d10d02b410580b7777d.$type_facets":{"SimpleMapFacet":"{\"sourceId\":\"\",\"default_value\":\"\",\"child_hint\":\"\",\"child_maxsize\":\"\",\"label\":\"Row IDs\",\"mandatory\":\"true\",\"child_name\":\"Ids\",\"uiUniqueId\":\"8b86cfe9-8d20-48bb-b793-19a8e34d067f\",\"uiTypeLabel\":\"Array.String\",\"co_type_name\":\"FD459dbdfb1f9f0d10d02b410580b7777d\",\"child_label\":\"ID\",\"child_type_label\":\"String\",\"element_mapping_provider\":\"com.glide.flow_design.action.data.FlowDesignVariableMapper\",\"read_only\":\"false\",\"sourceUiUniqueId\":\"\",\"sourceType\":\"\",\"hint\":null,\"uiType\":\"array.string\",\"child_defaultValue\":\"\",\"child_type\":\"string\",\"order\":\"2\",\"max_length\":\"65000\",\"child_uiUniqueId\":\"52d80adb-3157-4dce-b5e3-e6d277f71fbf\"}"}}</serialized_content>
        <sys_class_name>sys_complex_object</sys_class_name>
        <sys_created_by>akash.s</sys_created_by>
        <sys_created_on>2022-05-13 09:53:00</sys_created_on>
        <sys_domain>global</sys_domain>
        <sys_domain_path>/</sys_domain_path>
        <sys_id>099dbdfb879f0d103bdd4226dabb357d</sys_id>
        <sys_mod_count>0</sys_mod_count>
        <sys_name>FD459dbdfb1f9f0d10d02b410580b7777d</sys_name>
        <sys_overrides/>
        <sys_package display_value="Smartsheet Spoke" source="sn_smrtsheet_spoke">f719677374021010fa9bb5ebcba7e550</sys_package>
        <sys_policy/>
        <sys_scope display_value="Smartsheet Spoke">f719677374021010fa9bb5ebcba7e550</sys_scope>
        <sys_update_name>sys_complex_object_099dbdfb879f0d103bdd4226dabb357d</sys_update_name>
        <sys_updated_by>akash.s</sys_updated_by>
        <sys_updated_on>2022-05-13 09:53:00</sys_updated_on>
        <type>complex_object_collection</type>
    </sys_complex_object>
</record_update>
