<?xml version="1.0" encoding="UTF-8"?><record_update sys_domain="global" table="sys_complex_object">
    <sys_complex_object action="INSERT_OR_UPDATE">
        <label/>
        <name>FD79bd5c3e4c9e4510629510f5e391eba5</name>
        <namespace>FlowDesigner</namespace>
        <scope_name>f719677374021010fa9bb5ebcba7e550</scope_name>
        <serialized_content>{"FlowDesigner:FD79bd5c3e4c9e4510629510f5e391eba5":{"createdAt":"Date","createdAt.$field_facets":{"SimpleMapFacet":"{\"uiTypeLabel\":\"Date/Time\",\"read_only\":\"false\",\"hint\":\"\",\"uiType\":\"glide_date_time\",\"default_value\":\"\",\"label\":\"Created At\",\"mandatory\":\"false\",\"order\":\"8\",\"max_length\":\"0\",\"uiUniqueId\":\"561939f7-fcdc-407b-ae7a-9a01560c9a56\"}"},"attachmentType":"String","attachmentType.$field_facets":{"SimpleMapFacet":"{\"uiTypeLabel\":\"String\",\"read_only\":\"false\",\"hint\":\"\",\"uiType\":\"string\",\"default_value\":\"\",\"label\":\"Attachment Type\",\"mandatory\":\"false\",\"order\":\"5\",\"max_length\":\"0\",\"uiUniqueId\":\"683eb931-6e60-40b2-abef-0f4d77e078a1\"}"},"createdBy":{"name":"String","name.$field_facets":{"SimpleMapFacet":"{\"uiTypeLabel\":\"String\",\"read_only\":\"false\",\"hint\":\"\",\"uiType\":\"string\",\"default_value\":\"\",\"label\":\"Name\",\"mandatory\":\"false\",\"order\":\"1\",\"max_length\":\"0\",\"uiUniqueId\":\"191a1f33-f230-49fe-b2bd-f1ed84e30792\"}"},"email":"String","email.$field_facets":{"SimpleMapFacet":"{\"uiTypeLabel\":\"String\",\"read_only\":\"false\",\"hint\":\"\",\"uiType\":\"string\",\"default_value\":\"\",\"label\":\"Email\",\"mandatory\":\"false\",\"order\":\"2\",\"max_length\":\"0\",\"uiUniqueId\":\"401c0221-33f2-4068-b748-af931118dd32\"}"}},"createdBy.$field_facets":{"SimpleMapFacet":"{\"uiTypeLabel\":\"Object\",\"read_only\":\"false\",\"hint\":\"\",\"uiType\":\"object\",\"default_value\":\"\",\"label\":\"Created By\",\"mandatory\":\"false\",\"order\":\"9\",\"max_length\":\"0\",\"uiUniqueId\":\"f3ac836c-0ca8-4f25-a0ea-fa3f3cc1f546\"}"},"name":"String","name.$field_facets":{"SimpleMapFacet":"{\"uiTypeLabel\":\"String\",\"read_only\":\"false\",\"hint\":\"\",\"uiType\":\"string\",\"default_value\":\"\",\"label\":\"Name\",\"mandatory\":\"false\",\"order\":\"2\",\"max_length\":\"0\",\"uiUniqueId\":\"8a1fb368-4a7a-44e9-9146-dc2488b409b6\"}"},"description":"String","description.$field_facets":{"SimpleMapFacet":"{\"uiTypeLabel\":\"String\",\"read_only\":\"false\",\"hint\":\"\",\"uiType\":\"string\",\"default_value\":\"\",\"label\":\"Description\",\"mandatory\":\"false\",\"order\":\"3\",\"max_length\":\"0\",\"uiUniqueId\":\"0de100aa-5bcd-4d8b-9029-16c0f8d2bd24\"}"},"Id":"Number","Id.$field_facets":{"SimpleMapFacet":"{\"uiTypeLabel\":\"Number\",\"read_only\":\"false\",\"hint\":\"\",\"uiType\":\"number\",\"default_value\":\"\",\"label\":\"ID\",\"mandatory\":\"false\",\"order\":\"1\",\"max_length\":\"0\",\"uiUniqueId\":\"67251094-d170-48fd-8b05-6e0cb77fa0f1\"}"},"parentId":"Number","parentId.$field_facets":{"SimpleMapFacet":"{\"uiTypeLabel\":\"Number\",\"read_only\":\"false\",\"hint\":\"\",\"uiType\":\"number\",\"default_value\":\"\",\"label\":\"Parent ID\",\"mandatory\":\"false\",\"order\":\"7\",\"max_length\":\"0\",\"uiUniqueId\":\"62be764d-d87d-4cef-b4eb-e9001c7da245\"}"},"parentType":"String","parentType.$field_facets":{"SimpleMapFacet":"{\"uiTypeLabel\":\"String\",\"read_only\":\"false\",\"hint\":\"\",\"uiType\":\"string\",\"default_value\":\"\",\"label\":\"Parent Type\",\"mandatory\":\"false\",\"order\":\"6\",\"max_length\":\"0\",\"uiUniqueId\":\"6852b1f0-b308-47e3-9a9a-f60014cf93b6\"}"},"url":"String","url.$field_facets":{"SimpleMapFacet":"{\"uiTypeLabel\":\"String\",\"read_only\":\"false\",\"hint\":\"\",\"uiType\":\"string\",\"default_value\":\"\",\"label\":\"URL\",\"mandatory\":\"false\",\"order\":\"4\",\"max_length\":\"0\",\"uiUniqueId\":\"4350f042-ddaf-472e-8bcd-9ff725a0ec48\"}"}},"FlowDesigner:FD79bd5c3e4c9e4510629510f5e391eba5.$type_facets":{"SimpleMapFacet":"{\"sourceId\":\"\",\"default_value\":\"\",\"label\":\"Details\",\"mandatory\":\"false\",\"uiUniqueId\":\"81f68b57-5c53-4ecf-ab2a-4199d6e533de\",\"uiTypeLabel\":\"Object\",\"co_type_name\":\"FD79bd5c3e4c9e4510629510f5e391eba5\",\"element_mapping_provider\":\"com.glide.flow_design.action.data.FlowDesignVariableMapper\",\"read_only\":\"false\",\"sourceUiUniqueId\":\"\",\"sourceType\":\"\",\"hint\":null,\"uiType\":\"object\",\"order\":\"3\",\"max_length\":\"65000\"}"}}</serialized_content>
        <sys_class_name>sys_complex_object</sys_class_name>
        <sys_created_by>akash</sys_created_by>
        <sys_created_on>2022-03-21 07:17:28</sys_created_on>
        <sys_domain>global</sys_domain>
        <sys_domain_path>/</sys_domain_path>
        <sys_id>0ebd5c3e879e45104cbb42e5dabb35a5</sys_id>
        <sys_mod_count>0</sys_mod_count>
        <sys_name>FD79bd5c3e4c9e4510629510f5e391eba5</sys_name>
        <sys_overrides/>
        <sys_package display_value="Smartsheet Spoke" source="sn_smrtsheet_spoke">f719677374021010fa9bb5ebcba7e550</sys_package>
        <sys_policy/>
        <sys_scope display_value="Smartsheet Spoke">f719677374021010fa9bb5ebcba7e550</sys_scope>
        <sys_update_name>sys_complex_object_0ebd5c3e879e45104cbb42e5dabb35a5</sys_update_name>
        <sys_updated_by>akash</sys_updated_by>
        <sys_updated_on>2022-03-21 07:17:28</sys_updated_on>
        <type>complex_object_schema</type>
    </sys_complex_object>
</record_update>
