<?xml version="1.0" encoding="UTF-8"?><record_update sys_domain="global" table="sys_complex_object">
    <sys_complex_object action="INSERT_OR_UPDATE">
        <label/>
        <name>FD4aba15d2dcf881903ca5487eb7e63b36</name>
        <namespace>FlowDesigner</namespace>
        <scope_name>f719677374021010fa9bb5ebcba7e550</scope_name>
        <serialized_content>{"FlowDesigner:FD4aba15d2dcf881903ca5487eb7e63b36":{"code":"Integer","code.$field_facets":{"SimpleMapFacet":"{\"uiTypeLabel\":\"Integer\",\"read_only\":\"false\",\"hint\":\"\",\"uiType\":\"integer\",\"default_value\":\"\",\"label\":\"Code\",\"action_error_output\":\"true\",\"mandatory\":\"false\",\"order\":\"1\",\"max_length\":\"40\"}"},"message":"String","message.$field_facets":{"SimpleMapFacet":"{\"uiTypeLabel\":\"String\",\"read_only\":\"false\",\"hint\":\"\",\"uiType\":\"string\",\"default_value\":\"\",\"label\":\"Message\",\"action_error_output\":\"true\",\"mandatory\":\"false\",\"order\":\"2\",\"max_length\":\"4000\"}"}},"FlowDesigner:FD4aba15d2dcf881903ca5487eb7e63b36.$type_facets":{"SimpleMapFacet":"{\"sourceId\":\"\",\"default_value\":\"\",\"label\":\"Action Status\",\"action_error_output\":\"true\",\"mandatory\":\"false\",\"uiUniqueId\":\"074efc4f-4c93-40a7-b5d2-be2afb6baec5\",\"uiTypeLabel\":\"Object\",\"co_type_name\":\"FD4aba15d2dcf881903ca5487eb7e63b36\",\"element_mapping_provider\":\"com.glide.flow_design.action.data.FlowDesignVariableMapper\",\"read_only\":\"false\",\"sourceUiUniqueId\":\"\",\"sourceType\":\"\",\"hint\":null,\"uiType\":\"object\",\"order\":\"1\",\"max_length\":\"65000\"}"}}</serialized_content>
        <sys_class_name>sys_complex_object</sys_class_name>
        <sys_created_by>akash.s</sys_created_by>
        <sys_created_on>2022-01-04 08:52:51</sys_created_on>
        <sys_domain>global</sys_domain>
        <sys_domain_path>/</sys_domain_path>
        <sys_id>0eba15d247f88190bd95a144846d4336</sys_id>
        <sys_mod_count>0</sys_mod_count>
        <sys_name>FD4aba15d2dcf881903ca5487eb7e63b36</sys_name>
        <sys_overrides/>
        <sys_package display_value="Smartsheet Spoke" source="sn_smrtsheet_spoke">f719677374021010fa9bb5ebcba7e550</sys_package>
        <sys_policy/>
        <sys_scope display_value="Smartsheet Spoke">f719677374021010fa9bb5ebcba7e550</sys_scope>
        <sys_update_name>sys_complex_object_0eba15d247f88190bd95a144846d4336</sys_update_name>
        <sys_updated_by>akash.s</sys_updated_by>
        <sys_updated_on>2022-01-04 08:52:51</sys_updated_on>
        <type>complex_object_schema</type>
    </sys_complex_object>
</record_update>
