<?xml version="1.0" encoding="UTF-8"?><record_update sys_domain="global" table="sys_app_application">
    <sys_app_application action="INSERT_OR_UPDATE">
        <active>true</active>
        <category display_value="Custom Applications">e0355b31ef303000a61d5a3615c0fb78</category>
        <description/>
        <device_type>browser</device_type>
        <hint/>
        <name/>
        <order>100</order>
        <roles>sn_smrtsheet_spoke.smartsheet_admin</roles>
        <sys_class_name>sys_app_application</sys_class_name>
        <sys_created_by>akash</sys_created_by>
        <sys_created_on>2022-04-26 11:46:39</sys_created_on>
        <sys_domain>global</sys_domain>
        <sys_domain_path>/</sys_domain_path>
        <sys_id>6764f2d2870b011044cc63173cbb35ed</sys_id>
        <sys_mod_count>0</sys_mod_count>
        <sys_name>SmartSheet</sys_name>
        <sys_overrides/>
        <sys_package display_value="Smartsheet Spoke" source="sn_smrtsheet_spoke">f719677374021010fa9bb5ebcba7e550</sys_package>
        <sys_policy/>
        <sys_scope display_value="Smartsheet Spoke">f719677374021010fa9bb5ebcba7e550</sys_scope>
        <sys_update_name>sys_app_application_6764f2d2870b011044cc63173cbb35ed</sys_update_name>
        <sys_updated_by>akash</sys_updated_by>
        <sys_updated_on>2022-04-26 11:46:39</sys_updated_on>
        <title>SmartSheet</title>
        <view_name/>
    </sys_app_application>
</record_update>
