<?xml version="1.0" encoding="UTF-8"?><record_update sys_domain="global" table="sys_complex_object">
    <sys_complex_object action="INSERT_OR_UPDATE">
        <label/>
        <name>FD49a8f2df745c95101b9bc875a72a3a8c</name>
        <namespace>FlowDesigner</namespace>
        <scope_name>f719677374021010fa9bb5ebcba7e550</scope_name>
        <serialized_content>{"FlowDesigner:FD49a8f2df745c95101b9bc875a72a3a8c":{"createdAt":"Date","createdAt.$field_facets":{"SimpleMapFacet":"{\"uiTypeLabel\":\"Date/Time\",\"read_only\":\"false\",\"hint\":\"\",\"uiType\":\"glide_date_time\",\"default_value\":\"\",\"label\":\"Created At\",\"mandatory\":\"false\",\"order\":\"7\",\"max_length\":\"0\",\"uiUniqueId\":\"bda297fc-ba5d-4306-aacd-7dbd1594ad6e\"}"},"cells":[{"$719_cells":{"displayValue":"String","displayValue.$field_facets":{"SimpleMapFacet":"{\"uiTypeLabel\":\"String\",\"read_only\":\"false\",\"hint\":\"\",\"uiType\":\"string\",\"default_value\":\"\",\"label\":\"Display Value\",\"mandatory\":\"false\",\"order\":\"3\",\"max_length\":\"0\",\"uiUniqueId\":\"7b6a427a-ec6b-4601-845d-7eefeed1fb03\"}"},"columnId":"String","columnId.$field_facets":{"SimpleMapFacet":"{\"uiTypeLabel\":\"String\",\"read_only\":\"false\",\"hint\":\"\",\"uiType\":\"string\",\"default_value\":\"\",\"label\":\"Column ID\",\"mandatory\":\"false\",\"order\":\"1\",\"max_length\":\"0\",\"uiUniqueId\":\"23998a43-92b0-48f3-9ddd-51cacef36f0b\"}"},"value":"String","value.$field_facets":{"SimpleMapFacet":"{\"uiTypeLabel\":\"String\",\"read_only\":\"false\",\"hint\":\"\",\"uiType\":\"string\",\"default_value\":\"\",\"label\":\"Value\",\"mandatory\":\"false\",\"order\":\"2\",\"max_length\":\"0\",\"uiUniqueId\":\"b30dad25-260b-4356-b377-a03852bb9b68\"}"}}}],"cells.$field_facets":{"SimpleMapFacet":"{\"default_value\":\"\",\"child_hint\":\"\",\"child_maxsize\":\"\",\"label\":\"Cells\",\"mandatory\":\"false\",\"child_name\":\"cell\",\"uiUniqueId\":\"ebd08b0b-0255-4335-9d5a-134c2e2861ae\",\"uiTypeLabel\":\"Array.Object\",\"child_label\":\"Cell\",\"child_type_label\":\"Object\",\"read_only\":\"false\",\"hint\":\"\",\"uiType\":\"array.object\",\"child_defaultValue\":\"\",\"child_type\":\"object\",\"order\":\"9\",\"max_length\":\"0\",\"child_uiUniqueId\":\"3e8238c5-09ca-456d-88dd-fb1a4004ded9\"}"},"Row_Number":"String","Row_Number.$field_facets":{"SimpleMapFacet":"{\"uiTypeLabel\":\"String\",\"read_only\":\"false\",\"hint\":\"\",\"uiType\":\"string\",\"default_value\":\"\",\"label\":\"Row Number\",\"mandatory\":\"false\",\"order\":\"1\",\"max_length\":\"0\",\"uiUniqueId\":\"fc3fd543-d497-4ca4-8d08-1b94b6ef3133\"}"},"Version":"String","Version.$field_facets":{"SimpleMapFacet":"{\"uiTypeLabel\":\"String\",\"read_only\":\"false\",\"hint\":\"\",\"uiType\":\"string\",\"default_value\":\"\",\"label\":\"Version\",\"mandatory\":\"false\",\"order\":\"2\",\"max_length\":\"0\",\"uiUniqueId\":\"93995ea3-5e90-40c2-97ba-1b03b22af5f6\"}"},"modifiedAt":"Date","modifiedAt.$field_facets":{"SimpleMapFacet":"{\"uiTypeLabel\":\"Date/Time\",\"read_only\":\"false\",\"hint\":\"\",\"uiType\":\"glide_date_time\",\"default_value\":\"\",\"label\":\"Modified At\",\"mandatory\":\"false\",\"order\":\"8\",\"max_length\":\"0\",\"uiUniqueId\":\"537a8d59-ce3d-42d7-8958-3ffce553ba15\"}"},"Access_Level":"String","Access_Level.$field_facets":{"SimpleMapFacet":"{\"uiTypeLabel\":\"String\",\"read_only\":\"false\",\"hint\":\"\",\"uiType\":\"string\",\"default_value\":\"\",\"label\":\"Access Level\",\"mandatory\":\"false\",\"order\":\"4\",\"max_length\":\"0\",\"uiUniqueId\":\"444d5a26-672a-4726-b39b-cecf9996c646\"}"},"sheetId":"String","sheetId.$field_facets":{"SimpleMapFacet":"{\"uiTypeLabel\":\"String\",\"read_only\":\"false\",\"hint\":\"\",\"uiType\":\"string\",\"default_value\":\"\",\"label\":\"Sheet ID\",\"mandatory\":\"false\",\"order\":\"6\",\"max_length\":\"0\",\"uiUniqueId\":\"6ccc7eb3-fea7-4d42-a1c6-35eb8648a0f0\"}"},"id":"String","id.$field_facets":{"SimpleMapFacet":"{\"uiTypeLabel\":\"String\",\"read_only\":\"false\",\"hint\":\"\",\"uiType\":\"string\",\"default_value\":\"\",\"label\":\"ID\",\"mandatory\":\"false\",\"order\":\"5\",\"max_length\":\"0\",\"uiUniqueId\":\"77f7b1fa-df31-487e-9ea6-f85fcc31895d\"}"},"Expanded":"String","Expanded.$field_facets":{"SimpleMapFacet":"{\"uiTypeLabel\":\"String\",\"read_only\":\"false\",\"hint\":\"\",\"uiType\":\"string\",\"default_value\":\"\",\"label\":\"Expanded\",\"mandatory\":\"false\",\"order\":\"3\",\"max_length\":\"0\",\"uiUniqueId\":\"b9d9264c-4a9d-416c-8231-71c2f46a64e4\"}"}},"FlowDesigner:FD49a8f2df745c95101b9bc875a72a3a8c.$type_facets":{"SimpleMapFacet":"{\"sourceId\":\"07bd4510-5d67-4110-bfde-b3d2527c74de\",\"default_value\":\"\",\"label\":\"Row Details\",\"mandatory\":\"false\",\"uiUniqueId\":\"829cb1b3-ae67-4e76-8db0-ea9aca58f982\",\"uiTypeLabel\":\"Object\",\"co_type_name\":\"FD49a8f2df745c95101b9bc875a72a3a8c\",\"element_mapping_provider\":\"com.glide.flow_design.action.data.FlowDesignVariableMapper\",\"read_only\":\"false\",\"sourceType\":\"step\",\"sourceUiUniqueId\":\"0ab996a4-77a3-4bd9-ba2f-cb43f9fa5890\",\"hint\":null,\"uiType\":\"object\",\"order\":\"3\",\"max_length\":\"65000\"}"}}</serialized_content>
        <sys_class_name>sys_complex_object</sys_class_name>
        <sys_created_by>akash.s</sys_created_by>
        <sys_created_on>2022-06-30 17:56:53</sys_created_on>
        <sys_domain>global</sys_domain>
        <sys_domain_path>/</sys_domain_path>
        <sys_id>0da8f2df875c95103bdd4226dabb358c</sys_id>
        <sys_name>FD49a8f2df745c95101b9bc875a72a3a8c</sys_name>
        <sys_overrides/>
        <sys_package display_value="Smartsheet Spoke" source="sn_smrtsheet_spoke">f719677374021010fa9bb5ebcba7e550</sys_package>
        <sys_policy/>
        <sys_scope display_value="Smartsheet Spoke">f719677374021010fa9bb5ebcba7e550</sys_scope>
        <sys_update_name>sys_complex_object_0da8f2df875c95103bdd4226dabb358c</sys_update_name>
        <type>complex_object_schema</type>
    </sys_complex_object>
</record_update>
