<?xml version="1.0" encoding="UTF-8"?><record_update sys_domain="global" table="sys_complex_object">
    <sys_complex_object action="INSERT_OR_UPDATE">
        <label/>
        <name>FD4cc3ed138095811065d01c45c77c4979</name>
        <namespace>FlowDesigner</namespace>
        <scope_name>f719677374021010fa9bb5ebcba7e550</scope_name>
        <serialized_content>{"FlowDesigner:FD4cc3ed138095811065d01c45c77c4979":{"user":[{"$386_user":{"name":"String","name.$field_facets":{"SimpleMapFacet":"{\"uiTypeLabel\":\"String\",\"read_only\":\"false\",\"hint\":\"\",\"uiType\":\"string\",\"default_value\":\"\",\"label\":\"name\",\"mandatory\":\"false\",\"order\":\"1\",\"max_length\":\"0\",\"uiUniqueId\":\"33752f9f-cb25-4439-805d-2834e85601bb\"}"}}}],"user.$field_facets":{"SimpleMapFacet":"{\"default_value\":\"\",\"child_hint\":\"\",\"child_maxsize\":\"\",\"label\":\"user\",\"mandatory\":\"false\",\"child_name\":\"users\",\"uiUniqueId\":\"5d8acbdf-8d8c-426b-9fed-16170ba2ec79\",\"uiTypeLabel\":\"Array.Object\",\"child_label\":\"users\",\"child_type_label\":\"Object\",\"read_only\":\"false\",\"hint\":\"\",\"uiType\":\"array.object\",\"child_defaultValue\":\"\",\"child_type\":\"object\",\"order\":\"1\",\"max_length\":\"0\",\"child_uiUniqueId\":\"6d59a653-143d-4884-a127-47b9d3811bae\"}"}},"FlowDesigner:FD4cc3ed138095811065d01c45c77c4979.$type_facets":{"SimpleMapFacet":"{\"sourceId\":\"07bd4510-5d67-4110-bfde-b3d2527c74de\",\"default_value\":\"\",\"label\":\"User Details\",\"mandatory\":\"false\",\"uiUniqueId\":\"1323cde9-76f2-44d7-95ff-f4f1072e7211\",\"uiTypeLabel\":\"Object\",\"co_type_name\":\"FD4cc3ed138095811065d01c45c77c4979\",\"element_mapping_provider\":\"com.glide.flow_design.action.data.FlowDesignVariableMapper\",\"read_only\":\"false\",\"sourceType\":\"step\",\"sourceUiUniqueId\":\"dcb502c2-ae6d-4fba-b87b-dfd237d2adb2\",\"hint\":null,\"uiType\":\"object\",\"order\":\"6\",\"max_length\":\"65000\"}"}}</serialized_content>
        <sys_class_name>sys_complex_object</sys_class_name>
        <sys_created_by>akash.s</sys_created_by>
        <sys_created_on>2022-02-01 08:37:37</sys_created_on>
        <sys_domain>global</sys_domain>
        <sys_domain_path>/</sys_domain_path>
        <sys_id>00c3ed13979581101ecb350e6253af7a</sys_id>
        <sys_mod_count>0</sys_mod_count>
        <sys_name>FD4cc3ed138095811065d01c45c77c4979</sys_name>
        <sys_overrides/>
        <sys_package display_value="Smartsheet Spoke" source="sn_smrtsheet_spoke">f719677374021010fa9bb5ebcba7e550</sys_package>
        <sys_policy/>
        <sys_scope display_value="Smartsheet Spoke">f719677374021010fa9bb5ebcba7e550</sys_scope>
        <sys_update_name>sys_complex_object_00c3ed13979581101ecb350e6253af7a</sys_update_name>
        <sys_updated_by>akash.s</sys_updated_by>
        <sys_updated_on>2022-02-01 08:37:37</sys_updated_on>
        <type>complex_object_schema</type>
    </sys_complex_object>
</record_update>
