<?xml version="1.0" encoding="UTF-8"?><record_update sys_domain="global" table="sys_complex_object">
    <sys_complex_object action="INSERT_OR_UPDATE">
        <label/>
        <name>FD4be85db671528510e35c182f608900c9</name>
        <namespace>FlowDesigner</namespace>
        <scope_name>f719677374021010fa9bb5ebcba7e550</scope_name>
        <serialized_content>{"FlowDesigner:FD4be85db671528510e35c182f608900c9":{"name":"String","name.$field_facets":{"SimpleMapFacet":"{\"uiTypeLabel\":\"String\",\"read_only\":\"false\",\"hint\":\"\",\"uiType\":\"string\",\"default_value\":\"\",\"label\":\"Name\",\"mandatory\":\"false\",\"order\":\"2\",\"max_length\":\"0\",\"uiUniqueId\":\"f954dc30-7400-4984-bf55-2ea42b486ef1\"}"},"id":"Number","id.$field_facets":{"SimpleMapFacet":"{\"uiTypeLabel\":\"Number\",\"read_only\":\"false\",\"hint\":\"\",\"uiType\":\"number\",\"default_value\":\"\",\"label\":\"ID\",\"mandatory\":\"false\",\"order\":\"1\",\"max_length\":\"0\",\"uiUniqueId\":\"67251094-d170-48fd-8b05-6e0cb77fa0f1\"}"},"permalink":"String","permalink.$field_facets":{"SimpleMapFacet":"{\"uiTypeLabel\":\"String\",\"read_only\":\"false\",\"hint\":\"\",\"uiType\":\"string\",\"default_value\":\"\",\"label\":\"Permalink\",\"mandatory\":\"false\",\"order\":\"3\",\"max_length\":\"0\",\"uiUniqueId\":\"fff1d8db-3d76-40b3-90dd-8227fd3c57f5\"}"}},"FlowDesigner:FD4be85db671528510e35c182f608900c9.$type_facets":{"SimpleMapFacet":"{\"sourceId\":\"07bd4510-5d67-4110-bfde-b3d2527c74de\",\"pwd2droppable\":\"true\",\"default_value\":\"\",\"label\":\"Details\",\"mandatory\":\"false\",\"uiUniqueId\":\"3304432d-4b53-4aa0-a09b-9c200e406243\",\"uiTypeLabel\":\"Object\",\"co_type_name\":\"FD4be85db671528510e35c182f608900c9\",\"element_mapping_provider\":\"com.glide.flow_design.action.data.FlowDesignVariableMapper\",\"read_only\":\"false\",\"sourceType\":\"step\",\"sourceUiUniqueId\":\"81f68b57-5c53-4ecf-ab2a-4199d6e533de\",\"hint\":null,\"uiType\":\"object\",\"order\":\"3\",\"max_length\":\"65000\"}"}}</serialized_content>
        <sys_class_name>sys_complex_object</sys_class_name>
        <sys_created_by>akash</sys_created_by>
        <sys_created_on>2022-03-21 11:36:09</sys_created_on>
        <sys_domain>global</sys_domain>
        <sys_domain_path>/</sys_domain_path>
        <sys_id>0fe85db6875285104cbb42e5dabb35c9</sys_id>
        <sys_mod_count>0</sys_mod_count>
        <sys_name>FD4be85db671528510e35c182f608900c9</sys_name>
        <sys_overrides/>
        <sys_package display_value="Smartsheet Spoke" source="sn_smrtsheet_spoke">f719677374021010fa9bb5ebcba7e550</sys_package>
        <sys_policy/>
        <sys_scope display_value="Smartsheet Spoke">f719677374021010fa9bb5ebcba7e550</sys_scope>
        <sys_update_name>sys_complex_object_0fe85db6875285104cbb42e5dabb35c9</sys_update_name>
        <sys_updated_by>akash</sys_updated_by>
        <sys_updated_on>2022-03-21 11:36:09</sys_updated_on>
        <type>complex_object_schema</type>
    </sys_complex_object>
</record_update>
