<?xml version="1.0" encoding="UTF-8"?><record_update sys_domain="global" table="sys_complex_object">
    <sys_complex_object action="INSERT_OR_UPDATE">
        <label/>
        <name>FD5fc2725bc45c9510ed0d6ec677791b82</name>
        <namespace>FlowDesigner</namespace>
        <scope_name>f719677374021010fa9bb5ebcba7e550</scope_name>
        <serialized_content>{"FlowDesigner:FD5fc2725bc45c9510ed0d6ec677791b82":{"modifiedAt":"Date","modifiedAt.$field_facets":{"SimpleMapFacet":"{\"uiTypeLabel\":\"Date/Time\",\"read_only\":\"false\",\"hint\":\"\",\"uiType\":\"glide_date_time\",\"default_value\":\"\",\"label\":\"Modified At\",\"mandatory\":\"false\",\"order\":\"14\",\"max_length\":\"0\"}"},"subscope":{"columnIds":["Any"],"columnIds.$field_facets":{"SimpleMapFacet":"{\"default_value\":\"\",\"child_hint\":\"\",\"child_maxsize\":\"\",\"label\":\"Column IDs\",\"mandatory\":\"false\",\"child_name\":\"columnid\",\"uiTypeLabel\":\"Array.String\",\"child_label\":\"Column ID\",\"child_type_label\":\"String\",\"read_only\":\"false\",\"hint\":\"\",\"uiType\":\"array.string\",\"child_defaultValue\":\"\",\"child_type\":\"string\",\"order\":\"1\",\"max_length\":\"0\",\"child_uiUniqueId\":\"53ad5060-6d94-4c42-b8c1-90f73cd36aec\"}"}},"subscope.$field_facets":{"SimpleMapFacet":"{\"uiTypeLabel\":\"Object\",\"read_only\":\"false\",\"hint\":\"\",\"uiType\":\"object\",\"default_value\":\"\",\"label\":\"Subscope\",\"mandatory\":\"false\",\"order\":\"5\",\"max_length\":\"0\"}"},"version":"String","version.$field_facets":{"SimpleMapFacet":"{\"uiTypeLabel\":\"String\",\"read_only\":\"false\",\"hint\":\"\",\"uiType\":\"string\",\"default_value\":\"\",\"label\":\"Version\",\"mandatory\":\"false\",\"order\":\"11\",\"max_length\":\"0\"}"},"enabled":"String","enabled.$field_facets":{"SimpleMapFacet":"{\"uiTypeLabel\":\"String\",\"read_only\":\"false\",\"hint\":\"\",\"uiType\":\"string\",\"default_value\":\"\",\"label\":\"Enabled\",\"mandatory\":\"false\",\"order\":\"9\",\"max_length\":\"0\"}"},"createdAt":"Date","createdAt.$field_facets":{"SimpleMapFacet":"{\"uiTypeLabel\":\"Date/Time\",\"read_only\":\"false\",\"hint\":\"\",\"uiType\":\"glide_date_time\",\"default_value\":\"\",\"label\":\"Created At\",\"mandatory\":\"false\",\"order\":\"13\",\"max_length\":\"0\"}"},"stats":{"lastCallbackAttemptRetryCount":"String","lastCallbackAttemptRetryCount.$field_facets":{"SimpleMapFacet":"{\"uiTypeLabel\":\"String\",\"read_only\":\"false\",\"hint\":\"\",\"uiType\":\"string\",\"default_value\":\"\",\"label\":\"Last Callback Attempt Retry Count\",\"mandatory\":\"false\",\"order\":\"1\",\"max_length\":\"0\"}"},"lastSuccessfulCallback":"Date","lastSuccessfulCallback.$field_facets":{"SimpleMapFacet":"{\"uiTypeLabel\":\"Date/Time\",\"read_only\":\"false\",\"hint\":\"\",\"uiType\":\"glide_date_time\",\"default_value\":\"\",\"label\":\"Last Successful Callback\",\"mandatory\":\"false\",\"order\":\"3\",\"max_length\":\"0\"}"},"lastCallbackAttempt":"Date","lastCallbackAttempt.$field_facets":{"SimpleMapFacet":"{\"uiTypeLabel\":\"Date/Time\",\"read_only\":\"false\",\"hint\":\"\",\"uiType\":\"glide_date_time\",\"default_value\":\"\",\"label\":\"Last Callback Attempt\",\"mandatory\":\"false\",\"order\":\"2\",\"max_length\":\"0\"}"}},"stats.$field_facets":{"SimpleMapFacet":"{\"uiTypeLabel\":\"Object\",\"read_only\":\"false\",\"hint\":\"\",\"uiType\":\"object\",\"default_value\":\"\",\"label\":\"Stats\",\"mandatory\":\"false\",\"order\":\"12\",\"max_length\":\"0\"}"},"scopeObjectId":"String","scopeObjectId.$field_facets":{"SimpleMapFacet":"{\"uiTypeLabel\":\"String\",\"read_only\":\"false\",\"hint\":\"\",\"uiType\":\"string\",\"default_value\":\"\",\"label\":\"Scope Object ID\",\"mandatory\":\"false\",\"order\":\"4\",\"max_length\":\"0\"}"},"scope":"String","scope.$field_facets":{"SimpleMapFacet":"{\"uiTypeLabel\":\"String\",\"read_only\":\"false\",\"hint\":\"\",\"uiType\":\"string\",\"default_value\":\"\",\"label\":\"Scope\",\"mandatory\":\"false\",\"order\":\"3\",\"max_length\":\"0\"}"},"name":"String","name.$field_facets":{"SimpleMapFacet":"{\"uiTypeLabel\":\"String\",\"read_only\":\"false\",\"hint\":\"\",\"uiType\":\"string\",\"default_value\":\"\",\"label\":\"Name\",\"mandatory\":\"false\",\"order\":\"2\",\"max_length\":\"0\"}"},"callbackUrl":"String","callbackUrl.$field_facets":{"SimpleMapFacet":"{\"uiTypeLabel\":\"String\",\"read_only\":\"false\",\"hint\":\"\",\"uiType\":\"string\",\"default_value\":\"\",\"label\":\"Callback URL\",\"mandatory\":\"false\",\"order\":\"7\",\"max_length\":\"0\"}"},"id":"String","id.$field_facets":{"SimpleMapFacet":"{\"uiTypeLabel\":\"String\",\"read_only\":\"false\",\"hint\":\"\",\"uiType\":\"string\",\"default_value\":\"\",\"label\":\"ID\",\"mandatory\":\"false\",\"order\":\"1\",\"max_length\":\"0\"}"},"sharedSecret":"String","sharedSecret.$field_facets":{"SimpleMapFacet":"{\"uiTypeLabel\":\"String\",\"read_only\":\"false\",\"hint\":\"\",\"uiType\":\"string\",\"default_value\":\"\",\"label\":\"Shared Secret\",\"mandatory\":\"false\",\"order\":\"8\",\"max_length\":\"0\"}"},"events":["Any"],"events.$field_facets":{"SimpleMapFacet":"{\"default_value\":\"\",\"child_hint\":\"\",\"child_maxsize\":\"\",\"label\":\"Events\",\"mandatory\":\"false\",\"child_name\":\"event\",\"uiTypeLabel\":\"Array.String\",\"child_label\":\"Event\",\"child_type_label\":\"String\",\"read_only\":\"false\",\"hint\":\"\",\"uiType\":\"array.string\",\"child_defaultValue\":\"\",\"child_type\":\"string\",\"order\":\"6\",\"max_length\":\"0\",\"child_uiUniqueId\":\"0b3dc47d-1450-4ec5-8406-6c73411759e1\"}"},"status":"String","status.$field_facets":{"SimpleMapFacet":"{\"uiTypeLabel\":\"String\",\"read_only\":\"false\",\"hint\":\"\",\"uiType\":\"string\",\"default_value\":\"\",\"label\":\"Status\",\"mandatory\":\"false\",\"order\":\"10\",\"max_length\":\"0\"}"}},"FlowDesigner:FD5fc2725bc45c9510ed0d6ec677791b82.$type_facets":{"SimpleMapFacet":"{\"sourceId\":\"\",\"default_value\":\"\",\"label\":\"Details\",\"mandatory\":\"false\",\"uiUniqueId\":\"d9ade292-d3e2-4545-a749-2017f84cf85d\",\"uiTypeLabel\":\"Object\",\"co_type_name\":\"FD5fc2725bc45c9510ed0d6ec677791b82\",\"element_mapping_provider\":\"com.glide.flow_design.action.data.FlowDesignVariableMapper\",\"read_only\":\"false\",\"sourceUiUniqueId\":\"\",\"sourceType\":\"\",\"hint\":null,\"uiType\":\"object\",\"order\":\"12\",\"max_length\":\"65000\"}"}}</serialized_content>
        <sys_class_name>sys_complex_object</sys_class_name>
        <sys_created_by>akash.s</sys_created_by>
        <sys_created_on>2022-06-30 17:31:22</sys_created_on>
        <sys_domain>global</sys_domain>
        <sys_domain_path>/</sys_domain_path>
        <sys_id>13c2725b875c95103bdd4226dabb3583</sys_id>
        <sys_name>FD5fc2725bc45c9510ed0d6ec677791b82</sys_name>
        <sys_overrides/>
        <sys_package display_value="Smartsheet Spoke" source="sn_smrtsheet_spoke">f719677374021010fa9bb5ebcba7e550</sys_package>
        <sys_policy/>
        <sys_scope display_value="Smartsheet Spoke">f719677374021010fa9bb5ebcba7e550</sys_scope>
        <sys_update_name>sys_complex_object_13c2725b875c95103bdd4226dabb3583</sys_update_name>
        <type>complex_object_schema</type>
    </sys_complex_object>
</record_update>
