<?xml version="1.0" encoding="UTF-8"?><record_update sys_domain="global" table="sys_complex_object">
    <sys_complex_object action="INSERT_OR_UPDATE">
        <label/>
        <name>FD551fd07ee2cf01101f1047e2e5d06190</name>
        <namespace>FlowDesigner</namespace>
        <scope_name>f719677374021010fa9bb5ebcba7e550</scope_name>
        <serialized_content>{"FlowDesigner:FD551fd07ee2cf01101f1047e2e5d06190":{"$COCollectionField":["String"],"$COCollectionField.$field_facets":{"SimpleMapFacet":"{\"up-shift-collection-level\":\"true\"}"}},"FlowDesigner:FD551fd07ee2cf01101f1047e2e5d06190.$type_facets":{"SimpleMapFacet":"{\"sourceId\":\"\",\"default_value\":\"\",\"child_hint\":\"\",\"child_maxsize\":\"\",\"label\":\"Row Numbers\",\"mandatory\":\"false\",\"child_name\":\"rownumber\",\"uiUniqueId\":\"fdaf9fc9-5073-424a-8e8d-acb17b718e04\",\"uiTypeLabel\":\"Array.String\",\"co_type_name\":\"FD551fd07ee2cf01101f1047e2e5d06190\",\"child_label\":\"Row Number\",\"child_type_label\":\"String\",\"element_mapping_provider\":\"com.glide.flow_design.action.data.FlowDesignVariableMapper\",\"read_only\":\"false\",\"sourceUiUniqueId\":\"\",\"sourceType\":\"\",\"hint\":null,\"uiType\":\"array.string\",\"child_defaultValue\":\"\",\"child_type\":\"string\",\"order\":\"8\",\"max_length\":\"65000\",\"child_uiUniqueId\":\"8fecf689-5927-429a-9fb1-3964e8d7e34a\"}"}}</serialized_content>
        <sys_class_name>sys_complex_object</sys_class_name>
        <sys_created_by>akash.s</sys_created_by>
        <sys_created_on>2022-04-27 14:10:31</sys_created_on>
        <sys_domain>global</sys_domain>
        <sys_domain_path>/</sys_domain_path>
        <sys_id>151fd07e87cf01103bdd4226dabb35c2</sys_id>
        <sys_mod_count>0</sys_mod_count>
        <sys_name>FD551fd07ee2cf01101f1047e2e5d06190</sys_name>
        <sys_overrides/>
        <sys_package display_value="Smartsheet Spoke" source="sn_smrtsheet_spoke">f719677374021010fa9bb5ebcba7e550</sys_package>
        <sys_policy/>
        <sys_scope display_value="Smartsheet Spoke">f719677374021010fa9bb5ebcba7e550</sys_scope>
        <sys_update_name>sys_complex_object_151fd07e87cf01103bdd4226dabb35c2</sys_update_name>
        <sys_updated_by>akash.s</sys_updated_by>
        <sys_updated_on>2022-04-27 14:10:31</sys_updated_on>
        <type>complex_object_collection</type>
    </sys_complex_object>
</record_update>
