<?xml version="1.0" encoding="UTF-8"?><record_update sys_domain="global" table="sys_complex_object">
    <sys_complex_object action="INSERT_OR_UPDATE">
        <label/>
        <name>FD51e07aa9f022011096500e40c4784fbd</name>
        <namespace>FlowDesigner</namespace>
        <scope_name>f719677374021010fa9bb5ebcba7e550</scope_name>
        <serialized_content>{"FlowDesigner:FD51e07aa9f022011096500e40c4784fbd":{"$COCollectionField":[{"choices":{"include":"String","include.$field_facets":{"SimpleMapFacet":"{\"uiTypeLabel\":\"Choice\",\"read_only\":\"false\",\"hint\":\"\",\"uiType\":\"choice\",\"default_value\":\"\",\"label\":\"Include\",\"mandatory\":\"false\",\"order\":\"1\",\"max_length\":\"32\"}","SimpleChoiceFacet":"{\"complex_choice_map_key$\":{},\"choice_map_key$\":{\"Sheet Version\":\"{\\\"label\\\":\\\"Sheet Version\\\",\\\"value\\\":\\\"sheetVersion\\\",\\\"order\\\":1}\",\"Source\":\"{\\\"label\\\":\\\"Source\\\",\\\"value\\\":\\\"source\\\",\\\"order\\\":2}\"}}"}}}],"$COCollectionField.$type_facets":{"SimpleMapFacet":"{\"sourceId\":\"\",\"default_value\":\"\",\"child_hint\":\"\",\"child_maxsize\":\"\",\"label\":\"Includes\",\"mandatory\":\"false\",\"child_name\":\"choices\",\"uiUniqueId\":\"4990cd59-b6f6-4090-9c73-24357e869d69\",\"uiTypeLabel\":\"Array.Object\",\"co_type_name\":\"FD51e07aa9f022011096500e40c4784fbd\",\"child_label\":\"Choices\",\"child_type_label\":\"Object\",\"element_mapping_provider\":\"com.glide.flow_design.action.data.FlowDesignVariableMapper\",\"read_only\":\"false\",\"sourceUiUniqueId\":\"\",\"sourceType\":\"\",\"hint\":null,\"uiType\":\"array.object\",\"child_defaultValue\":\"\",\"child_type\":\"object\",\"order\":\"1\",\"max_length\":\"65000\",\"child_uiUniqueId\":\"1369c9c8-fa84-418f-81f7-d5523b0392cf\"}"},"$COCollectionField.$field_facets":{"SimpleMapFacet":"{\"up-shift-collection-level\":\"true\"}"}},"FlowDesigner:FD51e07aa9f022011096500e40c4784fbd.$type_facets":{"SimpleMapFacet":"{\"sourceId\":\"\",\"default_value\":\"\",\"child_hint\":\"\",\"child_maxsize\":\"\",\"label\":\"Includes\",\"mandatory\":\"false\",\"child_name\":\"choices\",\"uiUniqueId\":\"4990cd59-b6f6-4090-9c73-24357e869d69\",\"uiTypeLabel\":\"Array.Object\",\"co_type_name\":\"FD51e07aa9f022011096500e40c4784fbd\",\"child_label\":\"Choices\",\"child_type_label\":\"Object\",\"element_mapping_provider\":\"com.glide.flow_design.action.data.FlowDesignVariableMapper\",\"read_only\":\"false\",\"sourceUiUniqueId\":\"\",\"sourceType\":\"\",\"hint\":null,\"uiType\":\"array.object\",\"child_defaultValue\":\"\",\"child_type\":\"object\",\"order\":\"1\",\"max_length\":\"65000\",\"child_uiUniqueId\":\"1369c9c8-fa84-418f-81f7-d5523b0392cf\"}"}}</serialized_content>
        <sys_class_name>sys_complex_object</sys_class_name>
        <sys_created_by>akash</sys_created_by>
        <sys_created_on>2022-03-30 07:03:48</sys_created_on>
        <sys_domain>global</sys_domain>
        <sys_domain_path>/</sys_domain_path>
        <sys_id>15e07aa98722011072fbbaa8dabb35bd</sys_id>
        <sys_mod_count>0</sys_mod_count>
        <sys_name>FD51e07aa9f022011096500e40c4784fbd</sys_name>
        <sys_overrides/>
        <sys_package display_value="Smartsheet Spoke" source="sn_smrtsheet_spoke">f719677374021010fa9bb5ebcba7e550</sys_package>
        <sys_policy/>
        <sys_scope display_value="Smartsheet Spoke">f719677374021010fa9bb5ebcba7e550</sys_scope>
        <sys_update_name>sys_complex_object_15e07aa98722011072fbbaa8dabb35bd</sys_update_name>
        <sys_updated_by>akash</sys_updated_by>
        <sys_updated_on>2022-03-30 07:03:48</sys_updated_on>
        <type>complex_object_collection</type>
    </sys_complex_object>
</record_update>
