<?xml version="1.0" encoding="UTF-8"?><record_update sys_domain="global" table="sys_complex_object">
    <sys_complex_object action="INSERT_OR_UPDATE">
        <label/>
        <name>FD505f1db23f850dd07e12bd470c03c6eb</name>
        <namespace>FlowDesigner</namespace>
        <scope_name>f719677374021010fa9bb5ebcba7e550</scope_name>
        <serialized_content>{"FlowDesigner:FD505f1db23f850dd07e12bd470c03c6eb":{"lastLogin":"String","lastLogin.$field_facets":{"SimpleMapFacet":"{\"uiTypeLabel\":\"String\",\"read_only\":\"false\",\"hint\":\"\",\"uiType\":\"string\",\"default_value\":\"\",\"label\":\"Last Login\",\"mandatory\":\"false\",\"order\":\"13\",\"max_length\":\"0\",\"uiUniqueId\":\"b07f868c-000b-4dae-87f9-faf88564cf25\"}"},"lastName":"String","lastName.$field_facets":{"SimpleMapFacet":"{\"uiTypeLabel\":\"String\",\"read_only\":\"false\",\"hint\":\"\",\"uiType\":\"string\",\"default_value\":\"\",\"label\":\"Last Name\",\"mandatory\":\"false\",\"order\":\"3\",\"max_length\":\"0\",\"uiUniqueId\":\"713e32db-6dde-4fa4-8d8e-a8ba44b88016\"}"},"admin":"String","admin.$field_facets":{"SimpleMapFacet":"{\"uiTypeLabel\":\"String\",\"read_only\":\"false\",\"hint\":\"\",\"uiType\":\"string\",\"default_value\":\"\",\"label\":\"Admin\",\"mandatory\":\"false\",\"order\":\"8\",\"max_length\":\"0\",\"uiUniqueId\":\"5cd2977a-93c8-41a4-9665-ff40bc60f888\"}"},"timeZone":"String","timeZone.$field_facets":{"SimpleMapFacet":"{\"uiTypeLabel\":\"String\",\"read_only\":\"false\",\"hint\":\"\",\"uiType\":\"string\",\"default_value\":\"\",\"label\":\"Time Zone\",\"mandatory\":\"false\",\"order\":\"5\",\"max_length\":\"0\",\"uiUniqueId\":\"0ea27a87-1571-42de-aadc-abc037812571\"}"},"locale":"String","locale.$field_facets":{"SimpleMapFacet":"{\"uiTypeLabel\":\"String\",\"read_only\":\"false\",\"hint\":\"\",\"uiType\":\"string\",\"default_value\":\"\",\"label\":\"Locale\",\"mandatory\":\"false\",\"order\":\"4\",\"max_length\":\"0\",\"uiUniqueId\":\"226e35a6-6e43-436c-bc87-61222a0752be\"}"},"firstName":"String","firstName.$field_facets":{"SimpleMapFacet":"{\"uiTypeLabel\":\"String\",\"read_only\":\"false\",\"hint\":\"\",\"uiType\":\"string\",\"default_value\":\"\",\"label\":\"First Name\",\"mandatory\":\"false\",\"order\":\"2\",\"max_length\":\"0\",\"uiUniqueId\":\"9b6203e2-0e84-4893-891b-bf59ac97df98\"}"},"groupAdmin":"String","groupAdmin.$field_facets":{"SimpleMapFacet":"{\"uiTypeLabel\":\"String\",\"read_only\":\"false\",\"hint\":\"\",\"uiType\":\"string\",\"default_value\":\"\",\"label\":\"Group Admin\",\"mandatory\":\"false\",\"order\":\"10\",\"max_length\":\"0\",\"uiUniqueId\":\"0c5739b3-3d10-4505-a1b9-e89d233913ee\"}"},"resourceViewer":"String","resourceViewer.$field_facets":{"SimpleMapFacet":"{\"uiTypeLabel\":\"String\",\"read_only\":\"false\",\"hint\":\"\",\"uiType\":\"string\",\"default_value\":\"\",\"label\":\"Resource Viewer\",\"mandatory\":\"false\",\"order\":\"11\",\"max_length\":\"0\",\"uiUniqueId\":\"667419e5-f20c-4fd2-ab69-8305b439f293\"}"},"sheetCount":"Number","sheetCount.$field_facets":{"SimpleMapFacet":"{\"uiTypeLabel\":\"Number\",\"read_only\":\"false\",\"hint\":\"\",\"uiType\":\"number\",\"default_value\":\"\",\"label\":\"Sheet Count\",\"mandatory\":\"false\",\"order\":\"12\",\"max_length\":\"0\",\"uiUniqueId\":\"b1d0fd6a-0f01-401b-bbc3-c6cca784d34b\"}"},"account":{"name":"String","name.$field_facets":{"SimpleMapFacet":"{\"uiTypeLabel\":\"String\",\"read_only\":\"false\",\"hint\":\"\",\"uiType\":\"string\",\"default_value\":\"\",\"label\":\"Name\",\"mandatory\":\"false\",\"order\":\"1\",\"max_length\":\"0\",\"uiUniqueId\":\"e56ec793-1987-4a6f-bd27-024ae4856c0f\"}"},"id":"String","id.$field_facets":{"SimpleMapFacet":"{\"uiTypeLabel\":\"String\",\"read_only\":\"false\",\"hint\":\"\",\"uiType\":\"string\",\"default_value\":\"\",\"label\":\"ID\",\"mandatory\":\"false\",\"order\":\"2\",\"max_length\":\"0\",\"uiUniqueId\":\"391a2f1e-5719-4329-9c92-5c4bd3a88a3a\"}"}},"account.$field_facets":{"SimpleMapFacet":"{\"uiTypeLabel\":\"Object\",\"read_only\":\"false\",\"hint\":\"\",\"uiType\":\"object\",\"default_value\":\"\",\"label\":\"Account\",\"mandatory\":\"false\",\"order\":\"6\",\"max_length\":\"0\",\"uiUniqueId\":\"467a2fef-4549-4161-938a-8be6777a3e2d\"}"},"email":"String","email.$field_facets":{"SimpleMapFacet":"{\"uiTypeLabel\":\"String\",\"read_only\":\"false\",\"hint\":\"\",\"uiType\":\"string\",\"default_value\":\"\",\"label\":\"Email\",\"mandatory\":\"false\",\"order\":\"1\",\"max_length\":\"0\",\"uiUniqueId\":\"2428433a-6b95-439a-a687-f9a9a4893c1f\"}"},"licensedSheetCreator":"String","licensedSheetCreator.$field_facets":{"SimpleMapFacet":"{\"uiTypeLabel\":\"String\",\"read_only\":\"false\",\"hint\":\"\",\"uiType\":\"string\",\"default_value\":\"\",\"label\":\"Licensed Sheet Creator\",\"mandatory\":\"false\",\"order\":\"9\",\"max_length\":\"0\",\"uiUniqueId\":\"9470bc55-5646-4b51-a385-9ef9f98edfbd\"}"},"status":"String","status.$field_facets":{"SimpleMapFacet":"{\"uiTypeLabel\":\"String\",\"read_only\":\"false\",\"hint\":\"\",\"uiType\":\"string\",\"default_value\":\"\",\"label\":\"Status\",\"mandatory\":\"false\",\"order\":\"7\",\"max_length\":\"0\",\"uiUniqueId\":\"cc1d4bd1-29e7-4a8c-adeb-7d8b95944264\"}"}},"FlowDesigner:FD505f1db23f850dd07e12bd470c03c6eb.$type_facets":{"SimpleMapFacet":"{\"sourceId\":\"07bd4510-5d67-4110-bfde-b3d2527c74de\",\"default_value\":\"\",\"label\":\"User Details\",\"mandatory\":\"false\",\"uiUniqueId\":\"1323cde9-76f2-44d7-95ff-f4f1072e7211\",\"uiTypeLabel\":\"Object\",\"co_type_name\":\"FD505f1db23f850dd07e12bd470c03c6eb\",\"element_mapping_provider\":\"com.glide.flow_design.action.data.FlowDesignVariableMapper\",\"read_only\":\"false\",\"sourceType\":\"step\",\"sourceUiUniqueId\":\"dcb502c2-ae6d-4fba-b87b-dfd237d2adb2\",\"hint\":\"\",\"uiType\":\"object\",\"order\":\"3\",\"max_length\":\"65000\"}"}}</serialized_content>
        <sys_class_name>sys_complex_object</sys_class_name>
        <sys_created_by>akash.s</sys_created_by>
        <sys_created_on>2022-01-18 08:45:35</sys_created_on>
        <sys_domain>global</sys_domain>
        <sys_domain_path>/</sys_domain_path>
        <sys_id>145f1db247850dd0bd95a144846d43eb</sys_id>
        <sys_name>FD505f1db23f850dd07e12bd470c03c6eb</sys_name>
        <sys_overrides/>
        <sys_package display_value="Smartsheet Spoke" source="sn_smrtsheet_spoke">f719677374021010fa9bb5ebcba7e550</sys_package>
        <sys_policy/>
        <sys_scope display_value="Smartsheet Spoke">f719677374021010fa9bb5ebcba7e550</sys_scope>
        <sys_update_name>sys_complex_object_145f1db247850dd0bd95a144846d43eb</sys_update_name>
        <type>complex_object_schema</type>
    </sys_complex_object>
</record_update>
