<?xml version="1.0" encoding="UTF-8"?><record_update sys_domain="global" table="sys_complex_object">
    <sys_complex_object action="INSERT_OR_UPDATE">
        <label/>
        <name>FD8bd9e4d451a459107726e25e0eef5091</name>
        <namespace>FlowDesigner</namespace>
        <scope_name>f719677374021010fa9bb5ebcba7e550</scope_name>
        <serialized_content>{"FlowDesigner:FD8bd9e4d451a459107726e25e0eef5091":{"$COCollectionField":["String"],"$COCollectionField.$field_facets":{"SimpleMapFacet":"{\"up-shift-collection-level\":\"true\"}"}},"FlowDesigner:FD8bd9e4d451a459107726e25e0eef5091.$type_facets":{"SimpleMapFacet":"{\"sourceId\":\"\",\"default_value\":\"\",\"child_hint\":\"\",\"child_maxsize\":\"\",\"label\":\"Column IDs\",\"mandatory\":\"false\",\"child_name\":\"Ids\",\"uiUniqueId\":\"426406fc-3553-44d4-a0c6-8927613ad033\",\"uiTypeLabel\":\"Array.String\",\"co_type_name\":\"FD8bd9e4d451a459107726e25e0eef5091\",\"child_label\":\"ID\",\"child_type_label\":\"String\",\"element_mapping_provider\":\"com.glide.flow_design.action.data.FlowDesignVariableMapper\",\"read_only\":\"false\",\"sourceUiUniqueId\":\"\",\"sourceType\":\"\",\"hint\":null,\"uiType\":\"array.string\",\"child_defaultValue\":\"\",\"child_type\":\"string\",\"order\":\"9\",\"max_length\":\"65000\",\"child_uiUniqueId\":\"b381ee5e-a629-4bb8-999c-12c47b2a11af\"}"}}</serialized_content>
        <sys_class_name>sys_complex_object</sys_class_name>
        <sys_created_by>akash.s</sys_created_by>
        <sys_created_on>2022-07-03 10:06:59</sys_created_on>
        <sys_domain>global</sys_domain>
        <sys_domain_path>/</sys_domain_path>
        <sys_id>0bd968d487a459103bdd4226dabb35c1</sys_id>
        <sys_name>FD8bd9e4d451a459107726e25e0eef5091</sys_name>
        <sys_overrides/>
        <sys_package display_value="Smartsheet Spoke" source="sn_smrtsheet_spoke">f719677374021010fa9bb5ebcba7e550</sys_package>
        <sys_policy/>
        <sys_scope display_value="Smartsheet Spoke">f719677374021010fa9bb5ebcba7e550</sys_scope>
        <sys_update_name>sys_complex_object_0bd968d487a459103bdd4226dabb35c1</sys_update_name>
        <type>complex_object_collection</type>
    </sys_complex_object>
</record_update>
