<?xml version="1.0" encoding="UTF-8"?><record_update sys_domain="global" table="sys_app_module">
    <sys_app_module action="INSERT_OR_UPDATE">
        <active>true</active>
        <application display_value="Smartsheets">52de6507875e85104cbb42e5dabb35e3</application>
        <assessment/>
        <device_type/>
        <filter/>
        <hint/>
        <homepage/>
        <image/>
        <link_type>LIST</link_type>
        <map_page/>
        <mobile_title>Registry</mobile_title>
        <mobile_view_name>Mobile</mobile_view_name>
        <name>sn_smrtsheet_spoke_smartsheets_webhook_registry</name>
        <order>6</order>
        <override_menu_roles>false</override_menu_roles>
        <query/>
        <report/>
        <roles>sn_smrtsheet_spoke.smartsheet_admin</roles>
        <sys_class_name>sys_app_module</sys_class_name>
        <sys_created_by>akash.s</sys_created_by>
        <sys_created_on>2022-05-18 10:55:58</sys_created_on>
        <sys_domain>global</sys_domain>
        <sys_domain_path>/</sys_domain_path>
        <sys_id>8a9bf3d1876b41503bdd4226dabb3588</sys_id>
        <sys_mod_count>3</sys_mod_count>
        <sys_name>Webhook Registeries</sys_name>
        <sys_overrides/>
        <sys_package display_value="Smartsheet Spoke" source="sn_smrtsheet_spoke">f719677374021010fa9bb5ebcba7e550</sys_package>
        <sys_policy/>
        <sys_scope display_value="Smartsheet Spoke">f719677374021010fa9bb5ebcba7e550</sys_scope>
        <sys_update_name>sys_app_module_8a9bf3d1876b41503bdd4226dabb3588</sys_update_name>
        <sys_updated_by>akash.s</sys_updated_by>
        <sys_updated_on>2022-06-08 12:42:56</sys_updated_on>
        <timeline_page/>
        <title>Webhook Registeries</title>
        <uncancelable>false</uncancelable>
        <view_name/>
        <window_name/>
    </sys_app_module>
</record_update>
