<?xml version="1.0" encoding="UTF-8"?><record_update sys_domain="global" table="sys_complex_object">
    <sys_complex_object action="INSERT_OR_UPDATE">
        <label/>
        <name>FD44700ebfaa9f0d10baffc3d7f32c7b9b</name>
        <namespace>FlowDesigner</namespace>
        <scope_name>f719677374021010fa9bb5ebcba7e550</scope_name>
        <serialized_content>{"FlowDesigner:FD44700ebfaa9f0d10baffc3d7f32c7b9b":{"symbol":"String","symbol.$field_facets":{"SimpleMapFacet":"{\"uiTypeLabel\":\"String\",\"read_only\":\"false\",\"hint\":\"\",\"uiType\":\"string\",\"default_value\":\"\",\"label\":\"Symbol\",\"mandatory\":\"false\",\"order\":\"8\",\"max_length\":\"0\",\"uiUniqueId\":\"bb1b5e45-640e-4df7-a755-3f8a5462a08d\"}"},"format":"String","format.$field_facets":{"SimpleMapFacet":"{\"uiTypeLabel\":\"String\",\"read_only\":\"false\",\"hint\":\"\",\"uiType\":\"string\",\"default_value\":\"\",\"label\":\"Format\",\"mandatory\":\"false\",\"order\":\"13\",\"max_length\":\"0\",\"uiUniqueId\":\"b7e297cd-62e6-4bdf-a82f-4039a66fa366\"}"},"description":"String","description.$field_facets":{"SimpleMapFacet":"{\"uiTypeLabel\":\"String\",\"read_only\":\"false\",\"hint\":\"\",\"uiType\":\"string\",\"default_value\":\"\",\"label\":\"Description\",\"mandatory\":\"false\",\"order\":\"6\",\"max_length\":\"0\",\"uiUniqueId\":\"91abe294-d946-441c-a6f8-d7e9d3ee73df\"}"},"index":"String","index.$field_facets":{"SimpleMapFacet":"{\"uiTypeLabel\":\"String\",\"read_only\":\"false\",\"hint\":\"\",\"uiType\":\"string\",\"default_value\":\"\",\"label\":\"Index\",\"mandatory\":\"false\",\"order\":\"5\",\"max_length\":\"0\",\"uiUniqueId\":\"a1da9338-c959-442e-a2db-326eaadead06\"}"},"title":"String","title.$field_facets":{"SimpleMapFacet":"{\"uiTypeLabel\":\"String\",\"read_only\":\"false\",\"hint\":\"\",\"uiType\":\"string\",\"default_value\":\"\",\"label\":\"Title\",\"mandatory\":\"false\",\"order\":\"2\",\"max_length\":\"0\",\"uiUniqueId\":\"1a2fc8fd-0b16-4a25-918e-05f566c3c6c5\"}"},"type":"String","type.$field_facets":{"SimpleMapFacet":"{\"uiTypeLabel\":\"String\",\"read_only\":\"false\",\"hint\":\"\",\"uiType\":\"string\",\"default_value\":\"\",\"label\":\"Type\",\"mandatory\":\"false\",\"order\":\"3\",\"max_length\":\"0\",\"uiUniqueId\":\"b4ff816c-b231-4b5c-960b-b370547bd9e1\"}"},"options":["Any"],"options.$field_facets":{"SimpleMapFacet":"{\"default_value\":\"\",\"child_hint\":\"\",\"child_maxsize\":\"\",\"label\":\"Options\",\"mandatory\":\"false\",\"child_name\":\"option\",\"uiUniqueId\":\"621b9602-03f8-4fb6-b51f-df49244bfe30\",\"uiTypeLabel\":\"Array.String\",\"child_label\":\"Option\",\"child_type_label\":\"String\",\"read_only\":\"false\",\"hint\":\"\",\"uiType\":\"array.string\",\"child_defaultValue\":\"\",\"child_type\":\"string\",\"order\":\"12\",\"max_length\":\"0\",\"child_uiUniqueId\":\"5437dbfc-5dfe-4d83-ac87-d3de271bd972\"}"},"width":"String","width.$field_facets":{"SimpleMapFacet":"{\"uiTypeLabel\":\"String\",\"read_only\":\"false\",\"hint\":\"\",\"uiType\":\"string\",\"default_value\":\"\",\"label\":\"Width\",\"mandatory\":\"false\",\"order\":\"11\",\"max_length\":\"0\",\"uiUniqueId\":\"f1770902-c7d8-4f95-85c4-e124a8efaae9\"}"},"formula":"String","formula.$field_facets":{"SimpleMapFacet":"{\"uiTypeLabel\":\"String\",\"read_only\":\"false\",\"hint\":\"\",\"uiType\":\"string\",\"default_value\":\"\",\"label\":\"Formula\",\"mandatory\":\"false\",\"order\":\"4\",\"max_length\":\"0\",\"uiUniqueId\":\"700e41a8-bf1a-4f33-9b19-18e61237b118\"}"},"systemColumnType":"String","systemColumnType.$field_facets":{"SimpleMapFacet":"{\"uiTypeLabel\":\"String\",\"read_only\":\"false\",\"hint\":\"\",\"uiType\":\"string\",\"default_value\":\"\",\"label\":\"System Column Type\",\"mandatory\":\"false\",\"order\":\"9\",\"max_length\":\"0\",\"uiUniqueId\":\"e08f7ea9-c314-4dfd-90da-e5613173500a\"}"},"id":"Number","id.$field_facets":{"SimpleMapFacet":"{\"uiTypeLabel\":\"Number\",\"read_only\":\"false\",\"hint\":\"\",\"uiType\":\"number\",\"default_value\":\"\",\"label\":\"ID\",\"mandatory\":\"false\",\"order\":\"1\",\"max_length\":\"0\",\"uiUniqueId\":\"92908525-5d97-44e1-a96a-20edd1235c5f\"}"},"locked":"String","locked.$field_facets":{"SimpleMapFacet":"{\"uiTypeLabel\":\"String\",\"read_only\":\"false\",\"hint\":\"\",\"uiType\":\"string\",\"default_value\":\"\",\"label\":\"Locked\",\"mandatory\":\"false\",\"order\":\"7\",\"max_length\":\"0\",\"uiUniqueId\":\"31b59874-c41f-4846-9fb8-acc4a37e67d7\"}"},"validation":"String","validation.$field_facets":{"SimpleMapFacet":"{\"uiTypeLabel\":\"String\",\"read_only\":\"false\",\"hint\":\"\",\"uiType\":\"string\",\"default_value\":\"\",\"label\":\"Validation\",\"mandatory\":\"false\",\"order\":\"10\",\"max_length\":\"0\",\"uiUniqueId\":\"df096a8c-5521-4225-a9ff-da8c1d0eddb9\"}"}},"FlowDesigner:FD44700ebfaa9f0d10baffc3d7f32c7b9b.$type_facets":{"SimpleMapFacet":"{\"sourceId\":\"07bd4510-5d67-4110-bfde-b3d2527c74de\",\"default_value\":\"\",\"label\":\"Column Details\",\"mandatory\":\"false\",\"uiUniqueId\":\"17a753e8-2cb7-409e-8d11-6d87c37a98ad\",\"uiTypeLabel\":\"Object\",\"co_type_name\":\"FD44700ebfaa9f0d10baffc3d7f32c7b9b\",\"element_mapping_provider\":\"com.glide.flow_design.action.data.FlowDesignVariableMapper\",\"read_only\":\"false\",\"sourceType\":\"step\",\"sourceUiUniqueId\":\"d50b26f3-99bc-4750-9c4e-20cea55849dd\",\"hint\":null,\"uiType\":\"object\",\"order\":\"3\",\"max_length\":\"65000\"}"}}</serialized_content>
        <sys_class_name>sys_complex_object</sys_class_name>
        <sys_created_by>akash.s</sys_created_by>
        <sys_created_on>2022-05-13 10:05:30</sys_created_on>
        <sys_domain>global</sys_domain>
        <sys_domain_path>/</sys_domain_path>
        <sys_id>08700ebf879f0d103bdd4226dabb359b</sys_id>
        <sys_mod_count>0</sys_mod_count>
        <sys_name>FD44700ebfaa9f0d10baffc3d7f32c7b9b</sys_name>
        <sys_overrides/>
        <sys_package display_value="Smartsheet Spoke" source="sn_smrtsheet_spoke">f719677374021010fa9bb5ebcba7e550</sys_package>
        <sys_policy/>
        <sys_scope display_value="Smartsheet Spoke">f719677374021010fa9bb5ebcba7e550</sys_scope>
        <sys_update_name>sys_complex_object_08700ebf879f0d103bdd4226dabb359b</sys_update_name>
        <sys_updated_by>akash.s</sys_updated_by>
        <sys_updated_on>2022-05-13 10:05:30</sys_updated_on>
        <type>complex_object_schema</type>
    </sys_complex_object>
</record_update>
