<?xml version="1.0" encoding="UTF-8"?><record_update sys_domain="global" table="sys_complex_object">
    <sys_complex_object action="INSERT_OR_UPDATE">
        <label/>
        <name>FD4fd5dc6955cbc9502ba2b99161f0da12</name>
        <namespace>FlowDesigner</namespace>
        <scope_name>f719677374021010fa9bb5ebcba7e550</scope_name>
        <serialized_content>{"FlowDesigner:FD4fd5dc6955cbc9502ba2b99161f0da12":{"$COCollectionField":[{"choices":{"include":"String","include.$field_facets":{"SimpleMapFacet":"{\"uiTypeLabel\":\"Choice\",\"read_only\":\"false\",\"hint\":\"\",\"uiType\":\"choice\",\"default_value\":\"\",\"label\":\"Include\",\"mandatory\":\"false\",\"order\":\"1\",\"max_length\":\"32\"}","SimpleChoiceFacet":"{\"complex_choice_map_key$\":{},\"choice_map_key$\":{\"Object Value\":\"{\\\"label\\\":\\\"Object Value\\\",\\\"value\\\":\\\"objectValue\\\",\\\"order\\\":2}\",\"Column Type\":\"{\\\"label\\\":\\\"Column Type\\\",\\\"value\\\":\\\"columnType\\\",\\\"order\\\":1}\",\"None\":\"{\\\"label\\\":\\\"None\\\",\\\"value\\\":\\\"\\\",\\\"order\\\":3}\"}}"}}}],"$COCollectionField.$type_facets":{"SimpleMapFacet":"{\"sourceId\":\"\",\"default_value\":\"\",\"child_hint\":\"\",\"child_maxsize\":\"\",\"label\":\"Includes\",\"mandatory\":\"false\",\"child_name\":\"choices\",\"uiUniqueId\":\"078b79b0-17b6-4bd3-bb7d-fd8a3b4cec57\",\"uiTypeLabel\":\"Array.Object\",\"co_type_name\":\"FD4fd5dc6955cbc9502ba2b99161f0da12\",\"child_label\":\"Choices\",\"child_type_label\":\"Object\",\"element_mapping_provider\":\"com.glide.flow_design.action.data.FlowDesignVariableMapper\",\"read_only\":\"false\",\"sourceUiUniqueId\":\"\",\"sourceType\":\"\",\"hint\":null,\"uiType\":\"array.object\",\"child_defaultValue\":\"\",\"child_type\":\"object\",\"order\":\"4\",\"max_length\":\"65000\",\"child_uiUniqueId\":\"905c1a99-4d88-448f-9fb8-88cb82c57e3a\"}"},"$COCollectionField.$field_facets":{"SimpleMapFacet":"{\"up-shift-collection-level\":\"true\"}"}},"FlowDesigner:FD4fd5dc6955cbc9502ba2b99161f0da12.$type_facets":{"SimpleMapFacet":"{\"sourceId\":\"\",\"default_value\":\"\",\"child_hint\":\"\",\"child_maxsize\":\"\",\"label\":\"Includes\",\"mandatory\":\"false\",\"child_name\":\"choices\",\"uiUniqueId\":\"078b79b0-17b6-4bd3-bb7d-fd8a3b4cec57\",\"uiTypeLabel\":\"Array.Object\",\"co_type_name\":\"FD4fd5dc6955cbc9502ba2b99161f0da12\",\"child_label\":\"Choices\",\"child_type_label\":\"Object\",\"element_mapping_provider\":\"com.glide.flow_design.action.data.FlowDesignVariableMapper\",\"read_only\":\"false\",\"sourceUiUniqueId\":\"\",\"sourceType\":\"\",\"hint\":null,\"uiType\":\"array.object\",\"child_defaultValue\":\"\",\"child_type\":\"object\",\"order\":\"4\",\"max_length\":\"65000\",\"child_uiUniqueId\":\"905c1a99-4d88-448f-9fb8-88cb82c57e3a\"}"}}</serialized_content>
        <sys_class_name>sys_complex_object</sys_class_name>
        <sys_created_by>akash</sys_created_by>
        <sys_created_on>2022-04-23 16:17:50</sys_created_on>
        <sys_domain>global</sys_domain>
        <sys_domain_path>/</sys_domain_path>
        <sys_id>03d5dc6987cbc95044cc63173cbb3513</sys_id>
        <sys_mod_count>0</sys_mod_count>
        <sys_name>FD4fd5dc6955cbc9502ba2b99161f0da12</sys_name>
        <sys_overrides/>
        <sys_package display_value="Smartsheet Spoke" source="sn_smrtsheet_spoke">f719677374021010fa9bb5ebcba7e550</sys_package>
        <sys_policy/>
        <sys_scope display_value="Smartsheet Spoke">f719677374021010fa9bb5ebcba7e550</sys_scope>
        <sys_update_name>sys_complex_object_03d5dc6987cbc95044cc63173cbb3513</sys_update_name>
        <sys_updated_by>akash</sys_updated_by>
        <sys_updated_on>2022-04-23 16:17:50</sys_updated_on>
        <type>complex_object_collection</type>
    </sys_complex_object>
</record_update>
