<?xml version="1.0" encoding="UTF-8"?><record_update sys_domain="global" table="sys_complex_object">
    <sys_complex_object action="INSERT_OR_UPDATE">
        <label/>
        <name>FD4a38f968f789cd906d9fc22dd6f3949b</name>
        <namespace>FlowDesigner</namespace>
        <scope_name>f719677374021010fa9bb5ebcba7e550</scope_name>
        <serialized_content>{"FlowDesigner:FD4a38f968f789cd906d9fc22dd6f3949b":{"createdAt":"String","createdAt.$field_facets":{"SimpleMapFacet":"{\"uiTypeLabel\":\"String\",\"read_only\":\"false\",\"hint\":\"\",\"uiType\":\"string\",\"default_value\":\"\",\"label\":\"Created At\",\"mandatory\":\"false\",\"order\":\"8\",\"max_length\":\"0\"}"},"accessLevel":"String","accessLevel.$field_facets":{"SimpleMapFacet":"{\"uiTypeLabel\":\"String\",\"read_only\":\"false\",\"hint\":\"\",\"uiType\":\"string\",\"default_value\":\"\",\"label\":\"Access Level\",\"mandatory\":\"false\",\"order\":\"6\",\"max_length\":\"0\"}"},"modifiedAt":"String","modifiedAt.$field_facets":{"SimpleMapFacet":"{\"uiTypeLabel\":\"String\",\"read_only\":\"false\",\"hint\":\"\",\"uiType\":\"string\",\"default_value\":\"\",\"label\":\"Modified At\",\"mandatory\":\"false\",\"order\":\"9\",\"max_length\":\"0\"}"},"scope":"String","scope.$field_facets":{"SimpleMapFacet":"{\"uiTypeLabel\":\"String\",\"read_only\":\"false\",\"hint\":\"\",\"uiType\":\"string\",\"default_value\":\"\",\"label\":\"Scope\",\"mandatory\":\"false\",\"order\":\"7\",\"max_length\":\"0\"}"},"name":"String","name.$field_facets":{"SimpleMapFacet":"{\"uiTypeLabel\":\"String\",\"read_only\":\"false\",\"hint\":\"\",\"uiType\":\"string\",\"default_value\":\"\",\"label\":\"Name\",\"mandatory\":\"false\",\"order\":\"5\",\"max_length\":\"0\"}"},"id":"String","id.$field_facets":{"SimpleMapFacet":"{\"uiTypeLabel\":\"String\",\"read_only\":\"false\",\"hint\":\"\",\"uiType\":\"string\",\"default_value\":\"\",\"label\":\"Id\",\"mandatory\":\"false\",\"order\":\"1\",\"max_length\":\"0\"}"},"type":"String","type.$field_facets":{"SimpleMapFacet":"{\"uiTypeLabel\":\"String\",\"read_only\":\"false\",\"hint\":\"\",\"uiType\":\"string\",\"default_value\":\"\",\"label\":\"Type\",\"mandatory\":\"false\",\"order\":\"2\",\"max_length\":\"0\"}"},"userId":"Number","userId.$field_facets":{"SimpleMapFacet":"{\"uiTypeLabel\":\"Number\",\"read_only\":\"false\",\"hint\":\"\",\"uiType\":\"number\",\"default_value\":\"\",\"label\":\"User Id\",\"mandatory\":\"false\",\"order\":\"3\",\"max_length\":\"0\"}"},"email":"String","email.$field_facets":{"SimpleMapFacet":"{\"uiTypeLabel\":\"String\",\"read_only\":\"false\",\"hint\":\"\",\"uiType\":\"string\",\"default_value\":\"\",\"label\":\"Email\",\"mandatory\":\"false\",\"order\":\"4\",\"max_length\":\"0\"}"}},"FlowDesigner:FD4a38f968f789cd906d9fc22dd6f3949b.$type_facets":{"SimpleMapFacet":"{\"sourceId\":\"\",\"default_value\":\"\",\"label\":\"data\",\"mandatory\":\"false\",\"uiUniqueId\":\"8341c7ad-ad5d-45cf-9abd-e70152915e2f\",\"uiTypeLabel\":\"Object\",\"co_type_name\":\"FD4a38f968f789cd906d9fc22dd6f3949b\",\"element_mapping_provider\":\"com.glide.flow_design.action.data.FlowDesignVariableMapper\",\"read_only\":\"false\",\"sourceUiUniqueId\":\"\",\"sourceType\":\"\",\"hint\":null,\"uiType\":\"object\",\"order\":\"12\",\"max_length\":\"65000\"}"}}</serialized_content>
        <sys_class_name>sys_complex_object</sys_class_name>
        <sys_created_by>admin</sys_created_by>
        <sys_created_on>2022-01-11 10:48:03</sys_created_on>
        <sys_domain>global</sys_domain>
        <sys_domain_path>/</sys_domain_path>
        <sys_id>0e38f9684789cd90bd95a144846d439b</sys_id>
        <sys_mod_count>0</sys_mod_count>
        <sys_name>FD4a38f968f789cd906d9fc22dd6f3949b</sys_name>
        <sys_overrides/>
        <sys_package display_value="Smartsheet Spoke" source="sn_smrtsheet_spoke">f719677374021010fa9bb5ebcba7e550</sys_package>
        <sys_policy/>
        <sys_scope display_value="Smartsheet Spoke">f719677374021010fa9bb5ebcba7e550</sys_scope>
        <sys_update_name>sys_complex_object_0e38f9684789cd90bd95a144846d439b</sys_update_name>
        <sys_updated_by>admin</sys_updated_by>
        <sys_updated_on>2022-01-11 10:48:03</sys_updated_on>
        <type>complex_object_schema</type>
    </sys_complex_object>
</record_update>
