<?xml version="1.0" encoding="UTF-8"?><record_update sys_domain="global" table="sys_complex_object">
    <sys_complex_object action="INSERT_OR_UPDATE">
        <label/>
        <name>FD48dd6f0bb9c98dd0b1513cc6c2ec4a1e</name>
        <namespace>FlowDesigner</namespace>
        <scope_name>f719677374021010fa9bb5ebcba7e550</scope_name>
        <serialized_content>{"FlowDesigner:FD48dd6f0bb9c98dd0b1513cc6c2ec4a1e":{"accessLevel":"String","accessLevel.$field_facets":{"SimpleMapFacet":"{\"uiTypeLabel\":\"String\",\"read_only\":\"false\",\"hint\":null,\"uiType\":\"string\",\"default_value\":null,\"label\":\"Access Level\",\"mandatory\":\"false\",\"order\":\"3\",\"max_length\":\"0\",\"uiUniqueId\":\"321030f6-a631-4a48-844e-767da69798ef\"}"},"columns":[{"$13321_columns":{"width":"Number","width.$field_facets":{"SimpleMapFacet":"{\"uiTypeLabel\":\"Number\",\"read_only\":\"false\",\"hint\":null,\"uiType\":\"number\",\"default_value\":\"\",\"label\":\"Width\",\"mandatory\":\"false\",\"order\":\"7\",\"max_length\":\"0\",\"uiUniqueId\":\"338cac5b-c131-4562-a476-d943d36c55c4\"}"},"index":"Number","index.$field_facets":{"SimpleMapFacet":"{\"uiTypeLabel\":\"Number\",\"read_only\":\"false\",\"hint\":null,\"uiType\":\"number\",\"default_value\":\"\",\"label\":\"Index\",\"mandatory\":\"false\",\"order\":\"2\",\"max_length\":\"0\",\"uiUniqueId\":\"d0187d45-a168-421a-b2d6-83309fc7f39d\"}"},"id":"Number","id.$field_facets":{"SimpleMapFacet":"{\"uiTypeLabel\":\"Number\",\"read_only\":\"false\",\"hint\":null,\"uiType\":\"number\",\"default_value\":\"\",\"label\":\"Id\",\"mandatory\":\"false\",\"order\":\"1\",\"max_length\":\"0\",\"uiUniqueId\":\"c0f07039-319e-4ada-9b15-0871a84462a2\"}"},"title":"String","title.$field_facets":{"SimpleMapFacet":"{\"uiTypeLabel\":\"String\",\"read_only\":\"false\",\"hint\":null,\"uiType\":\"string\",\"default_value\":null,\"label\":\"Title\",\"mandatory\":\"false\",\"order\":\"3\",\"max_length\":\"0\",\"uiUniqueId\":\"45b3a7ea-8366-49b2-8be5-2d0ce0151183\"}"},"type":"String","type.$field_facets":{"SimpleMapFacet":"{\"uiTypeLabel\":\"String\",\"read_only\":\"false\",\"hint\":null,\"uiType\":\"string\",\"default_value\":null,\"label\":\"Type\",\"mandatory\":\"false\",\"order\":\"4\",\"max_length\":\"0\",\"uiUniqueId\":\"8c8eb257-7c94-4052-9e84-7f9bfb23a237\"}"},"validation":"String","validation.$field_facets":{"SimpleMapFacet":"{\"uiTypeLabel\":\"String\",\"read_only\":\"false\",\"hint\":null,\"uiType\":\"string\",\"default_value\":null,\"label\":\"Validation\",\"mandatory\":\"false\",\"order\":\"6\",\"max_length\":\"0\",\"uiUniqueId\":\"b7038529-ae94-4773-b7d2-c27b8f95bbeb\"}"},"primary":"String","primary.$field_facets":{"SimpleMapFacet":"{\"uiTypeLabel\":\"String\",\"read_only\":\"false\",\"hint\":null,\"uiType\":\"string\",\"default_value\":null,\"label\":\"Primary\",\"mandatory\":\"false\",\"order\":\"5\",\"max_length\":\"0\",\"uiUniqueId\":\"6e737484-4214-482d-ab2c-06137be5978f\"}"}}}],"columns.$field_facets":{"SimpleMapFacet":"{\"default_value\":\"\",\"child_hint\":\"\",\"child_maxsize\":\"\",\"label\":\"Columns\",\"mandatory\":\"false\",\"child_name\":\"column\",\"uiUniqueId\":\"c69317df-fe62-4cca-8140-2d2971df31af\",\"uiTypeLabel\":\"Array.Object\",\"child_label\":\"Column\",\"child_type_label\":\"Object\",\"read_only\":\"false\",\"hint\":null,\"uiType\":\"array.object\",\"child_type\":\"object\",\"order\":\"5\",\"max_length\":\"0\",\"child_uiUniqueId\":\"e897e5c1-b1ee-4c25-b513-ef4e63047c95\"}"},"name":"String","name.$field_facets":{"SimpleMapFacet":"{\"uiTypeLabel\":\"String\",\"read_only\":\"false\",\"hint\":null,\"uiType\":\"string\",\"default_value\":null,\"label\":\"Name\",\"mandatory\":\"false\",\"order\":\"2\",\"max_length\":\"0\",\"uiUniqueId\":\"36b90a9c-2968-4d43-a7cf-c07d41910eb6\"}"},"id":"String","id.$field_facets":{"SimpleMapFacet":"{\"uiTypeLabel\":\"String\",\"read_only\":\"false\",\"hint\":null,\"uiType\":\"string\",\"default_value\":null,\"label\":\"Id\",\"mandatory\":\"false\",\"order\":\"1\",\"max_length\":\"0\",\"uiUniqueId\":\"25774dc7-6697-4b55-aa4c-ed2c95ef9c72\"}"},"permalink":"String","permalink.$field_facets":{"SimpleMapFacet":"{\"uiTypeLabel\":\"String\",\"read_only\":\"false\",\"hint\":null,\"uiType\":\"string\",\"default_value\":null,\"label\":\"Permalink\",\"mandatory\":\"false\",\"order\":\"4\",\"max_length\":\"0\",\"uiUniqueId\":\"86d0dc03-edea-437b-b247-2087dc6014ba\"}"}},"FlowDesigner:FD48dd6f0bb9c98dd0b1513cc6c2ec4a1e.$type_facets":{"SimpleMapFacet":"{\"sourceId\":\"\",\"default_value\":\"\",\"label\":\"Sheet Details\",\"mandatory\":\"false\",\"uiUniqueId\":\"c356de94-4cbd-4291-994d-1318f51f3e3a\",\"uiTypeLabel\":\"Object\",\"co_type_name\":\"FD48dd6f0bb9c98dd0b1513cc6c2ec4a1e\",\"read_only\":\"false\",\"sourceUiUniqueId\":\"\",\"sourceType\":\"\",\"hint\":null,\"uiType\":\"object\",\"order\":\"4\",\"max_length\":\"0\"}"}}</serialized_content>
        <sys_class_name>sys_complex_object</sys_class_name>
        <sys_created_by>akash.s</sys_created_by>
        <sys_created_on>2022-01-19 13:46:39</sys_created_on>
        <sys_domain>global</sys_domain>
        <sys_domain_path>/</sys_domain_path>
        <sys_id>0cdd6f0b47c98dd0bd95a144846d431e</sys_id>
        <sys_mod_count>0</sys_mod_count>
        <sys_name>FD48dd6f0bb9c98dd0b1513cc6c2ec4a1e</sys_name>
        <sys_overrides/>
        <sys_package display_value="Smartsheet Spoke" source="sn_smrtsheet_spoke">f719677374021010fa9bb5ebcba7e550</sys_package>
        <sys_policy/>
        <sys_scope display_value="Smartsheet Spoke">f719677374021010fa9bb5ebcba7e550</sys_scope>
        <sys_update_name>sys_complex_object_0cdd6f0b47c98dd0bd95a144846d431e</sys_update_name>
        <sys_updated_by>akash.s</sys_updated_by>
        <sys_updated_on>2022-01-19 13:46:39</sys_updated_on>
        <type>complex_object_schema</type>
    </sys_complex_object>
</record_update>
