<?xml version="1.0" encoding="UTF-8"?><record_update sys_domain="global" table="sys_complex_object">
    <sys_complex_object action="INSERT_OR_UPDATE">
        <label/>
        <name>FD40a4f42b5bdfc9100b380e9e4b29c3dc</name>
        <namespace>FlowDesigner</namespace>
        <scope_name>f719677374021010fa9bb5ebcba7e550</scope_name>
        <serialized_content>{"FlowDesigner:FD40a4f42b5bdfc9100b380e9e4b29c3dc":{"name":"String","name.$field_facets":{"SimpleMapFacet":"{\"uiTypeLabel\":\"String\",\"read_only\":\"false\",\"hint\":\"\",\"uiType\":\"string\",\"default_value\":\"\",\"label\":\"Name\",\"mandatory\":\"false\",\"order\":\"2\",\"max_length\":\"0\"}"},"id":"Number","id.$field_facets":{"SimpleMapFacet":"{\"uiTypeLabel\":\"Number\",\"read_only\":\"false\",\"hint\":\"\",\"uiType\":\"number\",\"default_value\":\"\",\"label\":\"ID\",\"mandatory\":\"false\",\"order\":\"1\",\"max_length\":\"0\"}"},"permalink":"String","permalink.$field_facets":{"SimpleMapFacet":"{\"uiTypeLabel\":\"String\",\"read_only\":\"false\",\"hint\":\"\",\"uiType\":\"string\",\"default_value\":\"\",\"label\":\"Permalink\",\"mandatory\":\"false\",\"order\":\"3\",\"max_length\":\"0\"}"}},"FlowDesigner:FD40a4f42b5bdfc9100b380e9e4b29c3dc.$type_facets":{"SimpleMapFacet":"{\"sourceId\":\"\",\"default_value\":\"\",\"label\":\"Data\",\"mandatory\":\"false\",\"uiUniqueId\":\"e9694f8d-0f0f-462f-bfd9-77e0fc5a7cbc\",\"uiTypeLabel\":\"Object\",\"co_type_name\":\"FD40a4f42b5bdfc9100b380e9e4b29c3dc\",\"element_mapping_provider\":\"com.glide.flow_design.action.data.FlowDesignVariableMapper\",\"read_only\":\"false\",\"sourceUiUniqueId\":\"\",\"sourceType\":\"\",\"hint\":null,\"uiType\":\"object\",\"order\":\"12\",\"max_length\":\"65000\"}"}}</serialized_content>
        <sys_class_name>sys_complex_object</sys_class_name>
        <sys_created_by>akash.s</sys_created_by>
        <sys_created_on>2022-05-12 09:55:47</sys_created_on>
        <sys_domain>global</sys_domain>
        <sys_domain_path>/</sys_domain_path>
        <sys_id>04a4f42b87dfc9103bdd4226dabb35dc</sys_id>
        <sys_mod_count>0</sys_mod_count>
        <sys_name>FD40a4f42b5bdfc9100b380e9e4b29c3dc</sys_name>
        <sys_overrides/>
        <sys_package display_value="Smartsheet Spoke" source="sn_smrtsheet_spoke">f719677374021010fa9bb5ebcba7e550</sys_package>
        <sys_policy/>
        <sys_scope display_value="Smartsheet Spoke">f719677374021010fa9bb5ebcba7e550</sys_scope>
        <sys_update_name>sys_complex_object_04a4f42b87dfc9103bdd4226dabb35dc</sys_update_name>
        <sys_updated_by>akash.s</sys_updated_by>
        <sys_updated_on>2022-05-12 09:55:47</sys_updated_on>
        <type>complex_object_schema</type>
    </sys_complex_object>
</record_update>
